timestamp,vehicle_id,date,field,issue_code,action,original_value,new_value,reason
2026-08-26T21:11:07,VH-029,2024-05-03,(record),DUPLICATE_RECORD,DROP_ROW,DUPLICATE,REMOVED,"Duplicate (vehicle_id, date) pair — keeping first occurrence."
2026-08-26T21:11:07,VH-009,2024-02-07,(record),DUPLICATE_RECORD,DROP_ROW,DUPLICATE,REMOVED,"Duplicate (vehicle_id, date) pair — keeping first occurrence."
2026-08-26T21:11:07,VH-010,2024-07-24,(record),DUPLICATE_RECORD,DROP_ROW,DUPLICATE,REMOVED,"Duplicate (vehicle_id, date) pair — keeping first occurrence."
2026-08-26T21:11:07,VH-017,2024-03-12,(record),DUPLICATE_RECORD,DROP_ROW,DUPLICATE,REMOVED,"Duplicate (vehicle_id, date) pair — keeping first occurrence."
2026-08-26T21:11:07,VH-035,2024-10-06,(record),DUPLICATE_RECORD,DROP_ROW,DUPLICATE,REMOVED,"Duplicate (vehicle_id, date) pair — keeping first occurrence."
2026-08-26T21:11:07,VH-013,2024-04-27,(record),DUPLICATE_RECORD,DROP_ROW,DUPLICATE,REMOVED,"Duplicate (vehicle_id, date) pair — keeping first occurrence."
2026-08-26T21:11:07,VH-014,2024-04-14,(record),DUPLICATE_RECORD,DROP_ROW,DUPLICATE,REMOVED,"Duplicate (vehicle_id, date) pair — keeping first occurrence."
2026-08-26T21:11:07,VH-005,2024-01-21,(record),DUPLICATE_RECORD,DROP_ROW,DUPLICATE,REMOVED,"Duplicate (vehicle_id, date) pair — keeping first occurrence."
2026-08-26T21:11:07,VH-004,2024-03-08,(record),DUPLICATE_RECORD,DROP_ROW,DUPLICATE,REMOVED,"Duplicate (vehicle_id, date) pair — keeping first occurrence."
2026-08-26T21:11:07,VH-005,2024-02-28,(record),DUPLICATE_RECORD,DROP_ROW,DUPLICATE,REMOVED,"Duplicate (vehicle_id, date) pair — keeping first occurrence."
2026-08-26T21:11:07,VH-011,2024-08-06,(record),DUPLICATE_RECORD,DROP_ROW,DUPLICATE,REMOVED,"Duplicate (vehicle_id, date) pair — keeping first occurrence."
2026-08-26T21:11:07,VH-038,2024-06-23,(record),DUPLICATE_RECORD,DROP_ROW,DUPLICATE,REMOVED,"Duplicate (vehicle_id, date) pair — keeping first occurrence."
2026-08-26T21:11:07,VH-005,2024-05-31,(record),DUPLICATE_RECORD,DROP_ROW,DUPLICATE,REMOVED,"Duplicate (vehicle_id, date) pair — keeping first occurrence."
2026-08-26T21:11:07,VH-002,2024-11-21,(record),DUPLICATE_RECORD,DROP_ROW,DUPLICATE,REMOVED,"Duplicate (vehicle_id, date) pair — keeping first occurrence."
2026-08-26T21:11:07,VH-020,2024-09-10,(record),DUPLICATE_RECORD,DROP_ROW,DUPLICATE,REMOVED,"Duplicate (vehicle_id, date) pair — keeping first occurrence."
2026-08-26T21:11:07,VH-020,2024-07-26,(record),DUPLICATE_RECORD,DROP_ROW,DUPLICATE,REMOVED,"Duplicate (vehicle_id, date) pair — keeping first occurrence."
2026-08-26T21:11:07,VH-011,2024-01-07,(record),DUPLICATE_RECORD,DROP_ROW,DUPLICATE,REMOVED,"Duplicate (vehicle_id, date) pair — keeping first occurrence."
2026-08-26T21:11:07,VH-029,2024-12-20,(record),DUPLICATE_RECORD,DROP_ROW,DUPLICATE,REMOVED,"Duplicate (vehicle_id, date) pair — keeping first occurrence."
2026-08-26T21:11:07,VH-026,2024-02-02,(record),DUPLICATE_RECORD,DROP_ROW,DUPLICATE,REMOVED,"Duplicate (vehicle_id, date) pair — keeping first occurrence."
2026-08-26T21:11:07,VH-016,2024-01-13,(record),DUPLICATE_RECORD,DROP_ROW,DUPLICATE,REMOVED,"Duplicate (vehicle_id, date) pair — keeping first occurrence."
2026-08-26T21:11:07,VH-019,2024-05-17,(record),DUPLICATE_RECORD,DROP_ROW,DUPLICATE,REMOVED,"Duplicate (vehicle_id, date) pair — keeping first occurrence."
2026-08-26T21:11:07,VH-028,2024-11-14,(record),DUPLICATE_RECORD,DROP_ROW,DUPLICATE,REMOVED,"Duplicate (vehicle_id, date) pair — keeping first occurrence."
2026-08-26T21:11:07,VH-029,2024-10-31,(record),DUPLICATE_RECORD,DROP_ROW,DUPLICATE,REMOVED,"Duplicate (vehicle_id, date) pair — keeping first occurrence."
2026-08-26T21:11:07,VH-027,2024-02-29,(record),DUPLICATE_RECORD,DROP_ROW,DUPLICATE,REMOVED,"Duplicate (vehicle_id, date) pair — keeping first occurrence."
2026-08-26T21:11:07,VH-013,2024-11-07,(record),DUPLICATE_RECORD,DROP_ROW,DUPLICATE,REMOVED,"Duplicate (vehicle_id, date) pair — keeping first occurrence."
2026-08-26T21:11:07,VH-032,2024-10-21,(record),DUPLICATE_RECORD,DROP_ROW,DUPLICATE,REMOVED,"Duplicate (vehicle_id, date) pair — keeping first occurrence."
2026-08-26T21:11:07,VH-028,2024-07-22,(record),DUPLICATE_RECORD,DROP_ROW,DUPLICATE,REMOVED,"Duplicate (vehicle_id, date) pair — keeping first occurrence."
2026-08-26T21:11:07,VH-039,2024-11-08,(record),DUPLICATE_RECORD,DROP_ROW,DUPLICATE,REMOVED,"Duplicate (vehicle_id, date) pair — keeping first occurrence."
2026-08-26T21:11:07,VH-020,2024-01-10,(record),DUPLICATE_RECORD,DROP_ROW,DUPLICATE,REMOVED,"Duplicate (vehicle_id, date) pair — keeping first occurrence."
2026-08-26T21:11:07,VH-009,2024-03-16,(record),DUPLICATE_RECORD,DROP_ROW,DUPLICATE,REMOVED,"Duplicate (vehicle_id, date) pair — keeping first occurrence."
2026-08-26T21:11:07,VH-028,2024-03-28,(record),DUPLICATE_RECORD,DROP_ROW,DUPLICATE,REMOVED,"Duplicate (vehicle_id, date) pair — keeping first occurrence."
2026-08-26T21:11:07,VH-019,2024-01-18,(record),DUPLICATE_RECORD,DROP_ROW,DUPLICATE,REMOVED,"Duplicate (vehicle_id, date) pair — keeping first occurrence."
2026-08-26T21:11:07,VH-006,2024-01-25,(record),DUPLICATE_RECORD,DROP_ROW,DUPLICATE,REMOVED,"Duplicate (vehicle_id, date) pair — keeping first occurrence."
2026-08-26T21:11:07,VH-004,2024-04-18,(record),DUPLICATE_RECORD,DROP_ROW,DUPLICATE,REMOVED,"Duplicate (vehicle_id, date) pair — keeping first occurrence."
2026-08-26T21:11:07,VH-027,2024-11-29,(record),DUPLICATE_RECORD,DROP_ROW,DUPLICATE,REMOVED,"Duplicate (vehicle_id, date) pair — keeping first occurrence."
2026-08-26T21:11:07,VH-037,2024-01-28,(record),DUPLICATE_RECORD,DROP_ROW,DUPLICATE,REMOVED,"Duplicate (vehicle_id, date) pair — keeping first occurrence."
2026-08-26T21:11:07,VH-008,2024-07-26,(record),DUPLICATE_RECORD,DROP_ROW,DUPLICATE,REMOVED,"Duplicate (vehicle_id, date) pair — keeping first occurrence."
2026-08-26T21:11:07,VH-033,2024-05-05,(record),DUPLICATE_RECORD,DROP_ROW,DUPLICATE,REMOVED,"Duplicate (vehicle_id, date) pair — keeping first occurrence."
2026-08-26T21:11:07,VH-024,2024-10-30,(record),DUPLICATE_RECORD,DROP_ROW,DUPLICATE,REMOVED,"Duplicate (vehicle_id, date) pair — keeping first occurrence."
2026-08-26T21:11:07,VH-009,2024-12-06,(record),DUPLICATE_RECORD,DROP_ROW,DUPLICATE,REMOVED,"Duplicate (vehicle_id, date) pair — keeping first occurrence."
2026-08-26T21:11:07,VH-015,2024-07-22,(record),DUPLICATE_RECORD,DROP_ROW,DUPLICATE,REMOVED,"Duplicate (vehicle_id, date) pair — keeping first occurrence."
2026-08-26T21:11:07,VH-011,2024-06-23,(record),DUPLICATE_RECORD,DROP_ROW,DUPLICATE,REMOVED,"Duplicate (vehicle_id, date) pair — keeping first occurrence."
2026-08-26T21:11:07,VH-008,2024-09-17,(record),DUPLICATE_RECORD,DROP_ROW,DUPLICATE,REMOVED,"Duplicate (vehicle_id, date) pair — keeping first occurrence."
2026-08-26T21:11:07,VH-040,2024-05-30,(record),DUPLICATE_RECORD,DROP_ROW,DUPLICATE,REMOVED,"Duplicate (vehicle_id, date) pair — keeping first occurrence."
2026-08-26T21:11:07,VH-011,2024-12-29,(record),DUPLICATE_RECORD,DROP_ROW,DUPLICATE,REMOVED,"Duplicate (vehicle_id, date) pair — keeping first occurrence."
2026-08-26T21:11:07,VH-029,2024-09-27,(record),DUPLICATE_RECORD,DROP_ROW,DUPLICATE,REMOVED,"Duplicate (vehicle_id, date) pair — keeping first occurrence."
2026-08-26T21:11:07,VH-008,2024-05-02,(record),DUPLICATE_RECORD,DROP_ROW,DUPLICATE,REMOVED,"Duplicate (vehicle_id, date) pair — keeping first occurrence."
2026-08-26T21:11:07,VH-034,2024-06-14,(record),DUPLICATE_RECORD,DROP_ROW,DUPLICATE,REMOVED,"Duplicate (vehicle_id, date) pair — keeping first occurrence."
2026-08-26T21:11:07,VH-028,2024-05-12,(record),DUPLICATE_RECORD,DROP_ROW,DUPLICATE,REMOVED,"Duplicate (vehicle_id, date) pair — keeping first occurrence."
2026-08-26T21:11:07,VH-027,2024-05-25,(record),DUPLICATE_RECORD,DROP_ROW,DUPLICATE,REMOVED,"Duplicate (vehicle_id, date) pair — keeping first occurrence."
2026-08-26T21:11:07,VH-029,2024-12-26,(record),DUPLICATE_RECORD,DROP_ROW,DUPLICATE,REMOVED,"Duplicate (vehicle_id, date) pair — keeping first occurrence."
2026-08-26T21:11:07,VH-029,2024-03-31,(record),DUPLICATE_RECORD,DROP_ROW,DUPLICATE,REMOVED,"Duplicate (vehicle_id, date) pair — keeping first occurrence."
2026-08-26T21:11:07,VH-004,2024-10-04,(record),DUPLICATE_RECORD,DROP_ROW,DUPLICATE,REMOVED,"Duplicate (vehicle_id, date) pair — keeping first occurrence."
2026-08-26T21:11:07,VH-036,2024-10-10,(record),DUPLICATE_RECORD,DROP_ROW,DUPLICATE,REMOVED,"Duplicate (vehicle_id, date) pair — keeping first occurrence."
2026-08-26T21:11:07,VH-031,2024-07-31,(record),DUPLICATE_RECORD,DROP_ROW,DUPLICATE,REMOVED,"Duplicate (vehicle_id, date) pair — keeping first occurrence."
2026-08-26T21:11:07,VH-040,2024-07-17,(record),DUPLICATE_RECORD,DROP_ROW,DUPLICATE,REMOVED,"Duplicate (vehicle_id, date) pair — keeping first occurrence."
2026-08-26T21:11:07,VH-034,2024-11-08,(record),DUPLICATE_RECORD,DROP_ROW,DUPLICATE,REMOVED,"Duplicate (vehicle_id, date) pair — keeping first occurrence."
2026-08-26T21:11:07,VH-036,2024-08-24,(record),DUPLICATE_RECORD,DROP_ROW,DUPLICATE,REMOVED,"Duplicate (vehicle_id, date) pair — keeping first occurrence."
2026-08-26T21:11:07,VH-039,2024-01-29,(record),DUPLICATE_RECORD,DROP_ROW,DUPLICATE,REMOVED,"Duplicate (vehicle_id, date) pair — keeping first occurrence."
2026-08-26T21:11:07,VH-021,2024-08-07,(record),DUPLICATE_RECORD,DROP_ROW,DUPLICATE,REMOVED,"Duplicate (vehicle_id, date) pair — keeping first occurrence."
2026-08-26T21:11:07,VH-038,2024-11-24,(record),DUPLICATE_RECORD,DROP_ROW,DUPLICATE,REMOVED,"Duplicate (vehicle_id, date) pair — keeping first occurrence."
2026-08-26T21:11:07,VH-016,2024-12-21,(record),DUPLICATE_RECORD,DROP_ROW,DUPLICATE,REMOVED,"Duplicate (vehicle_id, date) pair — keeping first occurrence."
2026-08-26T21:11:07,VH-028,2024-09-16,(record),DUPLICATE_RECORD,DROP_ROW,DUPLICATE,REMOVED,"Duplicate (vehicle_id, date) pair — keeping first occurrence."
2026-08-26T21:11:07,VH-019,2024-01-01,(record),DUPLICATE_RECORD,DROP_ROW,DUPLICATE,REMOVED,"Duplicate (vehicle_id, date) pair — keeping first occurrence."
2026-08-26T21:11:07,VH-008,2024-09-09,(record),DUPLICATE_RECORD,DROP_ROW,DUPLICATE,REMOVED,"Duplicate (vehicle_id, date) pair — keeping first occurrence."
2026-08-26T21:11:07,VH-011,2024-11-24,(record),DUPLICATE_RECORD,DROP_ROW,DUPLICATE,REMOVED,"Duplicate (vehicle_id, date) pair — keeping first occurrence."
2026-08-26T21:11:07,VH-013,2024-11-27,(record),DUPLICATE_RECORD,DROP_ROW,DUPLICATE,REMOVED,"Duplicate (vehicle_id, date) pair — keeping first occurrence."
2026-08-26T21:11:07,VH-035,2024-08-21,(record),DUPLICATE_RECORD,DROP_ROW,DUPLICATE,REMOVED,"Duplicate (vehicle_id, date) pair — keeping first occurrence."
2026-08-26T21:11:07,VH-017,2024-08-31,(record),DUPLICATE_RECORD,DROP_ROW,DUPLICATE,REMOVED,"Duplicate (vehicle_id, date) pair — keeping first occurrence."
2026-08-26T21:11:07,VH-032,2024-09-18,(record),DUPLICATE_RECORD,DROP_ROW,DUPLICATE,REMOVED,"Duplicate (vehicle_id, date) pair — keeping first occurrence."
2026-08-26T21:11:07,VH-011,2024-08-23,(record),DUPLICATE_RECORD,DROP_ROW,DUPLICATE,REMOVED,"Duplicate (vehicle_id, date) pair — keeping first occurrence."
2026-08-26T21:11:07,VH-027,2024-04-18,(record),DUPLICATE_RECORD,DROP_ROW,DUPLICATE,REMOVED,"Duplicate (vehicle_id, date) pair — keeping first occurrence."
2026-08-26T21:11:07,VH-022,2024-01-15,(record),DUPLICATE_RECORD,DROP_ROW,DUPLICATE,REMOVED,"Duplicate (vehicle_id, date) pair — keeping first occurrence."
2026-08-26T21:11:07,VH-029,2024-07-23,(record),DUPLICATE_RECORD,DROP_ROW,DUPLICATE,REMOVED,"Duplicate (vehicle_id, date) pair — keeping first occurrence."
2026-08-26T21:11:07,VH-036,2024-04-14,(record),DUPLICATE_RECORD,DROP_ROW,DUPLICATE,REMOVED,"Duplicate (vehicle_id, date) pair — keeping first occurrence."
2026-08-26T21:11:07,VH-012,2024-11-23,(record),DUPLICATE_RECORD,DROP_ROW,DUPLICATE,REMOVED,"Duplicate (vehicle_id, date) pair — keeping first occurrence."
2026-08-26T21:11:07,VH-024,2024-02-26,(record),DUPLICATE_RECORD,DROP_ROW,DUPLICATE,REMOVED,"Duplicate (vehicle_id, date) pair — keeping first occurrence."
2026-08-26T21:11:07,VH-017,2024-08-19,(record),DUPLICATE_RECORD,DROP_ROW,DUPLICATE,REMOVED,"Duplicate (vehicle_id, date) pair — keeping first occurrence."
2026-08-26T21:11:07,VH-005,2024-06-29,(record),DUPLICATE_RECORD,DROP_ROW,DUPLICATE,REMOVED,"Duplicate (vehicle_id, date) pair — keeping first occurrence."
2026-08-26T21:11:07,VH-027,2024-03-12,(record),DUPLICATE_RECORD,DROP_ROW,DUPLICATE,REMOVED,"Duplicate (vehicle_id, date) pair — keeping first occurrence."
2026-08-26T21:11:07,VH-015,2024-05-06,(record),DUPLICATE_RECORD,DROP_ROW,DUPLICATE,REMOVED,"Duplicate (vehicle_id, date) pair — keeping first occurrence."
2026-08-26T21:11:07,VH-024,2024-09-21,(record),DUPLICATE_RECORD,DROP_ROW,DUPLICATE,REMOVED,"Duplicate (vehicle_id, date) pair — keeping first occurrence."
2026-08-26T21:11:07,VH-024,2024-03-28,(record),DUPLICATE_RECORD,DROP_ROW,DUPLICATE,REMOVED,"Duplicate (vehicle_id, date) pair — keeping first occurrence."
2026-08-26T21:11:07,VH-015,2024-10-31,(record),DUPLICATE_RECORD,DROP_ROW,DUPLICATE,REMOVED,"Duplicate (vehicle_id, date) pair — keeping first occurrence."
2026-08-26T21:11:07,VH-039,2024-08-22,(record),DUPLICATE_RECORD,DROP_ROW,DUPLICATE,REMOVED,"Duplicate (vehicle_id, date) pair — keeping first occurrence."
2026-08-26T21:11:07,VH-009,2024-04-04,(record),DUPLICATE_RECORD,DROP_ROW,DUPLICATE,REMOVED,"Duplicate (vehicle_id, date) pair — keeping first occurrence."
2026-08-26T21:11:07,VH-008,2024-04-05,(record),DUPLICATE_RECORD,DROP_ROW,DUPLICATE,REMOVED,"Duplicate (vehicle_id, date) pair — keeping first occurrence."
2026-08-26T21:11:07,VH-031,2024-05-22,(record),DUPLICATE_RECORD,DROP_ROW,DUPLICATE,REMOVED,"Duplicate (vehicle_id, date) pair — keeping first occurrence."
2026-08-26T21:11:07,VH-022,2024-02-06,(record),DUPLICATE_RECORD,DROP_ROW,DUPLICATE,REMOVED,"Duplicate (vehicle_id, date) pair — keeping first occurrence."
2026-08-26T21:11:07,VH-009,2024-10-27,(record),DUPLICATE_RECORD,DROP_ROW,DUPLICATE,REMOVED,"Duplicate (vehicle_id, date) pair — keeping first occurrence."
2026-08-26T21:11:07,VH-032,2024-06-11,(record),DUPLICATE_RECORD,DROP_ROW,DUPLICATE,REMOVED,"Duplicate (vehicle_id, date) pair — keeping first occurrence."
2026-08-26T21:11:07,VH-036,2024-09-26,(record),DUPLICATE_RECORD,DROP_ROW,DUPLICATE,REMOVED,"Duplicate (vehicle_id, date) pair — keeping first occurrence."
2026-08-26T21:11:07,VH-040,2024-01-09,(record),DUPLICATE_RECORD,DROP_ROW,DUPLICATE,REMOVED,"Duplicate (vehicle_id, date) pair — keeping first occurrence."
2026-08-26T21:11:07,VH-027,2024-11-20,(record),DUPLICATE_RECORD,DROP_ROW,DUPLICATE,REMOVED,"Duplicate (vehicle_id, date) pair — keeping first occurrence."
2026-08-26T21:11:07,VH-026,2024-03-19,(record),DUPLICATE_RECORD,DROP_ROW,DUPLICATE,REMOVED,"Duplicate (vehicle_id, date) pair — keeping first occurrence."
2026-08-26T21:11:07,VH-009,2024-08-12,(record),DUPLICATE_RECORD,DROP_ROW,DUPLICATE,REMOVED,"Duplicate (vehicle_id, date) pair — keeping first occurrence."
2026-08-26T21:11:07,VH-030,2024-07-12,(record),DUPLICATE_RECORD,DROP_ROW,DUPLICATE,REMOVED,"Duplicate (vehicle_id, date) pair — keeping first occurrence."
2026-08-26T21:11:07,VH-022,2024-02-02,(record),DUPLICATE_RECORD,DROP_ROW,DUPLICATE,REMOVED,"Duplicate (vehicle_id, date) pair — keeping first occurrence."
2026-08-26T21:11:07,VH-028,2024-01-29,(record),DUPLICATE_RECORD,DROP_ROW,DUPLICATE,REMOVED,"Duplicate (vehicle_id, date) pair — keeping first occurrence."
2026-08-26T21:11:07,VH-020,2024-04-25,(record),DUPLICATE_RECORD,DROP_ROW,DUPLICATE,REMOVED,"Duplicate (vehicle_id, date) pair — keeping first occurrence."
2026-08-26T21:11:07,VH-013,2024-05-30,(record),DUPLICATE_RECORD,DROP_ROW,DUPLICATE,REMOVED,"Duplicate (vehicle_id, date) pair — keeping first occurrence."
2026-08-26T21:11:07,VH-001,2024-03-07,(record),DUPLICATE_RECORD,DROP_ROW,DUPLICATE,REMOVED,"Duplicate (vehicle_id, date) pair — keeping first occurrence."
2026-08-26T21:11:07,VH-011,2024-05-12,(record),DUPLICATE_RECORD,DROP_ROW,DUPLICATE,REMOVED,"Duplicate (vehicle_id, date) pair — keeping first occurrence."
2026-08-26T21:11:07,VH-013,2024-08-10,(record),DUPLICATE_RECORD,DROP_ROW,DUPLICATE,REMOVED,"Duplicate (vehicle_id, date) pair — keeping first occurrence."
2026-08-26T21:11:07,VH-005,2024-08-20,(record),DUPLICATE_RECORD,DROP_ROW,DUPLICATE,REMOVED,"Duplicate (vehicle_id, date) pair — keeping first occurrence."
2026-08-26T21:11:07,VH-005,2024-07-12,(record),DUPLICATE_RECORD,DROP_ROW,DUPLICATE,REMOVED,"Duplicate (vehicle_id, date) pair — keeping first occurrence."
2026-08-26T21:11:07,VH-025,2024-03-16,(record),DUPLICATE_RECORD,DROP_ROW,DUPLICATE,REMOVED,"Duplicate (vehicle_id, date) pair — keeping first occurrence."
2026-08-26T21:11:07,VH-027,2024-06-30,(record),DUPLICATE_RECORD,DROP_ROW,DUPLICATE,REMOVED,"Duplicate (vehicle_id, date) pair — keeping first occurrence."
2026-08-26T21:11:07,VH-006,2024-05-31,(record),DUPLICATE_RECORD,DROP_ROW,DUPLICATE,REMOVED,"Duplicate (vehicle_id, date) pair — keeping first occurrence."
2026-08-26T21:11:07,VH-028,2024-09-26,(record),DUPLICATE_RECORD,DROP_ROW,DUPLICATE,REMOVED,"Duplicate (vehicle_id, date) pair — keeping first occurrence."
2026-08-26T21:11:07,VH-015,2024-01-23,(record),DUPLICATE_RECORD,DROP_ROW,DUPLICATE,REMOVED,"Duplicate (vehicle_id, date) pair — keeping first occurrence."
2026-08-26T21:11:07,VH-005,2024-11-28,(record),DUPLICATE_RECORD,DROP_ROW,DUPLICATE,REMOVED,"Duplicate (vehicle_id, date) pair — keeping first occurrence."
2026-08-26T21:11:07,VH-017,2024-10-09,(record),DUPLICATE_RECORD,DROP_ROW,DUPLICATE,REMOVED,"Duplicate (vehicle_id, date) pair — keeping first occurrence."
2026-08-26T21:11:07,VH-005,2024-01-11,(record),DUPLICATE_RECORD,DROP_ROW,DUPLICATE,REMOVED,"Duplicate (vehicle_id, date) pair — keeping first occurrence."
2026-08-26T21:11:07,VH-020,2024-06-26,(record),DUPLICATE_RECORD,DROP_ROW,DUPLICATE,REMOVED,"Duplicate (vehicle_id, date) pair — keeping first occurrence."
2026-08-26T21:11:07,VH-038,2024-07-06,(record),DUPLICATE_RECORD,DROP_ROW,DUPLICATE,REMOVED,"Duplicate (vehicle_id, date) pair — keeping first occurrence."
2026-08-26T21:11:07,VH-007,2024-01-02,(record),DUPLICATE_RECORD,DROP_ROW,DUPLICATE,REMOVED,"Duplicate (vehicle_id, date) pair — keeping first occurrence."
2026-08-26T21:11:07,VH-036,2024-02-24,(record),DUPLICATE_RECORD,DROP_ROW,DUPLICATE,REMOVED,"Duplicate (vehicle_id, date) pair — keeping first occurrence."
2026-08-26T21:11:07,VH-015,2024-12-04,(record),DUPLICATE_RECORD,DROP_ROW,DUPLICATE,REMOVED,"Duplicate (vehicle_id, date) pair — keeping first occurrence."
2026-08-26T21:11:07,VH-035,2024-09-18,(record),DUPLICATE_RECORD,DROP_ROW,DUPLICATE,REMOVED,"Duplicate (vehicle_id, date) pair — keeping first occurrence."
2026-08-26T21:11:07,VH-009,2024-03-28,(record),DUPLICATE_RECORD,DROP_ROW,DUPLICATE,REMOVED,"Duplicate (vehicle_id, date) pair — keeping first occurrence."
2026-08-26T21:11:07,VH-015,2024-09-10,(record),DUPLICATE_RECORD,DROP_ROW,DUPLICATE,REMOVED,"Duplicate (vehicle_id, date) pair — keeping first occurrence."
2026-08-26T21:11:07,VH-038,2024-03-02,(record),DUPLICATE_RECORD,DROP_ROW,DUPLICATE,REMOVED,"Duplicate (vehicle_id, date) pair — keeping first occurrence."
2026-08-26T21:11:07,VH-035,2024-11-13,(record),DUPLICATE_RECORD,DROP_ROW,DUPLICATE,REMOVED,"Duplicate (vehicle_id, date) pair — keeping first occurrence."
2026-08-26T21:11:07,VH-027,2024-12-26,(record),DUPLICATE_RECORD,DROP_ROW,DUPLICATE,REMOVED,"Duplicate (vehicle_id, date) pair — keeping first occurrence."
2026-08-26T21:11:07,VH-023,2024-07-16,(record),DUPLICATE_RECORD,DROP_ROW,DUPLICATE,REMOVED,"Duplicate (vehicle_id, date) pair — keeping first occurrence."
2026-08-26T21:11:07,VH-005,2024-05-02,(record),DUPLICATE_RECORD,DROP_ROW,DUPLICATE,REMOVED,"Duplicate (vehicle_id, date) pair — keeping first occurrence."
2026-08-26T21:11:07,VH-023,2024-12-26,(record),DUPLICATE_RECORD,DROP_ROW,DUPLICATE,REMOVED,"Duplicate (vehicle_id, date) pair — keeping first occurrence."
2026-08-26T21:11:07,VH-023,2024-07-30,(record),DUPLICATE_RECORD,DROP_ROW,DUPLICATE,REMOVED,"Duplicate (vehicle_id, date) pair — keeping first occurrence."
2026-08-26T21:11:07,VH-031,2024-01-05,(record),DUPLICATE_RECORD,DROP_ROW,DUPLICATE,REMOVED,"Duplicate (vehicle_id, date) pair — keeping first occurrence."
2026-08-26T21:11:07,VH-009,2024-07-14,(record),DUPLICATE_RECORD,DROP_ROW,DUPLICATE,REMOVED,"Duplicate (vehicle_id, date) pair — keeping first occurrence."
2026-08-26T21:11:07,VH-003,2024-02-04,(record),DUPLICATE_RECORD,DROP_ROW,DUPLICATE,REMOVED,"Duplicate (vehicle_id, date) pair — keeping first occurrence."
2026-08-26T21:11:07,VH-003,2024-06-26,(record),DUPLICATE_RECORD,DROP_ROW,DUPLICATE,REMOVED,"Duplicate (vehicle_id, date) pair — keeping first occurrence."
2026-08-26T21:11:07,VH-038,2024-04-06,(record),DUPLICATE_RECORD,DROP_ROW,DUPLICATE,REMOVED,"Duplicate (vehicle_id, date) pair — keeping first occurrence."
2026-08-26T21:11:07,VH-040,2024-02-17,(record),DUPLICATE_RECORD,DROP_ROW,DUPLICATE,REMOVED,"Duplicate (vehicle_id, date) pair — keeping first occurrence."
2026-08-26T21:11:07,VH-026,2024-07-28,(record),DUPLICATE_RECORD,DROP_ROW,DUPLICATE,REMOVED,"Duplicate (vehicle_id, date) pair — keeping first occurrence."
2026-08-26T21:11:07,VH-029,2024-08-13,(record),DUPLICATE_RECORD,DROP_ROW,DUPLICATE,REMOVED,"Duplicate (vehicle_id, date) pair — keeping first occurrence."
2026-08-26T21:11:07,VH-032,2024-03-25,(record),DUPLICATE_RECORD,DROP_ROW,DUPLICATE,REMOVED,"Duplicate (vehicle_id, date) pair — keeping first occurrence."
2026-08-26T21:11:07,VH-014,2024-04-04,(record),DUPLICATE_RECORD,DROP_ROW,DUPLICATE,REMOVED,"Duplicate (vehicle_id, date) pair — keeping first occurrence."
2026-08-26T21:11:07,VH-017,2024-06-02,(record),DUPLICATE_RECORD,DROP_ROW,DUPLICATE,REMOVED,"Duplicate (vehicle_id, date) pair — keeping first occurrence."
2026-08-26T21:11:07,VH-037,2024-12-13,(record),DUPLICATE_RECORD,DROP_ROW,DUPLICATE,REMOVED,"Duplicate (vehicle_id, date) pair — keeping first occurrence."
2026-08-26T21:11:07,VH-036,2024-06-02,(record),DUPLICATE_RECORD,DROP_ROW,DUPLICATE,REMOVED,"Duplicate (vehicle_id, date) pair — keeping first occurrence."
2026-08-26T21:11:07,VH-016,2024-06-12,(record),DUPLICATE_RECORD,DROP_ROW,DUPLICATE,REMOVED,"Duplicate (vehicle_id, date) pair — keeping first occurrence."
2026-08-26T21:11:07,VH-006,2024-07-01,(record),DUPLICATE_RECORD,DROP_ROW,DUPLICATE,REMOVED,"Duplicate (vehicle_id, date) pair — keeping first occurrence."
2026-08-26T21:11:07,VH-015,2024-04-26,(record),DUPLICATE_RECORD,DROP_ROW,DUPLICATE,REMOVED,"Duplicate (vehicle_id, date) pair — keeping first occurrence."
2026-08-26T21:11:07,VH-038,2024-09-25,(record),DUPLICATE_RECORD,DROP_ROW,DUPLICATE,REMOVED,"Duplicate (vehicle_id, date) pair — keeping first occurrence."
2026-08-26T21:11:07,VH-001,2024-01-21,load_percentage,INVALID_LOAD,SET_NULL,-2.464056458187553,nan,"load_percentage=-2.46 is outside valid range [0, 100]. Set to NaN for imputation."
2026-08-26T21:11:07,VH-001,2024-03-30,load_percentage,INVALID_LOAD,SET_NULL,-2.464056458187553,nan,"load_percentage=-2.46 is outside valid range [0, 100]. Set to NaN for imputation."
2026-08-26T21:11:07,VH-001,2024-08-23,load_percentage,INVALID_LOAD,SET_NULL,-2.464056458187553,nan,"load_percentage=-2.46 is outside valid range [0, 100]. Set to NaN for imputation."
2026-08-26T21:11:07,VH-001,2024-09-11,load_percentage,INVALID_LOAD,SET_NULL,130.3715346575204,nan,"load_percentage=130.37 is outside valid range [0, 100]. Set to NaN for imputation."
2026-08-26T21:11:07,VH-001,2024-12-03,load_percentage,INVALID_LOAD,SET_NULL,-2.464056458187553,nan,"load_percentage=-2.46 is outside valid range [0, 100]. Set to NaN for imputation."
2026-08-26T21:11:07,VH-002,2024-01-14,load_percentage,INVALID_LOAD,SET_NULL,130.3715346575204,nan,"load_percentage=130.37 is outside valid range [0, 100]. Set to NaN for imputation."
2026-08-26T21:11:07,VH-002,2024-03-10,load_percentage,INVALID_LOAD,SET_NULL,130.3715346575204,nan,"load_percentage=130.37 is outside valid range [0, 100]. Set to NaN for imputation."
2026-08-26T21:11:07,VH-002,2024-03-20,load_percentage,INVALID_LOAD,SET_NULL,130.3715346575204,nan,"load_percentage=130.37 is outside valid range [0, 100]. Set to NaN for imputation."
2026-08-26T21:11:07,VH-002,2024-06-01,load_percentage,INVALID_LOAD,SET_NULL,130.3715346575204,nan,"load_percentage=130.37 is outside valid range [0, 100]. Set to NaN for imputation."
2026-08-26T21:11:07,VH-002,2024-08-27,load_percentage,INVALID_LOAD,SET_NULL,130.3715346575204,nan,"load_percentage=130.37 is outside valid range [0, 100]. Set to NaN for imputation."
2026-08-26T21:11:07,VH-002,2024-09-20,load_percentage,INVALID_LOAD,SET_NULL,130.3715346575204,nan,"load_percentage=130.37 is outside valid range [0, 100]. Set to NaN for imputation."
2026-08-26T21:11:07,VH-002,2024-11-07,load_percentage,INVALID_LOAD,SET_NULL,-2.464056458187553,nan,"load_percentage=-2.46 is outside valid range [0, 100]. Set to NaN for imputation."
2026-08-26T21:11:07,VH-003,2024-03-20,load_percentage,INVALID_LOAD,SET_NULL,130.3715346575204,nan,"load_percentage=130.37 is outside valid range [0, 100]. Set to NaN for imputation."
2026-08-26T21:11:07,VH-003,2024-03-29,load_percentage,INVALID_LOAD,SET_NULL,130.3715346575204,nan,"load_percentage=130.37 is outside valid range [0, 100]. Set to NaN for imputation."
2026-08-26T21:11:07,VH-003,2024-04-21,load_percentage,INVALID_LOAD,SET_NULL,-2.464056458187553,nan,"load_percentage=-2.46 is outside valid range [0, 100]. Set to NaN for imputation."
2026-08-26T21:11:07,VH-004,2024-03-15,load_percentage,INVALID_LOAD,SET_NULL,130.3715346575204,nan,"load_percentage=130.37 is outside valid range [0, 100]. Set to NaN for imputation."
2026-08-26T21:11:07,VH-004,2024-07-26,load_percentage,INVALID_LOAD,SET_NULL,130.3715346575204,nan,"load_percentage=130.37 is outside valid range [0, 100]. Set to NaN for imputation."
2026-08-26T21:11:07,VH-004,2024-11-09,load_percentage,INVALID_LOAD,SET_NULL,-2.464056458187553,nan,"load_percentage=-2.46 is outside valid range [0, 100]. Set to NaN for imputation."
2026-08-26T21:11:07,VH-005,2024-03-31,load_percentage,INVALID_LOAD,SET_NULL,-2.464056458187553,nan,"load_percentage=-2.46 is outside valid range [0, 100]. Set to NaN for imputation."
2026-08-26T21:11:07,VH-005,2024-06-26,load_percentage,INVALID_LOAD,SET_NULL,130.3715346575204,nan,"load_percentage=130.37 is outside valid range [0, 100]. Set to NaN for imputation."
2026-08-26T21:11:07,VH-005,2024-12-02,load_percentage,INVALID_LOAD,SET_NULL,-2.464056458187553,nan,"load_percentage=-2.46 is outside valid range [0, 100]. Set to NaN for imputation."
2026-08-26T21:11:07,VH-006,2024-02-26,load_percentage,INVALID_LOAD,SET_NULL,130.3715346575204,nan,"load_percentage=130.37 is outside valid range [0, 100]. Set to NaN for imputation."
2026-08-26T21:11:07,VH-006,2024-03-07,load_percentage,INVALID_LOAD,SET_NULL,-2.464056458187553,nan,"load_percentage=-2.46 is outside valid range [0, 100]. Set to NaN for imputation."
2026-08-26T21:11:07,VH-006,2024-09-04,load_percentage,INVALID_LOAD,SET_NULL,-2.464056458187553,nan,"load_percentage=-2.46 is outside valid range [0, 100]. Set to NaN for imputation."
2026-08-26T21:11:07,VH-007,2024-05-18,load_percentage,INVALID_LOAD,SET_NULL,-2.464056458187553,nan,"load_percentage=-2.46 is outside valid range [0, 100]. Set to NaN for imputation."
2026-08-26T21:11:07,VH-007,2024-07-27,load_percentage,INVALID_LOAD,SET_NULL,130.3715346575204,nan,"load_percentage=130.37 is outside valid range [0, 100]. Set to NaN for imputation."
2026-08-26T21:11:07,VH-007,2024-08-19,load_percentage,INVALID_LOAD,SET_NULL,-2.464056458187553,nan,"load_percentage=-2.46 is outside valid range [0, 100]. Set to NaN for imputation."
2026-08-26T21:11:07,VH-007,2024-09-24,load_percentage,INVALID_LOAD,SET_NULL,130.3715346575204,nan,"load_percentage=130.37 is outside valid range [0, 100]. Set to NaN for imputation."
2026-08-26T21:11:07,VH-007,2024-12-06,load_percentage,INVALID_LOAD,SET_NULL,130.3715346575204,nan,"load_percentage=130.37 is outside valid range [0, 100]. Set to NaN for imputation."
2026-08-26T21:11:07,VH-008,2024-01-01,load_percentage,INVALID_LOAD,SET_NULL,130.3715346575204,nan,"load_percentage=130.37 is outside valid range [0, 100]. Set to NaN for imputation."
2026-08-26T21:11:07,VH-008,2024-01-11,load_percentage,INVALID_LOAD,SET_NULL,130.3715346575204,nan,"load_percentage=130.37 is outside valid range [0, 100]. Set to NaN for imputation."
2026-08-26T21:11:07,VH-008,2024-02-06,load_percentage,INVALID_LOAD,SET_NULL,-2.464056458187553,nan,"load_percentage=-2.46 is outside valid range [0, 100]. Set to NaN for imputation."
2026-08-26T21:11:07,VH-008,2024-04-12,load_percentage,INVALID_LOAD,SET_NULL,130.3715346575204,nan,"load_percentage=130.37 is outside valid range [0, 100]. Set to NaN for imputation."
2026-08-26T21:11:07,VH-008,2024-08-14,load_percentage,INVALID_LOAD,SET_NULL,-2.464056458187553,nan,"load_percentage=-2.46 is outside valid range [0, 100]. Set to NaN for imputation."
2026-08-26T21:11:07,VH-008,2024-11-07,load_percentage,INVALID_LOAD,SET_NULL,130.3715346575204,nan,"load_percentage=130.37 is outside valid range [0, 100]. Set to NaN for imputation."
2026-08-26T21:11:07,VH-009,2024-01-30,load_percentage,INVALID_LOAD,SET_NULL,-2.464056458187553,nan,"load_percentage=-2.46 is outside valid range [0, 100]. Set to NaN for imputation."
2026-08-26T21:11:07,VH-009,2024-06-23,load_percentage,INVALID_LOAD,SET_NULL,130.3715346575204,nan,"load_percentage=130.37 is outside valid range [0, 100]. Set to NaN for imputation."
2026-08-26T21:11:07,VH-009,2024-12-07,load_percentage,INVALID_LOAD,SET_NULL,130.3715346575204,nan,"load_percentage=130.37 is outside valid range [0, 100]. Set to NaN for imputation."
2026-08-26T21:11:07,VH-009,2024-12-20,load_percentage,INVALID_LOAD,SET_NULL,130.3715346575204,nan,"load_percentage=130.37 is outside valid range [0, 100]. Set to NaN for imputation."
2026-08-26T21:11:07,VH-010,2024-02-23,load_percentage,INVALID_LOAD,SET_NULL,-2.464056458187553,nan,"load_percentage=-2.46 is outside valid range [0, 100]. Set to NaN for imputation."
2026-08-26T21:11:07,VH-010,2024-03-04,load_percentage,INVALID_LOAD,SET_NULL,-2.464056458187553,nan,"load_percentage=-2.46 is outside valid range [0, 100]. Set to NaN for imputation."
2026-08-26T21:11:07,VH-010,2024-04-05,load_percentage,INVALID_LOAD,SET_NULL,130.3715346575204,nan,"load_percentage=130.37 is outside valid range [0, 100]. Set to NaN for imputation."
2026-08-26T21:11:07,VH-010,2024-04-17,load_percentage,INVALID_LOAD,SET_NULL,-2.464056458187553,nan,"load_percentage=-2.46 is outside valid range [0, 100]. Set to NaN for imputation."
2026-08-26T21:11:07,VH-010,2024-08-03,load_percentage,INVALID_LOAD,SET_NULL,130.3715346575204,nan,"load_percentage=130.37 is outside valid range [0, 100]. Set to NaN for imputation."
2026-08-26T21:11:07,VH-010,2024-09-19,load_percentage,INVALID_LOAD,SET_NULL,130.3715346575204,nan,"load_percentage=130.37 is outside valid range [0, 100]. Set to NaN for imputation."
2026-08-26T21:11:07,VH-010,2024-10-20,load_percentage,INVALID_LOAD,SET_NULL,-2.464056458187553,nan,"load_percentage=-2.46 is outside valid range [0, 100]. Set to NaN for imputation."
2026-08-26T21:11:07,VH-011,2024-06-10,load_percentage,INVALID_LOAD,SET_NULL,130.3715346575204,nan,"load_percentage=130.37 is outside valid range [0, 100]. Set to NaN for imputation."
2026-08-26T21:11:07,VH-011,2024-07-07,load_percentage,INVALID_LOAD,SET_NULL,-2.464056458187553,nan,"load_percentage=-2.46 is outside valid range [0, 100]. Set to NaN for imputation."
2026-08-26T21:11:07,VH-011,2024-07-31,load_percentage,INVALID_LOAD,SET_NULL,-2.464056458187553,nan,"load_percentage=-2.46 is outside valid range [0, 100]. Set to NaN for imputation."
2026-08-26T21:11:07,VH-011,2024-08-25,load_percentage,INVALID_LOAD,SET_NULL,-2.464056458187553,nan,"load_percentage=-2.46 is outside valid range [0, 100]. Set to NaN for imputation."
2026-08-26T21:11:07,VH-011,2024-10-06,load_percentage,INVALID_LOAD,SET_NULL,-2.464056458187553,nan,"load_percentage=-2.46 is outside valid range [0, 100]. Set to NaN for imputation."
2026-08-26T21:11:07,VH-011,2024-10-27,load_percentage,INVALID_LOAD,SET_NULL,-2.464056458187553,nan,"load_percentage=-2.46 is outside valid range [0, 100]. Set to NaN for imputation."
2026-08-26T21:11:07,VH-012,2024-03-11,load_percentage,INVALID_LOAD,SET_NULL,-2.464056458187553,nan,"load_percentage=-2.46 is outside valid range [0, 100]. Set to NaN for imputation."
2026-08-26T21:11:07,VH-012,2024-03-24,load_percentage,INVALID_LOAD,SET_NULL,130.3715346575204,nan,"load_percentage=130.37 is outside valid range [0, 100]. Set to NaN for imputation."
2026-08-26T21:11:07,VH-012,2024-06-17,load_percentage,INVALID_LOAD,SET_NULL,130.3715346575204,nan,"load_percentage=130.37 is outside valid range [0, 100]. Set to NaN for imputation."
2026-08-26T21:11:07,VH-012,2024-07-07,load_percentage,INVALID_LOAD,SET_NULL,-2.464056458187553,nan,"load_percentage=-2.46 is outside valid range [0, 100]. Set to NaN for imputation."
2026-08-26T21:11:07,VH-013,2024-05-29,load_percentage,INVALID_LOAD,SET_NULL,130.3715346575204,nan,"load_percentage=130.37 is outside valid range [0, 100]. Set to NaN for imputation."
2026-08-26T21:11:07,VH-013,2024-06-20,load_percentage,INVALID_LOAD,SET_NULL,-2.464056458187553,nan,"load_percentage=-2.46 is outside valid range [0, 100]. Set to NaN for imputation."
2026-08-26T21:11:07,VH-013,2024-09-02,load_percentage,INVALID_LOAD,SET_NULL,-2.464056458187553,nan,"load_percentage=-2.46 is outside valid range [0, 100]. Set to NaN for imputation."
2026-08-26T21:11:07,VH-014,2024-04-25,load_percentage,INVALID_LOAD,SET_NULL,130.3715346575204,nan,"load_percentage=130.37 is outside valid range [0, 100]. Set to NaN for imputation."
2026-08-26T21:11:07,VH-014,2024-08-23,load_percentage,INVALID_LOAD,SET_NULL,130.3715346575204,nan,"load_percentage=130.37 is outside valid range [0, 100]. Set to NaN for imputation."
2026-08-26T21:11:07,VH-014,2024-10-16,load_percentage,INVALID_LOAD,SET_NULL,130.3715346575204,nan,"load_percentage=130.37 is outside valid range [0, 100]. Set to NaN for imputation."
2026-08-26T21:11:07,VH-014,2024-11-12,load_percentage,INVALID_LOAD,SET_NULL,130.3715346575204,nan,"load_percentage=130.37 is outside valid range [0, 100]. Set to NaN for imputation."
2026-08-26T21:11:07,VH-015,2024-03-26,load_percentage,INVALID_LOAD,SET_NULL,130.3715346575204,nan,"load_percentage=130.37 is outside valid range [0, 100]. Set to NaN for imputation."
2026-08-26T21:11:07,VH-015,2024-05-07,load_percentage,INVALID_LOAD,SET_NULL,130.3715346575204,nan,"load_percentage=130.37 is outside valid range [0, 100]. Set to NaN for imputation."
2026-08-26T21:11:07,VH-015,2024-05-26,load_percentage,INVALID_LOAD,SET_NULL,-2.464056458187553,nan,"load_percentage=-2.46 is outside valid range [0, 100]. Set to NaN for imputation."
2026-08-26T21:11:07,VH-015,2024-06-08,load_percentage,INVALID_LOAD,SET_NULL,-2.464056458187553,nan,"load_percentage=-2.46 is outside valid range [0, 100]. Set to NaN for imputation."
2026-08-26T21:11:07,VH-015,2024-11-22,load_percentage,INVALID_LOAD,SET_NULL,-2.464056458187553,nan,"load_percentage=-2.46 is outside valid range [0, 100]. Set to NaN for imputation."
2026-08-26T21:11:07,VH-016,2024-03-22,load_percentage,INVALID_LOAD,SET_NULL,130.3715346575204,nan,"load_percentage=130.37 is outside valid range [0, 100]. Set to NaN for imputation."
2026-08-26T21:11:07,VH-016,2024-04-19,load_percentage,INVALID_LOAD,SET_NULL,130.3715346575204,nan,"load_percentage=130.37 is outside valid range [0, 100]. Set to NaN for imputation."
2026-08-26T21:11:07,VH-016,2024-06-19,load_percentage,INVALID_LOAD,SET_NULL,-2.464056458187553,nan,"load_percentage=-2.46 is outside valid range [0, 100]. Set to NaN for imputation."
2026-08-26T21:11:07,VH-016,2024-10-29,load_percentage,INVALID_LOAD,SET_NULL,130.3715346575204,nan,"load_percentage=130.37 is outside valid range [0, 100]. Set to NaN for imputation."
2026-08-26T21:11:07,VH-016,2024-11-07,load_percentage,INVALID_LOAD,SET_NULL,130.3715346575204,nan,"load_percentage=130.37 is outside valid range [0, 100]. Set to NaN for imputation."
2026-08-26T21:11:07,VH-017,2024-01-15,load_percentage,INVALID_LOAD,SET_NULL,-2.464056458187553,nan,"load_percentage=-2.46 is outside valid range [0, 100]. Set to NaN for imputation."
2026-08-26T21:11:07,VH-017,2024-05-10,load_percentage,INVALID_LOAD,SET_NULL,130.3715346575204,nan,"load_percentage=130.37 is outside valid range [0, 100]. Set to NaN for imputation."
2026-08-26T21:11:07,VH-017,2024-05-15,load_percentage,INVALID_LOAD,SET_NULL,130.3715346575204,nan,"load_percentage=130.37 is outside valid range [0, 100]. Set to NaN for imputation."
2026-08-26T21:11:07,VH-018,2024-11-05,load_percentage,INVALID_LOAD,SET_NULL,-2.464056458187553,nan,"load_percentage=-2.46 is outside valid range [0, 100]. Set to NaN for imputation."
2026-08-26T21:11:07,VH-018,2024-11-12,load_percentage,INVALID_LOAD,SET_NULL,130.3715346575204,nan,"load_percentage=130.37 is outside valid range [0, 100]. Set to NaN for imputation."
2026-08-26T21:11:07,VH-019,2024-05-25,load_percentage,INVALID_LOAD,SET_NULL,-2.464056458187553,nan,"load_percentage=-2.46 is outside valid range [0, 100]. Set to NaN for imputation."
2026-08-26T21:11:07,VH-019,2024-12-23,load_percentage,INVALID_LOAD,SET_NULL,-2.464056458187553,nan,"load_percentage=-2.46 is outside valid range [0, 100]. Set to NaN for imputation."
2026-08-26T21:11:07,VH-020,2024-08-06,load_percentage,INVALID_LOAD,SET_NULL,130.3715346575204,nan,"load_percentage=130.37 is outside valid range [0, 100]. Set to NaN for imputation."
2026-08-26T21:11:07,VH-020,2024-12-09,load_percentage,INVALID_LOAD,SET_NULL,-2.464056458187553,nan,"load_percentage=-2.46 is outside valid range [0, 100]. Set to NaN for imputation."
2026-08-26T21:11:07,VH-021,2024-04-17,load_percentage,INVALID_LOAD,SET_NULL,130.3715346575204,nan,"load_percentage=130.37 is outside valid range [0, 100]. Set to NaN for imputation."
2026-08-26T21:11:07,VH-021,2024-12-27,load_percentage,INVALID_LOAD,SET_NULL,130.3715346575204,nan,"load_percentage=130.37 is outside valid range [0, 100]. Set to NaN for imputation."
2026-08-26T21:11:07,VH-022,2024-08-29,load_percentage,INVALID_LOAD,SET_NULL,-2.464056458187553,nan,"load_percentage=-2.46 is outside valid range [0, 100]. Set to NaN for imputation."
2026-08-26T21:11:07,VH-022,2024-11-12,load_percentage,INVALID_LOAD,SET_NULL,-2.464056458187553,nan,"load_percentage=-2.46 is outside valid range [0, 100]. Set to NaN for imputation."
2026-08-26T21:11:07,VH-023,2024-03-16,load_percentage,INVALID_LOAD,SET_NULL,-2.464056458187553,nan,"load_percentage=-2.46 is outside valid range [0, 100]. Set to NaN for imputation."
2026-08-26T21:11:07,VH-023,2024-07-17,load_percentage,INVALID_LOAD,SET_NULL,-2.464056458187553,nan,"load_percentage=-2.46 is outside valid range [0, 100]. Set to NaN for imputation."
2026-08-26T21:11:07,VH-024,2024-02-26,load_percentage,INVALID_LOAD,SET_NULL,130.3715346575204,nan,"load_percentage=130.37 is outside valid range [0, 100]. Set to NaN for imputation."
2026-08-26T21:11:07,VH-024,2024-03-09,load_percentage,INVALID_LOAD,SET_NULL,130.3715346575204,nan,"load_percentage=130.37 is outside valid range [0, 100]. Set to NaN for imputation."
2026-08-26T21:11:07,VH-024,2024-05-18,load_percentage,INVALID_LOAD,SET_NULL,-2.464056458187553,nan,"load_percentage=-2.46 is outside valid range [0, 100]. Set to NaN for imputation."
2026-08-26T21:11:07,VH-024,2024-05-24,load_percentage,INVALID_LOAD,SET_NULL,130.3715346575204,nan,"load_percentage=130.37 is outside valid range [0, 100]. Set to NaN for imputation."
2026-08-26T21:11:07,VH-024,2024-05-25,load_percentage,INVALID_LOAD,SET_NULL,-2.464056458187553,nan,"load_percentage=-2.46 is outside valid range [0, 100]. Set to NaN for imputation."
2026-08-26T21:11:07,VH-024,2024-09-24,load_percentage,INVALID_LOAD,SET_NULL,130.3715346575204,nan,"load_percentage=130.37 is outside valid range [0, 100]. Set to NaN for imputation."
2026-08-26T21:11:07,VH-025,2024-03-15,load_percentage,INVALID_LOAD,SET_NULL,130.3715346575204,nan,"load_percentage=130.37 is outside valid range [0, 100]. Set to NaN for imputation."
2026-08-26T21:11:07,VH-025,2024-04-21,load_percentage,INVALID_LOAD,SET_NULL,-2.464056458187553,nan,"load_percentage=-2.46 is outside valid range [0, 100]. Set to NaN for imputation."
2026-08-26T21:11:07,VH-025,2024-06-02,load_percentage,INVALID_LOAD,SET_NULL,-2.464056458187553,nan,"load_percentage=-2.46 is outside valid range [0, 100]. Set to NaN for imputation."
2026-08-26T21:11:07,VH-025,2024-09-10,load_percentage,INVALID_LOAD,SET_NULL,130.3715346575204,nan,"load_percentage=130.37 is outside valid range [0, 100]. Set to NaN for imputation."
2026-08-26T21:11:07,VH-025,2024-11-04,load_percentage,INVALID_LOAD,SET_NULL,130.3715346575204,nan,"load_percentage=130.37 is outside valid range [0, 100]. Set to NaN for imputation."
2026-08-26T21:11:07,VH-025,2024-11-25,load_percentage,INVALID_LOAD,SET_NULL,-2.464056458187553,nan,"load_percentage=-2.46 is outside valid range [0, 100]. Set to NaN for imputation."
2026-08-26T21:11:07,VH-026,2024-01-29,load_percentage,INVALID_LOAD,SET_NULL,130.3715346575204,nan,"load_percentage=130.37 is outside valid range [0, 100]. Set to NaN for imputation."
2026-08-26T21:11:07,VH-026,2024-04-08,load_percentage,INVALID_LOAD,SET_NULL,130.3715346575204,nan,"load_percentage=130.37 is outside valid range [0, 100]. Set to NaN for imputation."
2026-08-26T21:11:07,VH-027,2024-01-26,load_percentage,INVALID_LOAD,SET_NULL,-2.464056458187553,nan,"load_percentage=-2.46 is outside valid range [0, 100]. Set to NaN for imputation."
2026-08-26T21:11:07,VH-027,2024-10-03,load_percentage,INVALID_LOAD,SET_NULL,130.3715346575204,nan,"load_percentage=130.37 is outside valid range [0, 100]. Set to NaN for imputation."
2026-08-26T21:11:07,VH-027,2024-12-22,load_percentage,INVALID_LOAD,SET_NULL,-2.464056458187553,nan,"load_percentage=-2.46 is outside valid range [0, 100]. Set to NaN for imputation."
2026-08-26T21:11:07,VH-028,2024-01-23,load_percentage,INVALID_LOAD,SET_NULL,130.3715346575204,nan,"load_percentage=130.37 is outside valid range [0, 100]. Set to NaN for imputation."
2026-08-26T21:11:07,VH-028,2024-02-04,load_percentage,INVALID_LOAD,SET_NULL,-2.464056458187553,nan,"load_percentage=-2.46 is outside valid range [0, 100]. Set to NaN for imputation."
2026-08-26T21:11:07,VH-028,2024-04-28,load_percentage,INVALID_LOAD,SET_NULL,130.3715346575204,nan,"load_percentage=130.37 is outside valid range [0, 100]. Set to NaN for imputation."
2026-08-26T21:11:07,VH-028,2024-05-02,load_percentage,INVALID_LOAD,SET_NULL,130.3715346575204,nan,"load_percentage=130.37 is outside valid range [0, 100]. Set to NaN for imputation."
2026-08-26T21:11:07,VH-029,2024-02-28,load_percentage,INVALID_LOAD,SET_NULL,-2.464056458187553,nan,"load_percentage=-2.46 is outside valid range [0, 100]. Set to NaN for imputation."
2026-08-26T21:11:07,VH-029,2024-07-06,load_percentage,INVALID_LOAD,SET_NULL,-2.464056458187553,nan,"load_percentage=-2.46 is outside valid range [0, 100]. Set to NaN for imputation."
2026-08-26T21:11:07,VH-029,2024-07-21,load_percentage,INVALID_LOAD,SET_NULL,-2.464056458187553,nan,"load_percentage=-2.46 is outside valid range [0, 100]. Set to NaN for imputation."
2026-08-26T21:11:07,VH-029,2024-07-25,load_percentage,INVALID_LOAD,SET_NULL,-2.464056458187553,nan,"load_percentage=-2.46 is outside valid range [0, 100]. Set to NaN for imputation."
2026-08-26T21:11:07,VH-029,2024-07-28,load_percentage,INVALID_LOAD,SET_NULL,130.3715346575204,nan,"load_percentage=130.37 is outside valid range [0, 100]. Set to NaN for imputation."
2026-08-26T21:11:07,VH-029,2024-07-31,load_percentage,INVALID_LOAD,SET_NULL,-2.464056458187553,nan,"load_percentage=-2.46 is outside valid range [0, 100]. Set to NaN for imputation."
2026-08-26T21:11:07,VH-029,2024-08-23,load_percentage,INVALID_LOAD,SET_NULL,130.3715346575204,nan,"load_percentage=130.37 is outside valid range [0, 100]. Set to NaN for imputation."
2026-08-26T21:11:07,VH-030,2024-01-25,load_percentage,INVALID_LOAD,SET_NULL,-2.464056458187553,nan,"load_percentage=-2.46 is outside valid range [0, 100]. Set to NaN for imputation."
2026-08-26T21:11:07,VH-030,2024-02-19,load_percentage,INVALID_LOAD,SET_NULL,-2.464056458187553,nan,"load_percentage=-2.46 is outside valid range [0, 100]. Set to NaN for imputation."
2026-08-26T21:11:07,VH-030,2024-10-21,load_percentage,INVALID_LOAD,SET_NULL,-2.464056458187553,nan,"load_percentage=-2.46 is outside valid range [0, 100]. Set to NaN for imputation."
2026-08-26T21:11:07,VH-032,2024-02-07,load_percentage,INVALID_LOAD,SET_NULL,130.3715346575204,nan,"load_percentage=130.37 is outside valid range [0, 100]. Set to NaN for imputation."
2026-08-26T21:11:07,VH-032,2024-02-11,load_percentage,INVALID_LOAD,SET_NULL,-2.464056458187553,nan,"load_percentage=-2.46 is outside valid range [0, 100]. Set to NaN for imputation."
2026-08-26T21:11:07,VH-032,2024-03-19,load_percentage,INVALID_LOAD,SET_NULL,-2.464056458187553,nan,"load_percentage=-2.46 is outside valid range [0, 100]. Set to NaN for imputation."
2026-08-26T21:11:07,VH-032,2024-03-27,load_percentage,INVALID_LOAD,SET_NULL,-2.464056458187553,nan,"load_percentage=-2.46 is outside valid range [0, 100]. Set to NaN for imputation."
2026-08-26T21:11:07,VH-032,2024-05-08,load_percentage,INVALID_LOAD,SET_NULL,-2.464056458187553,nan,"load_percentage=-2.46 is outside valid range [0, 100]. Set to NaN for imputation."
2026-08-26T21:11:07,VH-033,2024-03-15,load_percentage,INVALID_LOAD,SET_NULL,130.3715346575204,nan,"load_percentage=130.37 is outside valid range [0, 100]. Set to NaN for imputation."
2026-08-26T21:11:07,VH-033,2024-04-02,load_percentage,INVALID_LOAD,SET_NULL,-2.464056458187553,nan,"load_percentage=-2.46 is outside valid range [0, 100]. Set to NaN for imputation."
2026-08-26T21:11:07,VH-033,2024-08-12,load_percentage,INVALID_LOAD,SET_NULL,-2.464056458187553,nan,"load_percentage=-2.46 is outside valid range [0, 100]. Set to NaN for imputation."
2026-08-26T21:11:07,VH-034,2024-02-03,load_percentage,INVALID_LOAD,SET_NULL,-2.464056458187553,nan,"load_percentage=-2.46 is outside valid range [0, 100]. Set to NaN for imputation."
2026-08-26T21:11:07,VH-034,2024-10-25,load_percentage,INVALID_LOAD,SET_NULL,130.3715346575204,nan,"load_percentage=130.37 is outside valid range [0, 100]. Set to NaN for imputation."
2026-08-26T21:11:07,VH-035,2024-03-06,load_percentage,INVALID_LOAD,SET_NULL,-2.464056458187553,nan,"load_percentage=-2.46 is outside valid range [0, 100]. Set to NaN for imputation."
2026-08-26T21:11:07,VH-035,2024-11-24,load_percentage,INVALID_LOAD,SET_NULL,-2.464056458187553,nan,"load_percentage=-2.46 is outside valid range [0, 100]. Set to NaN for imputation."
2026-08-26T21:11:07,VH-036,2024-05-11,load_percentage,INVALID_LOAD,SET_NULL,130.3715346575204,nan,"load_percentage=130.37 is outside valid range [0, 100]. Set to NaN for imputation."
2026-08-26T21:11:07,VH-036,2024-05-17,load_percentage,INVALID_LOAD,SET_NULL,-2.464056458187553,nan,"load_percentage=-2.46 is outside valid range [0, 100]. Set to NaN for imputation."
2026-08-26T21:11:07,VH-036,2024-08-04,load_percentage,INVALID_LOAD,SET_NULL,-2.464056458187553,nan,"load_percentage=-2.46 is outside valid range [0, 100]. Set to NaN for imputation."
2026-08-26T21:11:07,VH-037,2024-06-07,load_percentage,INVALID_LOAD,SET_NULL,130.3715346575204,nan,"load_percentage=130.37 is outside valid range [0, 100]. Set to NaN for imputation."
2026-08-26T21:11:07,VH-038,2024-02-07,load_percentage,INVALID_LOAD,SET_NULL,-2.464056458187553,nan,"load_percentage=-2.46 is outside valid range [0, 100]. Set to NaN for imputation."
2026-08-26T21:11:07,VH-038,2024-08-02,load_percentage,INVALID_LOAD,SET_NULL,-2.464056458187553,nan,"load_percentage=-2.46 is outside valid range [0, 100]. Set to NaN for imputation."
2026-08-26T21:11:07,VH-039,2024-08-26,load_percentage,INVALID_LOAD,SET_NULL,-2.464056458187553,nan,"load_percentage=-2.46 is outside valid range [0, 100]. Set to NaN for imputation."
2026-08-26T21:11:07,VH-039,2024-10-17,load_percentage,INVALID_LOAD,SET_NULL,130.3715346575204,nan,"load_percentage=130.37 is outside valid range [0, 100]. Set to NaN for imputation."
2026-08-26T21:11:07,VH-039,2024-12-02,load_percentage,INVALID_LOAD,SET_NULL,130.3715346575204,nan,"load_percentage=130.37 is outside valid range [0, 100]. Set to NaN for imputation."
2026-08-26T21:11:07,VH-040,2024-01-29,load_percentage,INVALID_LOAD,SET_NULL,130.3715346575204,nan,"load_percentage=130.37 is outside valid range [0, 100]. Set to NaN for imputation."
2026-08-26T21:11:07,VH-040,2024-03-21,load_percentage,INVALID_LOAD,SET_NULL,-2.464056458187553,nan,"load_percentage=-2.46 is outside valid range [0, 100]. Set to NaN for imputation."
2026-08-26T21:11:07,VH-040,2024-05-08,load_percentage,INVALID_LOAD,SET_NULL,130.3715346575204,nan,"load_percentage=130.37 is outside valid range [0, 100]. Set to NaN for imputation."
2026-08-26T21:11:07,VH-040,2024-05-12,load_percentage,INVALID_LOAD,SET_NULL,-2.464056458187553,nan,"load_percentage=-2.46 is outside valid range [0, 100]. Set to NaN for imputation."
2026-08-26T21:11:07,VH-040,2024-12-05,load_percentage,INVALID_LOAD,SET_NULL,-2.464056458187553,nan,"load_percentage=-2.46 is outside valid range [0, 100]. Set to NaN for imputation."
2026-08-26T21:11:07,VH-040,2024-12-10,load_percentage,INVALID_LOAD,SET_NULL,130.3715346575204,nan,"load_percentage=130.37 is outside valid range [0, 100]. Set to NaN for imputation."
2026-08-26T21:11:07,VH-001,2024-01-21,load_percentage,INVALID_LOAD,IMPUTE_VEHICLE_MEDIAN,nan,68.2,Missing/invalid load imputed using vehicle_median = 68.2.
2026-08-26T21:11:07,VH-001,2024-02-23,load_percentage,MISSING_LOAD,IMPUTE_VEHICLE_MEDIAN,nan,68.2,Missing/invalid load imputed using vehicle_median = 68.2.
2026-08-26T21:11:07,VH-001,2024-03-30,load_percentage,INVALID_LOAD,IMPUTE_VEHICLE_MEDIAN,nan,68.2,Missing/invalid load imputed using vehicle_median = 68.2.
2026-08-26T21:11:07,VH-001,2024-04-04,load_percentage,MISSING_LOAD,IMPUTE_VEHICLE_MEDIAN,nan,68.2,Missing/invalid load imputed using vehicle_median = 68.2.
2026-08-26T21:11:07,VH-001,2024-04-12,load_percentage,MISSING_LOAD,IMPUTE_VEHICLE_MEDIAN,nan,68.2,Missing/invalid load imputed using vehicle_median = 68.2.
2026-08-26T21:11:07,VH-001,2024-04-26,load_percentage,MISSING_LOAD,IMPUTE_VEHICLE_MEDIAN,nan,68.2,Missing/invalid load imputed using vehicle_median = 68.2.
2026-08-26T21:11:07,VH-001,2024-05-31,load_percentage,MISSING_LOAD,IMPUTE_VEHICLE_MEDIAN,nan,68.2,Missing/invalid load imputed using vehicle_median = 68.2.
2026-08-26T21:11:07,VH-001,2024-07-12,load_percentage,MISSING_LOAD,IMPUTE_VEHICLE_MEDIAN,nan,68.2,Missing/invalid load imputed using vehicle_median = 68.2.
2026-08-26T21:11:07,VH-001,2024-08-23,load_percentage,INVALID_LOAD,IMPUTE_VEHICLE_MEDIAN,nan,68.2,Missing/invalid load imputed using vehicle_median = 68.2.
2026-08-26T21:11:07,VH-001,2024-09-11,load_percentage,INVALID_LOAD,IMPUTE_VEHICLE_MEDIAN,nan,68.2,Missing/invalid load imputed using vehicle_median = 68.2.
2026-08-26T21:11:07,VH-001,2024-10-07,load_percentage,MISSING_LOAD,IMPUTE_VEHICLE_MEDIAN,nan,68.2,Missing/invalid load imputed using vehicle_median = 68.2.
2026-08-26T21:11:07,VH-001,2024-10-12,load_percentage,MISSING_LOAD,IMPUTE_VEHICLE_MEDIAN,nan,68.2,Missing/invalid load imputed using vehicle_median = 68.2.
2026-08-26T21:11:07,VH-001,2024-10-18,load_percentage,MISSING_LOAD,IMPUTE_VEHICLE_MEDIAN,nan,68.2,Missing/invalid load imputed using vehicle_median = 68.2.
2026-08-26T21:11:07,VH-001,2024-10-23,load_percentage,MISSING_LOAD,IMPUTE_VEHICLE_MEDIAN,nan,68.2,Missing/invalid load imputed using vehicle_median = 68.2.
2026-08-26T21:11:07,VH-001,2024-12-02,load_percentage,MISSING_LOAD,IMPUTE_VEHICLE_MEDIAN,nan,68.2,Missing/invalid load imputed using vehicle_median = 68.2.
2026-08-26T21:11:07,VH-001,2024-12-03,load_percentage,INVALID_LOAD,IMPUTE_VEHICLE_MEDIAN,nan,68.2,Missing/invalid load imputed using vehicle_median = 68.2.
2026-08-26T21:11:07,VH-001,2024-12-16,load_percentage,MISSING_LOAD,IMPUTE_VEHICLE_MEDIAN,nan,68.2,Missing/invalid load imputed using vehicle_median = 68.2.
2026-08-26T21:11:07,VH-001,2024-12-26,load_percentage,MISSING_LOAD,IMPUTE_VEHICLE_MEDIAN,nan,68.2,Missing/invalid load imputed using vehicle_median = 68.2.
2026-08-26T21:11:07,VH-002,2024-01-10,load_percentage,MISSING_LOAD,IMPUTE_VEHICLE_MEDIAN,nan,67.28,Missing/invalid load imputed using vehicle_median = 67.28.
2026-08-26T21:11:07,VH-002,2024-01-14,load_percentage,INVALID_LOAD,IMPUTE_VEHICLE_MEDIAN,nan,67.28,Missing/invalid load imputed using vehicle_median = 67.28.
2026-08-26T21:11:07,VH-002,2024-01-16,load_percentage,MISSING_LOAD,IMPUTE_VEHICLE_MEDIAN,nan,67.28,Missing/invalid load imputed using vehicle_median = 67.28.
2026-08-26T21:11:07,VH-002,2024-01-23,load_percentage,MISSING_LOAD,IMPUTE_VEHICLE_MEDIAN,nan,67.28,Missing/invalid load imputed using vehicle_median = 67.28.
2026-08-26T21:11:07,VH-002,2024-01-30,load_percentage,MISSING_LOAD,IMPUTE_VEHICLE_MEDIAN,nan,67.28,Missing/invalid load imputed using vehicle_median = 67.28.
2026-08-26T21:11:07,VH-002,2024-03-10,load_percentage,INVALID_LOAD,IMPUTE_VEHICLE_MEDIAN,nan,67.28,Missing/invalid load imputed using vehicle_median = 67.28.
2026-08-26T21:11:07,VH-002,2024-03-19,load_percentage,MISSING_LOAD,IMPUTE_VEHICLE_MEDIAN,nan,67.28,Missing/invalid load imputed using vehicle_median = 67.28.
2026-08-26T21:11:07,VH-002,2024-03-20,load_percentage,INVALID_LOAD,IMPUTE_VEHICLE_MEDIAN,nan,67.28,Missing/invalid load imputed using vehicle_median = 67.28.
2026-08-26T21:11:07,VH-002,2024-04-22,load_percentage,MISSING_LOAD,IMPUTE_VEHICLE_MEDIAN,nan,67.28,Missing/invalid load imputed using vehicle_median = 67.28.
2026-08-26T21:11:07,VH-002,2024-06-01,load_percentage,INVALID_LOAD,IMPUTE_VEHICLE_MEDIAN,nan,67.28,Missing/invalid load imputed using vehicle_median = 67.28.
2026-08-26T21:11:07,VH-002,2024-07-21,load_percentage,MISSING_LOAD,IMPUTE_VEHICLE_MEDIAN,nan,67.28,Missing/invalid load imputed using vehicle_median = 67.28.
2026-08-26T21:11:07,VH-002,2024-08-09,load_percentage,MISSING_LOAD,IMPUTE_VEHICLE_MEDIAN,nan,67.28,Missing/invalid load imputed using vehicle_median = 67.28.
2026-08-26T21:11:07,VH-002,2024-08-27,load_percentage,INVALID_LOAD,IMPUTE_VEHICLE_MEDIAN,nan,67.28,Missing/invalid load imputed using vehicle_median = 67.28.
2026-08-26T21:11:07,VH-002,2024-09-16,load_percentage,MISSING_LOAD,IMPUTE_VEHICLE_MEDIAN,nan,67.28,Missing/invalid load imputed using vehicle_median = 67.28.
2026-08-26T21:11:07,VH-002,2024-09-20,load_percentage,INVALID_LOAD,IMPUTE_VEHICLE_MEDIAN,nan,67.28,Missing/invalid load imputed using vehicle_median = 67.28.
2026-08-26T21:11:07,VH-002,2024-09-30,load_percentage,MISSING_LOAD,IMPUTE_VEHICLE_MEDIAN,nan,67.28,Missing/invalid load imputed using vehicle_median = 67.28.
2026-08-26T21:11:07,VH-002,2024-10-07,load_percentage,MISSING_LOAD,IMPUTE_VEHICLE_MEDIAN,nan,67.28,Missing/invalid load imputed using vehicle_median = 67.28.
2026-08-26T21:11:07,VH-002,2024-11-07,load_percentage,INVALID_LOAD,IMPUTE_VEHICLE_MEDIAN,nan,67.28,Missing/invalid load imputed using vehicle_median = 67.28.
2026-08-26T21:11:07,VH-002,2024-12-11,load_percentage,MISSING_LOAD,IMPUTE_VEHICLE_MEDIAN,nan,67.28,Missing/invalid load imputed using vehicle_median = 67.28.
2026-08-26T21:11:07,VH-003,2024-03-20,load_percentage,INVALID_LOAD,IMPUTE_VEHICLE_MEDIAN,nan,67.56,Missing/invalid load imputed using vehicle_median = 67.56.
2026-08-26T21:11:07,VH-003,2024-03-29,load_percentage,INVALID_LOAD,IMPUTE_VEHICLE_MEDIAN,nan,67.56,Missing/invalid load imputed using vehicle_median = 67.56.
2026-08-26T21:11:07,VH-003,2024-04-21,load_percentage,INVALID_LOAD,IMPUTE_VEHICLE_MEDIAN,nan,67.56,Missing/invalid load imputed using vehicle_median = 67.56.
2026-08-26T21:11:07,VH-003,2024-05-31,load_percentage,MISSING_LOAD,IMPUTE_VEHICLE_MEDIAN,nan,67.56,Missing/invalid load imputed using vehicle_median = 67.56.
2026-08-26T21:11:07,VH-003,2024-06-10,load_percentage,MISSING_LOAD,IMPUTE_VEHICLE_MEDIAN,nan,67.56,Missing/invalid load imputed using vehicle_median = 67.56.
2026-08-26T21:11:07,VH-003,2024-08-19,load_percentage,MISSING_LOAD,IMPUTE_VEHICLE_MEDIAN,nan,67.56,Missing/invalid load imputed using vehicle_median = 67.56.
2026-08-26T21:11:07,VH-003,2024-09-05,load_percentage,MISSING_LOAD,IMPUTE_VEHICLE_MEDIAN,nan,67.56,Missing/invalid load imputed using vehicle_median = 67.56.
2026-08-26T21:11:07,VH-003,2024-09-27,load_percentage,MISSING_LOAD,IMPUTE_VEHICLE_MEDIAN,nan,67.56,Missing/invalid load imputed using vehicle_median = 67.56.
2026-08-26T21:11:07,VH-003,2024-10-29,load_percentage,MISSING_LOAD,IMPUTE_VEHICLE_MEDIAN,nan,67.56,Missing/invalid load imputed using vehicle_median = 67.56.
2026-08-26T21:11:07,VH-003,2024-11-25,load_percentage,MISSING_LOAD,IMPUTE_VEHICLE_MEDIAN,nan,67.56,Missing/invalid load imputed using vehicle_median = 67.56.
2026-08-26T21:11:07,VH-003,2024-12-15,load_percentage,MISSING_LOAD,IMPUTE_VEHICLE_MEDIAN,nan,67.56,Missing/invalid load imputed using vehicle_median = 67.56.
2026-08-26T21:11:07,VH-004,2024-01-13,load_percentage,MISSING_LOAD,IMPUTE_VEHICLE_MEDIAN,nan,67.87,Missing/invalid load imputed using vehicle_median = 67.87.
2026-08-26T21:11:07,VH-004,2024-03-14,load_percentage,MISSING_LOAD,IMPUTE_VEHICLE_MEDIAN,nan,67.87,Missing/invalid load imputed using vehicle_median = 67.87.
2026-08-26T21:11:07,VH-004,2024-03-15,load_percentage,INVALID_LOAD,IMPUTE_VEHICLE_MEDIAN,nan,67.87,Missing/invalid load imputed using vehicle_median = 67.87.
2026-08-26T21:11:07,VH-004,2024-04-07,load_percentage,MISSING_LOAD,IMPUTE_VEHICLE_MEDIAN,nan,67.87,Missing/invalid load imputed using vehicle_median = 67.87.
2026-08-26T21:11:07,VH-004,2024-04-13,load_percentage,MISSING_LOAD,IMPUTE_VEHICLE_MEDIAN,nan,67.87,Missing/invalid load imputed using vehicle_median = 67.87.
2026-08-26T21:11:07,VH-004,2024-06-19,load_percentage,MISSING_LOAD,IMPUTE_VEHICLE_MEDIAN,nan,67.87,Missing/invalid load imputed using vehicle_median = 67.87.
2026-08-26T21:11:07,VH-004,2024-06-27,load_percentage,MISSING_LOAD,IMPUTE_VEHICLE_MEDIAN,nan,67.87,Missing/invalid load imputed using vehicle_median = 67.87.
2026-08-26T21:11:07,VH-004,2024-07-12,load_percentage,MISSING_LOAD,IMPUTE_VEHICLE_MEDIAN,nan,67.87,Missing/invalid load imputed using vehicle_median = 67.87.
2026-08-26T21:11:07,VH-004,2024-07-26,load_percentage,INVALID_LOAD,IMPUTE_VEHICLE_MEDIAN,nan,67.87,Missing/invalid load imputed using vehicle_median = 67.87.
2026-08-26T21:11:07,VH-004,2024-10-15,load_percentage,MISSING_LOAD,IMPUTE_VEHICLE_MEDIAN,nan,67.87,Missing/invalid load imputed using vehicle_median = 67.87.
2026-08-26T21:11:07,VH-004,2024-11-09,load_percentage,INVALID_LOAD,IMPUTE_VEHICLE_MEDIAN,nan,67.87,Missing/invalid load imputed using vehicle_median = 67.87.
2026-08-26T21:11:07,VH-005,2024-02-02,load_percentage,MISSING_LOAD,IMPUTE_VEHICLE_MEDIAN,nan,70.54,Missing/invalid load imputed using vehicle_median = 70.54.
2026-08-26T21:11:07,VH-005,2024-03-31,load_percentage,INVALID_LOAD,IMPUTE_VEHICLE_MEDIAN,nan,70.54,Missing/invalid load imputed using vehicle_median = 70.54.
2026-08-26T21:11:07,VH-005,2024-04-29,load_percentage,MISSING_LOAD,IMPUTE_VEHICLE_MEDIAN,nan,70.54,Missing/invalid load imputed using vehicle_median = 70.54.
2026-08-26T21:11:07,VH-005,2024-05-24,load_percentage,MISSING_LOAD,IMPUTE_VEHICLE_MEDIAN,nan,70.54,Missing/invalid load imputed using vehicle_median = 70.54.
2026-08-26T21:11:07,VH-005,2024-06-26,load_percentage,INVALID_LOAD,IMPUTE_VEHICLE_MEDIAN,nan,70.54,Missing/invalid load imputed using vehicle_median = 70.54.
2026-08-26T21:11:07,VH-005,2024-07-05,load_percentage,MISSING_LOAD,IMPUTE_VEHICLE_MEDIAN,nan,70.54,Missing/invalid load imputed using vehicle_median = 70.54.
2026-08-26T21:11:07,VH-005,2024-07-15,load_percentage,MISSING_LOAD,IMPUTE_VEHICLE_MEDIAN,nan,70.54,Missing/invalid load imputed using vehicle_median = 70.54.
2026-08-26T21:11:07,VH-005,2024-08-20,load_percentage,MISSING_LOAD,IMPUTE_VEHICLE_MEDIAN,nan,70.54,Missing/invalid load imputed using vehicle_median = 70.54.
2026-08-26T21:11:07,VH-005,2024-10-03,load_percentage,MISSING_LOAD,IMPUTE_VEHICLE_MEDIAN,nan,70.54,Missing/invalid load imputed using vehicle_median = 70.54.
2026-08-26T21:11:07,VH-005,2024-10-15,load_percentage,MISSING_LOAD,IMPUTE_VEHICLE_MEDIAN,nan,70.54,Missing/invalid load imputed using vehicle_median = 70.54.
2026-08-26T21:11:07,VH-005,2024-11-05,load_percentage,MISSING_LOAD,IMPUTE_VEHICLE_MEDIAN,nan,70.54,Missing/invalid load imputed using vehicle_median = 70.54.
2026-08-26T21:11:07,VH-005,2024-11-12,load_percentage,MISSING_LOAD,IMPUTE_VEHICLE_MEDIAN,nan,70.54,Missing/invalid load imputed using vehicle_median = 70.54.
2026-08-26T21:11:07,VH-005,2024-11-20,load_percentage,MISSING_LOAD,IMPUTE_VEHICLE_MEDIAN,nan,70.54,Missing/invalid load imputed using vehicle_median = 70.54.
2026-08-26T21:11:07,VH-005,2024-12-02,load_percentage,INVALID_LOAD,IMPUTE_VEHICLE_MEDIAN,nan,70.54,Missing/invalid load imputed using vehicle_median = 70.54.
2026-08-26T21:11:07,VH-006,2024-01-12,load_percentage,MISSING_LOAD,IMPUTE_VEHICLE_MEDIAN,nan,70.31,Missing/invalid load imputed using vehicle_median = 70.31.
2026-08-26T21:11:07,VH-006,2024-01-28,load_percentage,MISSING_LOAD,IMPUTE_VEHICLE_MEDIAN,nan,70.31,Missing/invalid load imputed using vehicle_median = 70.31.
2026-08-26T21:11:07,VH-006,2024-02-12,load_percentage,MISSING_LOAD,IMPUTE_VEHICLE_MEDIAN,nan,70.31,Missing/invalid load imputed using vehicle_median = 70.31.
2026-08-26T21:11:07,VH-006,2024-02-15,load_percentage,MISSING_LOAD,IMPUTE_VEHICLE_MEDIAN,nan,70.31,Missing/invalid load imputed using vehicle_median = 70.31.
2026-08-26T21:11:07,VH-006,2024-02-26,load_percentage,INVALID_LOAD,IMPUTE_VEHICLE_MEDIAN,nan,70.31,Missing/invalid load imputed using vehicle_median = 70.31.
2026-08-26T21:11:07,VH-006,2024-03-05,load_percentage,MISSING_LOAD,IMPUTE_VEHICLE_MEDIAN,nan,70.31,Missing/invalid load imputed using vehicle_median = 70.31.
2026-08-26T21:11:07,VH-006,2024-03-07,load_percentage,INVALID_LOAD,IMPUTE_VEHICLE_MEDIAN,nan,70.31,Missing/invalid load imputed using vehicle_median = 70.31.
2026-08-26T21:11:07,VH-006,2024-06-30,load_percentage,MISSING_LOAD,IMPUTE_VEHICLE_MEDIAN,nan,70.31,Missing/invalid load imputed using vehicle_median = 70.31.
2026-08-26T21:11:07,VH-006,2024-08-07,load_percentage,MISSING_LOAD,IMPUTE_VEHICLE_MEDIAN,nan,70.31,Missing/invalid load imputed using vehicle_median = 70.31.
2026-08-26T21:11:07,VH-006,2024-08-09,load_percentage,MISSING_LOAD,IMPUTE_VEHICLE_MEDIAN,nan,70.31,Missing/invalid load imputed using vehicle_median = 70.31.
2026-08-26T21:11:07,VH-006,2024-08-19,load_percentage,MISSING_LOAD,IMPUTE_VEHICLE_MEDIAN,nan,70.31,Missing/invalid load imputed using vehicle_median = 70.31.
2026-08-26T21:11:07,VH-006,2024-09-02,load_percentage,MISSING_LOAD,IMPUTE_VEHICLE_MEDIAN,nan,70.31,Missing/invalid load imputed using vehicle_median = 70.31.
2026-08-26T21:11:07,VH-006,2024-09-04,load_percentage,INVALID_LOAD,IMPUTE_VEHICLE_MEDIAN,nan,70.31,Missing/invalid load imputed using vehicle_median = 70.31.
2026-08-26T21:11:07,VH-006,2024-09-07,load_percentage,MISSING_LOAD,IMPUTE_VEHICLE_MEDIAN,nan,70.31,Missing/invalid load imputed using vehicle_median = 70.31.
2026-08-26T21:11:07,VH-006,2024-09-14,load_percentage,MISSING_LOAD,IMPUTE_VEHICLE_MEDIAN,nan,70.31,Missing/invalid load imputed using vehicle_median = 70.31.
2026-08-26T21:11:07,VH-006,2024-09-16,load_percentage,MISSING_LOAD,IMPUTE_VEHICLE_MEDIAN,nan,70.31,Missing/invalid load imputed using vehicle_median = 70.31.
2026-08-26T21:11:07,VH-006,2024-10-06,load_percentage,MISSING_LOAD,IMPUTE_VEHICLE_MEDIAN,nan,70.31,Missing/invalid load imputed using vehicle_median = 70.31.
2026-08-26T21:11:07,VH-006,2024-10-20,load_percentage,MISSING_LOAD,IMPUTE_VEHICLE_MEDIAN,nan,70.31,Missing/invalid load imputed using vehicle_median = 70.31.
2026-08-26T21:11:07,VH-006,2024-11-25,load_percentage,MISSING_LOAD,IMPUTE_VEHICLE_MEDIAN,nan,70.31,Missing/invalid load imputed using vehicle_median = 70.31.
2026-08-26T21:11:07,VH-006,2024-11-27,load_percentage,MISSING_LOAD,IMPUTE_VEHICLE_MEDIAN,nan,70.31,Missing/invalid load imputed using vehicle_median = 70.31.
2026-08-26T21:11:07,VH-006,2024-11-28,load_percentage,MISSING_LOAD,IMPUTE_VEHICLE_MEDIAN,nan,70.31,Missing/invalid load imputed using vehicle_median = 70.31.
2026-08-26T21:11:07,VH-006,2024-12-20,load_percentage,MISSING_LOAD,IMPUTE_VEHICLE_MEDIAN,nan,70.31,Missing/invalid load imputed using vehicle_median = 70.31.
2026-08-26T21:11:07,VH-006,2024-12-29,load_percentage,MISSING_LOAD,IMPUTE_VEHICLE_MEDIAN,nan,70.31,Missing/invalid load imputed using vehicle_median = 70.31.
2026-08-26T21:11:07,VH-007,2024-02-23,load_percentage,MISSING_LOAD,IMPUTE_VEHICLE_MEDIAN,nan,69.61,Missing/invalid load imputed using vehicle_median = 69.61.
2026-08-26T21:11:07,VH-007,2024-03-22,load_percentage,MISSING_LOAD,IMPUTE_VEHICLE_MEDIAN,nan,69.61,Missing/invalid load imputed using vehicle_median = 69.61.
2026-08-26T21:11:07,VH-007,2024-04-21,load_percentage,MISSING_LOAD,IMPUTE_VEHICLE_MEDIAN,nan,69.61,Missing/invalid load imputed using vehicle_median = 69.61.
2026-08-26T21:11:07,VH-007,2024-04-28,load_percentage,MISSING_LOAD,IMPUTE_VEHICLE_MEDIAN,nan,69.61,Missing/invalid load imputed using vehicle_median = 69.61.
2026-08-26T21:11:07,VH-007,2024-05-07,load_percentage,MISSING_LOAD,IMPUTE_VEHICLE_MEDIAN,nan,69.61,Missing/invalid load imputed using vehicle_median = 69.61.
2026-08-26T21:11:07,VH-007,2024-05-18,load_percentage,INVALID_LOAD,IMPUTE_VEHICLE_MEDIAN,nan,69.61,Missing/invalid load imputed using vehicle_median = 69.61.
2026-08-26T21:11:07,VH-007,2024-06-08,load_percentage,MISSING_LOAD,IMPUTE_VEHICLE_MEDIAN,nan,69.61,Missing/invalid load imputed using vehicle_median = 69.61.
2026-08-26T21:11:07,VH-007,2024-07-02,load_percentage,MISSING_LOAD,IMPUTE_VEHICLE_MEDIAN,nan,69.61,Missing/invalid load imputed using vehicle_median = 69.61.
2026-08-26T21:11:07,VH-007,2024-07-09,load_percentage,MISSING_LOAD,IMPUTE_VEHICLE_MEDIAN,nan,69.61,Missing/invalid load imputed using vehicle_median = 69.61.
2026-08-26T21:11:07,VH-007,2024-07-27,load_percentage,INVALID_LOAD,IMPUTE_VEHICLE_MEDIAN,nan,69.61,Missing/invalid load imputed using vehicle_median = 69.61.
2026-08-26T21:11:07,VH-007,2024-07-28,load_percentage,MISSING_LOAD,IMPUTE_VEHICLE_MEDIAN,nan,69.61,Missing/invalid load imputed using vehicle_median = 69.61.
2026-08-26T21:11:07,VH-007,2024-08-11,load_percentage,MISSING_LOAD,IMPUTE_VEHICLE_MEDIAN,nan,69.61,Missing/invalid load imputed using vehicle_median = 69.61.
2026-08-26T21:11:07,VH-007,2024-08-19,load_percentage,INVALID_LOAD,IMPUTE_VEHICLE_MEDIAN,nan,69.61,Missing/invalid load imputed using vehicle_median = 69.61.
2026-08-26T21:11:07,VH-007,2024-08-23,load_percentage,MISSING_LOAD,IMPUTE_VEHICLE_MEDIAN,nan,69.61,Missing/invalid load imputed using vehicle_median = 69.61.
2026-08-26T21:11:07,VH-007,2024-08-24,load_percentage,MISSING_LOAD,IMPUTE_VEHICLE_MEDIAN,nan,69.61,Missing/invalid load imputed using vehicle_median = 69.61.
2026-08-26T21:11:07,VH-007,2024-08-25,load_percentage,MISSING_LOAD,IMPUTE_VEHICLE_MEDIAN,nan,69.61,Missing/invalid load imputed using vehicle_median = 69.61.
2026-08-26T21:11:07,VH-007,2024-09-21,load_percentage,MISSING_LOAD,IMPUTE_VEHICLE_MEDIAN,nan,69.61,Missing/invalid load imputed using vehicle_median = 69.61.
2026-08-26T21:11:07,VH-007,2024-09-24,load_percentage,INVALID_LOAD,IMPUTE_VEHICLE_MEDIAN,nan,69.61,Missing/invalid load imputed using vehicle_median = 69.61.
2026-08-26T21:11:07,VH-007,2024-10-16,load_percentage,MISSING_LOAD,IMPUTE_VEHICLE_MEDIAN,nan,69.61,Missing/invalid load imputed using vehicle_median = 69.61.
2026-08-26T21:11:07,VH-007,2024-10-23,load_percentage,MISSING_LOAD,IMPUTE_VEHICLE_MEDIAN,nan,69.61,Missing/invalid load imputed using vehicle_median = 69.61.
2026-08-26T21:11:07,VH-007,2024-11-18,load_percentage,MISSING_LOAD,IMPUTE_VEHICLE_MEDIAN,nan,69.61,Missing/invalid load imputed using vehicle_median = 69.61.
2026-08-26T21:11:07,VH-007,2024-12-04,load_percentage,MISSING_LOAD,IMPUTE_VEHICLE_MEDIAN,nan,69.61,Missing/invalid load imputed using vehicle_median = 69.61.
2026-08-26T21:11:07,VH-007,2024-12-06,load_percentage,INVALID_LOAD,IMPUTE_VEHICLE_MEDIAN,nan,69.61,Missing/invalid load imputed using vehicle_median = 69.61.
2026-08-26T21:11:07,VH-007,2024-12-27,load_percentage,MISSING_LOAD,IMPUTE_VEHICLE_MEDIAN,nan,69.61,Missing/invalid load imputed using vehicle_median = 69.61.
2026-08-26T21:11:07,VH-008,2024-01-01,load_percentage,INVALID_LOAD,IMPUTE_VEHICLE_MEDIAN,nan,70.27,Missing/invalid load imputed using vehicle_median = 70.27.
2026-08-26T21:11:07,VH-008,2024-01-11,load_percentage,INVALID_LOAD,IMPUTE_VEHICLE_MEDIAN,nan,70.27,Missing/invalid load imputed using vehicle_median = 70.27.
2026-08-26T21:11:07,VH-008,2024-02-06,load_percentage,INVALID_LOAD,IMPUTE_VEHICLE_MEDIAN,nan,70.27,Missing/invalid load imputed using vehicle_median = 70.27.
2026-08-26T21:11:07,VH-008,2024-03-05,load_percentage,MISSING_LOAD,IMPUTE_VEHICLE_MEDIAN,nan,70.27,Missing/invalid load imputed using vehicle_median = 70.27.
2026-08-26T21:11:07,VH-008,2024-03-30,load_percentage,MISSING_LOAD,IMPUTE_VEHICLE_MEDIAN,nan,70.27,Missing/invalid load imputed using vehicle_median = 70.27.
2026-08-26T21:11:07,VH-008,2024-04-06,load_percentage,MISSING_LOAD,IMPUTE_VEHICLE_MEDIAN,nan,70.27,Missing/invalid load imputed using vehicle_median = 70.27.
2026-08-26T21:11:07,VH-008,2024-04-12,load_percentage,INVALID_LOAD,IMPUTE_VEHICLE_MEDIAN,nan,70.27,Missing/invalid load imputed using vehicle_median = 70.27.
2026-08-26T21:11:07,VH-008,2024-04-22,load_percentage,MISSING_LOAD,IMPUTE_VEHICLE_MEDIAN,nan,70.27,Missing/invalid load imputed using vehicle_median = 70.27.
2026-08-26T21:11:07,VH-008,2024-08-14,load_percentage,INVALID_LOAD,IMPUTE_VEHICLE_MEDIAN,nan,70.27,Missing/invalid load imputed using vehicle_median = 70.27.
2026-08-26T21:11:07,VH-008,2024-08-17,load_percentage,MISSING_LOAD,IMPUTE_VEHICLE_MEDIAN,nan,70.27,Missing/invalid load imputed using vehicle_median = 70.27.
2026-08-26T21:11:07,VH-008,2024-08-28,load_percentage,MISSING_LOAD,IMPUTE_VEHICLE_MEDIAN,nan,70.27,Missing/invalid load imputed using vehicle_median = 70.27.
2026-08-26T21:11:07,VH-008,2024-09-02,load_percentage,MISSING_LOAD,IMPUTE_VEHICLE_MEDIAN,nan,70.27,Missing/invalid load imputed using vehicle_median = 70.27.
2026-08-26T21:11:07,VH-008,2024-09-14,load_percentage,MISSING_LOAD,IMPUTE_VEHICLE_MEDIAN,nan,70.27,Missing/invalid load imputed using vehicle_median = 70.27.
2026-08-26T21:11:07,VH-008,2024-09-15,load_percentage,MISSING_LOAD,IMPUTE_VEHICLE_MEDIAN,nan,70.27,Missing/invalid load imputed using vehicle_median = 70.27.
2026-08-26T21:11:07,VH-008,2024-10-17,load_percentage,MISSING_LOAD,IMPUTE_VEHICLE_MEDIAN,nan,70.27,Missing/invalid load imputed using vehicle_median = 70.27.
2026-08-26T21:11:07,VH-008,2024-11-03,load_percentage,MISSING_LOAD,IMPUTE_VEHICLE_MEDIAN,nan,70.27,Missing/invalid load imputed using vehicle_median = 70.27.
2026-08-26T21:11:07,VH-008,2024-11-07,load_percentage,INVALID_LOAD,IMPUTE_VEHICLE_MEDIAN,nan,70.27,Missing/invalid load imputed using vehicle_median = 70.27.
2026-08-26T21:11:07,VH-008,2024-11-29,load_percentage,MISSING_LOAD,IMPUTE_VEHICLE_MEDIAN,nan,70.27,Missing/invalid load imputed using vehicle_median = 70.27.
2026-08-26T21:11:07,VH-008,2024-12-20,load_percentage,MISSING_LOAD,IMPUTE_VEHICLE_MEDIAN,nan,70.27,Missing/invalid load imputed using vehicle_median = 70.27.
2026-08-26T21:11:07,VH-008,2024-12-22,load_percentage,MISSING_LOAD,IMPUTE_VEHICLE_MEDIAN,nan,70.27,Missing/invalid load imputed using vehicle_median = 70.27.
2026-08-26T21:11:07,VH-009,2024-01-30,load_percentage,INVALID_LOAD,IMPUTE_VEHICLE_MEDIAN,nan,70.31,Missing/invalid load imputed using vehicle_median = 70.31.
2026-08-26T21:11:07,VH-009,2024-03-28,load_percentage,MISSING_LOAD,IMPUTE_VEHICLE_MEDIAN,nan,70.31,Missing/invalid load imputed using vehicle_median = 70.31.
2026-08-26T21:11:07,VH-009,2024-04-01,load_percentage,MISSING_LOAD,IMPUTE_VEHICLE_MEDIAN,nan,70.31,Missing/invalid load imputed using vehicle_median = 70.31.
2026-08-26T21:11:07,VH-009,2024-05-03,load_percentage,MISSING_LOAD,IMPUTE_VEHICLE_MEDIAN,nan,70.31,Missing/invalid load imputed using vehicle_median = 70.31.
2026-08-26T21:11:07,VH-009,2024-05-10,load_percentage,MISSING_LOAD,IMPUTE_VEHICLE_MEDIAN,nan,70.31,Missing/invalid load imputed using vehicle_median = 70.31.
2026-08-26T21:11:07,VH-009,2024-06-23,load_percentage,INVALID_LOAD,IMPUTE_VEHICLE_MEDIAN,nan,70.31,Missing/invalid load imputed using vehicle_median = 70.31.
2026-08-26T21:11:07,VH-009,2024-06-24,load_percentage,MISSING_LOAD,IMPUTE_VEHICLE_MEDIAN,nan,70.31,Missing/invalid load imputed using vehicle_median = 70.31.
2026-08-26T21:11:07,VH-009,2024-07-11,load_percentage,MISSING_LOAD,IMPUTE_VEHICLE_MEDIAN,nan,70.31,Missing/invalid load imputed using vehicle_median = 70.31.
2026-08-26T21:11:07,VH-009,2024-07-27,load_percentage,MISSING_LOAD,IMPUTE_VEHICLE_MEDIAN,nan,70.31,Missing/invalid load imputed using vehicle_median = 70.31.
2026-08-26T21:11:07,VH-009,2024-09-01,load_percentage,MISSING_LOAD,IMPUTE_VEHICLE_MEDIAN,nan,70.31,Missing/invalid load imputed using vehicle_median = 70.31.
2026-08-26T21:11:07,VH-009,2024-09-17,load_percentage,MISSING_LOAD,IMPUTE_VEHICLE_MEDIAN,nan,70.31,Missing/invalid load imputed using vehicle_median = 70.31.
2026-08-26T21:11:07,VH-009,2024-09-23,load_percentage,MISSING_LOAD,IMPUTE_VEHICLE_MEDIAN,nan,70.31,Missing/invalid load imputed using vehicle_median = 70.31.
2026-08-26T21:11:07,VH-009,2024-10-16,load_percentage,MISSING_LOAD,IMPUTE_VEHICLE_MEDIAN,nan,70.31,Missing/invalid load imputed using vehicle_median = 70.31.
2026-08-26T21:11:07,VH-009,2024-10-19,load_percentage,MISSING_LOAD,IMPUTE_VEHICLE_MEDIAN,nan,70.31,Missing/invalid load imputed using vehicle_median = 70.31.
2026-08-26T21:11:07,VH-009,2024-11-01,load_percentage,MISSING_LOAD,IMPUTE_VEHICLE_MEDIAN,nan,70.31,Missing/invalid load imputed using vehicle_median = 70.31.
2026-08-26T21:11:07,VH-009,2024-11-17,load_percentage,MISSING_LOAD,IMPUTE_VEHICLE_MEDIAN,nan,70.31,Missing/invalid load imputed using vehicle_median = 70.31.
2026-08-26T21:11:07,VH-009,2024-11-23,load_percentage,MISSING_LOAD,IMPUTE_VEHICLE_MEDIAN,nan,70.31,Missing/invalid load imputed using vehicle_median = 70.31.
2026-08-26T21:11:07,VH-009,2024-11-28,load_percentage,MISSING_LOAD,IMPUTE_VEHICLE_MEDIAN,nan,70.31,Missing/invalid load imputed using vehicle_median = 70.31.
2026-08-26T21:11:07,VH-009,2024-12-07,load_percentage,INVALID_LOAD,IMPUTE_VEHICLE_MEDIAN,nan,70.31,Missing/invalid load imputed using vehicle_median = 70.31.
2026-08-26T21:11:07,VH-009,2024-12-08,load_percentage,MISSING_LOAD,IMPUTE_VEHICLE_MEDIAN,nan,70.31,Missing/invalid load imputed using vehicle_median = 70.31.
2026-08-26T21:11:07,VH-009,2024-12-20,load_percentage,INVALID_LOAD,IMPUTE_VEHICLE_MEDIAN,nan,70.31,Missing/invalid load imputed using vehicle_median = 70.31.
2026-08-26T21:11:07,VH-010,2024-02-23,load_percentage,INVALID_LOAD,IMPUTE_VEHICLE_MEDIAN,nan,69.13,Missing/invalid load imputed using vehicle_median = 69.13.
2026-08-26T21:11:07,VH-010,2024-03-04,load_percentage,INVALID_LOAD,IMPUTE_VEHICLE_MEDIAN,nan,69.13,Missing/invalid load imputed using vehicle_median = 69.13.
2026-08-26T21:11:07,VH-010,2024-04-05,load_percentage,INVALID_LOAD,IMPUTE_VEHICLE_MEDIAN,nan,69.13,Missing/invalid load imputed using vehicle_median = 69.13.
2026-08-26T21:11:07,VH-010,2024-04-17,load_percentage,INVALID_LOAD,IMPUTE_VEHICLE_MEDIAN,nan,69.13,Missing/invalid load imputed using vehicle_median = 69.13.
2026-08-26T21:11:07,VH-010,2024-04-18,load_percentage,MISSING_LOAD,IMPUTE_VEHICLE_MEDIAN,nan,69.13,Missing/invalid load imputed using vehicle_median = 69.13.
2026-08-26T21:11:07,VH-010,2024-06-13,load_percentage,MISSING_LOAD,IMPUTE_VEHICLE_MEDIAN,nan,69.13,Missing/invalid load imputed using vehicle_median = 69.13.
2026-08-26T21:11:07,VH-010,2024-06-23,load_percentage,MISSING_LOAD,IMPUTE_VEHICLE_MEDIAN,nan,69.13,Missing/invalid load imputed using vehicle_median = 69.13.
2026-08-26T21:11:07,VH-010,2024-07-24,load_percentage,MISSING_LOAD,IMPUTE_VEHICLE_MEDIAN,nan,69.13,Missing/invalid load imputed using vehicle_median = 69.13.
2026-08-26T21:11:07,VH-010,2024-08-03,load_percentage,INVALID_LOAD,IMPUTE_VEHICLE_MEDIAN,nan,69.13,Missing/invalid load imputed using vehicle_median = 69.13.
2026-08-26T21:11:07,VH-010,2024-08-07,load_percentage,MISSING_LOAD,IMPUTE_VEHICLE_MEDIAN,nan,69.13,Missing/invalid load imputed using vehicle_median = 69.13.
2026-08-26T21:11:07,VH-010,2024-08-20,load_percentage,MISSING_LOAD,IMPUTE_VEHICLE_MEDIAN,nan,69.13,Missing/invalid load imputed using vehicle_median = 69.13.
2026-08-26T21:11:07,VH-010,2024-09-15,load_percentage,MISSING_LOAD,IMPUTE_VEHICLE_MEDIAN,nan,69.13,Missing/invalid load imputed using vehicle_median = 69.13.
2026-08-26T21:11:07,VH-010,2024-09-19,load_percentage,INVALID_LOAD,IMPUTE_VEHICLE_MEDIAN,nan,69.13,Missing/invalid load imputed using vehicle_median = 69.13.
2026-08-26T21:11:07,VH-010,2024-10-20,load_percentage,INVALID_LOAD,IMPUTE_VEHICLE_MEDIAN,nan,69.13,Missing/invalid load imputed using vehicle_median = 69.13.
2026-08-26T21:11:07,VH-010,2024-11-13,load_percentage,MISSING_LOAD,IMPUTE_VEHICLE_MEDIAN,nan,69.13,Missing/invalid load imputed using vehicle_median = 69.13.
2026-08-26T21:11:07,VH-010,2024-12-06,load_percentage,MISSING_LOAD,IMPUTE_VEHICLE_MEDIAN,nan,69.13,Missing/invalid load imputed using vehicle_median = 69.13.
2026-08-26T21:11:07,VH-011,2024-01-01,load_percentage,MISSING_LOAD,IMPUTE_VEHICLE_MEDIAN,nan,69.69,Missing/invalid load imputed using vehicle_median = 69.69.
2026-08-26T21:11:07,VH-011,2024-01-11,load_percentage,MISSING_LOAD,IMPUTE_VEHICLE_MEDIAN,nan,69.69,Missing/invalid load imputed using vehicle_median = 69.69.
2026-08-26T21:11:07,VH-011,2024-01-16,load_percentage,MISSING_LOAD,IMPUTE_VEHICLE_MEDIAN,nan,69.69,Missing/invalid load imputed using vehicle_median = 69.69.
2026-08-26T21:11:07,VH-011,2024-02-17,load_percentage,MISSING_LOAD,IMPUTE_VEHICLE_MEDIAN,nan,69.69,Missing/invalid load imputed using vehicle_median = 69.69.
2026-08-26T21:11:07,VH-011,2024-04-18,load_percentage,MISSING_LOAD,IMPUTE_VEHICLE_MEDIAN,nan,69.69,Missing/invalid load imputed using vehicle_median = 69.69.
2026-08-26T21:11:07,VH-011,2024-04-29,load_percentage,MISSING_LOAD,IMPUTE_VEHICLE_MEDIAN,nan,69.69,Missing/invalid load imputed using vehicle_median = 69.69.
2026-08-26T21:11:07,VH-011,2024-06-10,load_percentage,INVALID_LOAD,IMPUTE_VEHICLE_MEDIAN,nan,69.69,Missing/invalid load imputed using vehicle_median = 69.69.
2026-08-26T21:11:07,VH-011,2024-07-07,load_percentage,INVALID_LOAD,IMPUTE_VEHICLE_MEDIAN,nan,69.69,Missing/invalid load imputed using vehicle_median = 69.69.
2026-08-26T21:11:07,VH-011,2024-07-09,load_percentage,MISSING_LOAD,IMPUTE_VEHICLE_MEDIAN,nan,69.69,Missing/invalid load imputed using vehicle_median = 69.69.
2026-08-26T21:11:07,VH-011,2024-07-15,load_percentage,MISSING_LOAD,IMPUTE_VEHICLE_MEDIAN,nan,69.69,Missing/invalid load imputed using vehicle_median = 69.69.
2026-08-26T21:11:07,VH-011,2024-07-27,load_percentage,MISSING_LOAD,IMPUTE_VEHICLE_MEDIAN,nan,69.69,Missing/invalid load imputed using vehicle_median = 69.69.
2026-08-26T21:11:07,VH-011,2024-07-28,load_percentage,MISSING_LOAD,IMPUTE_VEHICLE_MEDIAN,nan,69.69,Missing/invalid load imputed using vehicle_median = 69.69.
2026-08-26T21:11:07,VH-011,2024-07-31,load_percentage,INVALID_LOAD,IMPUTE_VEHICLE_MEDIAN,nan,69.69,Missing/invalid load imputed using vehicle_median = 69.69.
2026-08-26T21:11:07,VH-011,2024-08-14,load_percentage,MISSING_LOAD,IMPUTE_VEHICLE_MEDIAN,nan,69.69,Missing/invalid load imputed using vehicle_median = 69.69.
2026-08-26T21:11:07,VH-011,2024-08-25,load_percentage,INVALID_LOAD,IMPUTE_VEHICLE_MEDIAN,nan,69.69,Missing/invalid load imputed using vehicle_median = 69.69.
2026-08-26T21:11:07,VH-011,2024-10-06,load_percentage,INVALID_LOAD,IMPUTE_VEHICLE_MEDIAN,nan,69.69,Missing/invalid load imputed using vehicle_median = 69.69.
2026-08-26T21:11:07,VH-011,2024-10-27,load_percentage,INVALID_LOAD,IMPUTE_VEHICLE_MEDIAN,nan,69.69,Missing/invalid load imputed using vehicle_median = 69.69.
2026-08-26T21:11:07,VH-011,2024-12-10,load_percentage,MISSING_LOAD,IMPUTE_VEHICLE_MEDIAN,nan,69.69,Missing/invalid load imputed using vehicle_median = 69.69.
2026-08-26T21:11:07,VH-011,2024-12-28,load_percentage,MISSING_LOAD,IMPUTE_VEHICLE_MEDIAN,nan,69.69,Missing/invalid load imputed using vehicle_median = 69.69.
2026-08-26T21:11:07,VH-012,2024-01-03,load_percentage,MISSING_LOAD,IMPUTE_VEHICLE_MEDIAN,nan,68.33,Missing/invalid load imputed using vehicle_median = 68.33.
2026-08-26T21:11:07,VH-012,2024-03-10,load_percentage,MISSING_LOAD,IMPUTE_VEHICLE_MEDIAN,nan,68.33,Missing/invalid load imputed using vehicle_median = 68.33.
2026-08-26T21:11:07,VH-012,2024-03-11,load_percentage,INVALID_LOAD,IMPUTE_VEHICLE_MEDIAN,nan,68.33,Missing/invalid load imputed using vehicle_median = 68.33.
2026-08-26T21:11:07,VH-012,2024-03-24,load_percentage,INVALID_LOAD,IMPUTE_VEHICLE_MEDIAN,nan,68.33,Missing/invalid load imputed using vehicle_median = 68.33.
2026-08-26T21:11:07,VH-012,2024-04-13,load_percentage,MISSING_LOAD,IMPUTE_VEHICLE_MEDIAN,nan,68.33,Missing/invalid load imputed using vehicle_median = 68.33.
2026-08-26T21:11:07,VH-012,2024-05-10,load_percentage,MISSING_LOAD,IMPUTE_VEHICLE_MEDIAN,nan,68.33,Missing/invalid load imputed using vehicle_median = 68.33.
2026-08-26T21:11:07,VH-012,2024-05-18,load_percentage,MISSING_LOAD,IMPUTE_VEHICLE_MEDIAN,nan,68.33,Missing/invalid load imputed using vehicle_median = 68.33.
2026-08-26T21:11:07,VH-012,2024-06-17,load_percentage,INVALID_LOAD,IMPUTE_VEHICLE_MEDIAN,nan,68.33,Missing/invalid load imputed using vehicle_median = 68.33.
2026-08-26T21:11:07,VH-012,2024-07-07,load_percentage,INVALID_LOAD,IMPUTE_VEHICLE_MEDIAN,nan,68.33,Missing/invalid load imputed using vehicle_median = 68.33.
2026-08-26T21:11:07,VH-012,2024-07-15,load_percentage,MISSING_LOAD,IMPUTE_VEHICLE_MEDIAN,nan,68.33,Missing/invalid load imputed using vehicle_median = 68.33.
2026-08-26T21:11:07,VH-012,2024-07-19,load_percentage,MISSING_LOAD,IMPUTE_VEHICLE_MEDIAN,nan,68.33,Missing/invalid load imputed using vehicle_median = 68.33.
2026-08-26T21:11:07,VH-012,2024-08-14,load_percentage,MISSING_LOAD,IMPUTE_VEHICLE_MEDIAN,nan,68.33,Missing/invalid load imputed using vehicle_median = 68.33.
2026-08-26T21:11:07,VH-012,2024-09-09,load_percentage,MISSING_LOAD,IMPUTE_VEHICLE_MEDIAN,nan,68.33,Missing/invalid load imputed using vehicle_median = 68.33.
2026-08-26T21:11:07,VH-012,2024-12-23,load_percentage,MISSING_LOAD,IMPUTE_VEHICLE_MEDIAN,nan,68.33,Missing/invalid load imputed using vehicle_median = 68.33.
2026-08-26T21:11:07,VH-013,2024-01-10,load_percentage,MISSING_LOAD,IMPUTE_VEHICLE_MEDIAN,nan,67.2,Missing/invalid load imputed using vehicle_median = 67.2.
2026-08-26T21:11:07,VH-013,2024-03-10,load_percentage,MISSING_LOAD,IMPUTE_VEHICLE_MEDIAN,nan,67.2,Missing/invalid load imputed using vehicle_median = 67.2.
2026-08-26T21:11:07,VH-013,2024-03-28,load_percentage,MISSING_LOAD,IMPUTE_VEHICLE_MEDIAN,nan,67.2,Missing/invalid load imputed using vehicle_median = 67.2.
2026-08-26T21:11:07,VH-013,2024-04-27,load_percentage,MISSING_LOAD,IMPUTE_VEHICLE_MEDIAN,nan,67.2,Missing/invalid load imputed using vehicle_median = 67.2.
2026-08-26T21:11:07,VH-013,2024-05-26,load_percentage,MISSING_LOAD,IMPUTE_VEHICLE_MEDIAN,nan,67.2,Missing/invalid load imputed using vehicle_median = 67.2.
2026-08-26T21:11:07,VH-013,2024-05-27,load_percentage,MISSING_LOAD,IMPUTE_VEHICLE_MEDIAN,nan,67.2,Missing/invalid load imputed using vehicle_median = 67.2.
2026-08-26T21:11:07,VH-013,2024-05-29,load_percentage,INVALID_LOAD,IMPUTE_VEHICLE_MEDIAN,nan,67.2,Missing/invalid load imputed using vehicle_median = 67.2.
2026-08-26T21:11:07,VH-013,2024-06-20,load_percentage,INVALID_LOAD,IMPUTE_VEHICLE_MEDIAN,nan,67.2,Missing/invalid load imputed using vehicle_median = 67.2.
2026-08-26T21:11:07,VH-013,2024-09-02,load_percentage,INVALID_LOAD,IMPUTE_VEHICLE_MEDIAN,nan,67.2,Missing/invalid load imputed using vehicle_median = 67.2.
2026-08-26T21:11:07,VH-013,2024-10-01,load_percentage,MISSING_LOAD,IMPUTE_VEHICLE_MEDIAN,nan,67.2,Missing/invalid load imputed using vehicle_median = 67.2.
2026-08-26T21:11:07,VH-013,2024-10-15,load_percentage,MISSING_LOAD,IMPUTE_VEHICLE_MEDIAN,nan,67.2,Missing/invalid load imputed using vehicle_median = 67.2.
2026-08-26T21:11:07,VH-013,2024-11-28,load_percentage,MISSING_LOAD,IMPUTE_VEHICLE_MEDIAN,nan,67.2,Missing/invalid load imputed using vehicle_median = 67.2.
2026-08-26T21:11:07,VH-013,2024-12-16,load_percentage,MISSING_LOAD,IMPUTE_VEHICLE_MEDIAN,nan,67.2,Missing/invalid load imputed using vehicle_median = 67.2.
2026-08-26T21:11:07,VH-014,2024-03-12,load_percentage,MISSING_LOAD,IMPUTE_VEHICLE_MEDIAN,nan,68.38,Missing/invalid load imputed using vehicle_median = 68.38.
2026-08-26T21:11:07,VH-014,2024-04-25,load_percentage,INVALID_LOAD,IMPUTE_VEHICLE_MEDIAN,nan,68.38,Missing/invalid load imputed using vehicle_median = 68.38.
2026-08-26T21:11:07,VH-014,2024-05-31,load_percentage,MISSING_LOAD,IMPUTE_VEHICLE_MEDIAN,nan,68.38,Missing/invalid load imputed using vehicle_median = 68.38.
2026-08-26T21:11:07,VH-014,2024-06-02,load_percentage,MISSING_LOAD,IMPUTE_VEHICLE_MEDIAN,nan,68.38,Missing/invalid load imputed using vehicle_median = 68.38.
2026-08-26T21:11:07,VH-014,2024-06-30,load_percentage,MISSING_LOAD,IMPUTE_VEHICLE_MEDIAN,nan,68.38,Missing/invalid load imputed using vehicle_median = 68.38.
2026-08-26T21:11:07,VH-014,2024-08-23,load_percentage,INVALID_LOAD,IMPUTE_VEHICLE_MEDIAN,nan,68.38,Missing/invalid load imputed using vehicle_median = 68.38.
2026-08-26T21:11:07,VH-014,2024-08-25,load_percentage,MISSING_LOAD,IMPUTE_VEHICLE_MEDIAN,nan,68.38,Missing/invalid load imputed using vehicle_median = 68.38.
2026-08-26T21:11:07,VH-014,2024-08-31,load_percentage,MISSING_LOAD,IMPUTE_VEHICLE_MEDIAN,nan,68.38,Missing/invalid load imputed using vehicle_median = 68.38.
2026-08-26T21:11:07,VH-014,2024-09-02,load_percentage,MISSING_LOAD,IMPUTE_VEHICLE_MEDIAN,nan,68.38,Missing/invalid load imputed using vehicle_median = 68.38.
2026-08-26T21:11:07,VH-014,2024-09-15,load_percentage,MISSING_LOAD,IMPUTE_VEHICLE_MEDIAN,nan,68.38,Missing/invalid load imputed using vehicle_median = 68.38.
2026-08-26T21:11:07,VH-014,2024-10-16,load_percentage,INVALID_LOAD,IMPUTE_VEHICLE_MEDIAN,nan,68.38,Missing/invalid load imputed using vehicle_median = 68.38.
2026-08-26T21:11:07,VH-014,2024-11-12,load_percentage,INVALID_LOAD,IMPUTE_VEHICLE_MEDIAN,nan,68.38,Missing/invalid load imputed using vehicle_median = 68.38.
2026-08-26T21:11:07,VH-014,2024-11-24,load_percentage,MISSING_LOAD,IMPUTE_VEHICLE_MEDIAN,nan,68.38,Missing/invalid load imputed using vehicle_median = 68.38.
2026-08-26T21:11:07,VH-014,2024-11-25,load_percentage,MISSING_LOAD,IMPUTE_VEHICLE_MEDIAN,nan,68.38,Missing/invalid load imputed using vehicle_median = 68.38.
2026-08-26T21:11:07,VH-014,2024-12-29,load_percentage,MISSING_LOAD,IMPUTE_VEHICLE_MEDIAN,nan,68.38,Missing/invalid load imputed using vehicle_median = 68.38.
2026-08-26T21:11:07,VH-015,2024-01-01,load_percentage,MISSING_LOAD,IMPUTE_VEHICLE_MEDIAN,nan,70.04,Missing/invalid load imputed using vehicle_median = 70.04.
2026-08-26T21:11:07,VH-015,2024-01-21,load_percentage,MISSING_LOAD,IMPUTE_VEHICLE_MEDIAN,nan,70.04,Missing/invalid load imputed using vehicle_median = 70.04.
2026-08-26T21:11:07,VH-015,2024-02-21,load_percentage,MISSING_LOAD,IMPUTE_VEHICLE_MEDIAN,nan,70.04,Missing/invalid load imputed using vehicle_median = 70.04.
2026-08-26T21:11:07,VH-015,2024-02-24,load_percentage,MISSING_LOAD,IMPUTE_VEHICLE_MEDIAN,nan,70.04,Missing/invalid load imputed using vehicle_median = 70.04.
2026-08-26T21:11:07,VH-015,2024-03-26,load_percentage,INVALID_LOAD,IMPUTE_VEHICLE_MEDIAN,nan,70.04,Missing/invalid load imputed using vehicle_median = 70.04.
2026-08-26T21:11:07,VH-015,2024-04-05,load_percentage,MISSING_LOAD,IMPUTE_VEHICLE_MEDIAN,nan,70.04,Missing/invalid load imputed using vehicle_median = 70.04.
2026-08-26T21:11:07,VH-015,2024-04-20,load_percentage,MISSING_LOAD,IMPUTE_VEHICLE_MEDIAN,nan,70.04,Missing/invalid load imputed using vehicle_median = 70.04.
2026-08-26T21:11:07,VH-015,2024-05-07,load_percentage,INVALID_LOAD,IMPUTE_VEHICLE_MEDIAN,nan,70.04,Missing/invalid load imputed using vehicle_median = 70.04.
2026-08-26T21:11:07,VH-015,2024-05-08,load_percentage,MISSING_LOAD,IMPUTE_VEHICLE_MEDIAN,nan,70.04,Missing/invalid load imputed using vehicle_median = 70.04.
2026-08-26T21:11:07,VH-015,2024-05-26,load_percentage,INVALID_LOAD,IMPUTE_VEHICLE_MEDIAN,nan,70.04,Missing/invalid load imputed using vehicle_median = 70.04.
2026-08-26T21:11:07,VH-015,2024-05-27,load_percentage,MISSING_LOAD,IMPUTE_VEHICLE_MEDIAN,nan,70.04,Missing/invalid load imputed using vehicle_median = 70.04.
2026-08-26T21:11:07,VH-015,2024-06-08,load_percentage,INVALID_LOAD,IMPUTE_VEHICLE_MEDIAN,nan,70.04,Missing/invalid load imputed using vehicle_median = 70.04.
2026-08-26T21:11:07,VH-015,2024-06-18,load_percentage,MISSING_LOAD,IMPUTE_VEHICLE_MEDIAN,nan,70.04,Missing/invalid load imputed using vehicle_median = 70.04.
2026-08-26T21:11:07,VH-015,2024-08-03,load_percentage,MISSING_LOAD,IMPUTE_VEHICLE_MEDIAN,nan,70.04,Missing/invalid load imputed using vehicle_median = 70.04.
2026-08-26T21:11:07,VH-015,2024-08-17,load_percentage,MISSING_LOAD,IMPUTE_VEHICLE_MEDIAN,nan,70.04,Missing/invalid load imputed using vehicle_median = 70.04.
2026-08-26T21:11:07,VH-015,2024-08-29,load_percentage,MISSING_LOAD,IMPUTE_VEHICLE_MEDIAN,nan,70.04,Missing/invalid load imputed using vehicle_median = 70.04.
2026-08-26T21:11:07,VH-015,2024-09-03,load_percentage,MISSING_LOAD,IMPUTE_VEHICLE_MEDIAN,nan,70.04,Missing/invalid load imputed using vehicle_median = 70.04.
2026-08-26T21:11:07,VH-015,2024-10-03,load_percentage,MISSING_LOAD,IMPUTE_VEHICLE_MEDIAN,nan,70.04,Missing/invalid load imputed using vehicle_median = 70.04.
2026-08-26T21:11:07,VH-015,2024-10-14,load_percentage,MISSING_LOAD,IMPUTE_VEHICLE_MEDIAN,nan,70.04,Missing/invalid load imputed using vehicle_median = 70.04.
2026-08-26T21:11:07,VH-015,2024-11-22,load_percentage,INVALID_LOAD,IMPUTE_VEHICLE_MEDIAN,nan,70.04,Missing/invalid load imputed using vehicle_median = 70.04.
2026-08-26T21:11:07,VH-015,2024-12-21,load_percentage,MISSING_LOAD,IMPUTE_VEHICLE_MEDIAN,nan,70.04,Missing/invalid load imputed using vehicle_median = 70.04.
2026-08-26T21:11:07,VH-016,2024-01-12,load_percentage,MISSING_LOAD,IMPUTE_VEHICLE_MEDIAN,nan,67.07,Missing/invalid load imputed using vehicle_median = 67.07.
2026-08-26T21:11:07,VH-016,2024-01-23,load_percentage,MISSING_LOAD,IMPUTE_VEHICLE_MEDIAN,nan,67.07,Missing/invalid load imputed using vehicle_median = 67.07.
2026-08-26T21:11:07,VH-016,2024-02-11,load_percentage,MISSING_LOAD,IMPUTE_VEHICLE_MEDIAN,nan,67.07,Missing/invalid load imputed using vehicle_median = 67.07.
2026-08-26T21:11:07,VH-016,2024-02-19,load_percentage,MISSING_LOAD,IMPUTE_VEHICLE_MEDIAN,nan,67.07,Missing/invalid load imputed using vehicle_median = 67.07.
2026-08-26T21:11:07,VH-016,2024-03-09,load_percentage,MISSING_LOAD,IMPUTE_VEHICLE_MEDIAN,nan,67.07,Missing/invalid load imputed using vehicle_median = 67.07.
2026-08-26T21:11:07,VH-016,2024-03-20,load_percentage,MISSING_LOAD,IMPUTE_VEHICLE_MEDIAN,nan,67.07,Missing/invalid load imputed using vehicle_median = 67.07.
2026-08-26T21:11:07,VH-016,2024-03-22,load_percentage,INVALID_LOAD,IMPUTE_VEHICLE_MEDIAN,nan,67.07,Missing/invalid load imputed using vehicle_median = 67.07.
2026-08-26T21:11:07,VH-016,2024-04-19,load_percentage,INVALID_LOAD,IMPUTE_VEHICLE_MEDIAN,nan,67.07,Missing/invalid load imputed using vehicle_median = 67.07.
2026-08-26T21:11:07,VH-016,2024-04-20,load_percentage,MISSING_LOAD,IMPUTE_VEHICLE_MEDIAN,nan,67.07,Missing/invalid load imputed using vehicle_median = 67.07.
2026-08-26T21:11:07,VH-016,2024-05-05,load_percentage,MISSING_LOAD,IMPUTE_VEHICLE_MEDIAN,nan,67.07,Missing/invalid load imputed using vehicle_median = 67.07.
2026-08-26T21:11:07,VH-016,2024-05-07,load_percentage,MISSING_LOAD,IMPUTE_VEHICLE_MEDIAN,nan,67.07,Missing/invalid load imputed using vehicle_median = 67.07.
2026-08-26T21:11:07,VH-016,2024-05-12,load_percentage,MISSING_LOAD,IMPUTE_VEHICLE_MEDIAN,nan,67.07,Missing/invalid load imputed using vehicle_median = 67.07.
2026-08-26T21:11:07,VH-016,2024-05-18,load_percentage,MISSING_LOAD,IMPUTE_VEHICLE_MEDIAN,nan,67.07,Missing/invalid load imputed using vehicle_median = 67.07.
2026-08-26T21:11:07,VH-016,2024-06-03,load_percentage,MISSING_LOAD,IMPUTE_VEHICLE_MEDIAN,nan,67.07,Missing/invalid load imputed using vehicle_median = 67.07.
2026-08-26T21:11:07,VH-016,2024-06-13,load_percentage,MISSING_LOAD,IMPUTE_VEHICLE_MEDIAN,nan,67.07,Missing/invalid load imputed using vehicle_median = 67.07.
2026-08-26T21:11:07,VH-016,2024-06-19,load_percentage,INVALID_LOAD,IMPUTE_VEHICLE_MEDIAN,nan,67.07,Missing/invalid load imputed using vehicle_median = 67.07.
2026-08-26T21:11:07,VH-016,2024-08-09,load_percentage,MISSING_LOAD,IMPUTE_VEHICLE_MEDIAN,nan,67.07,Missing/invalid load imputed using vehicle_median = 67.07.
2026-08-26T21:11:07,VH-016,2024-08-10,load_percentage,MISSING_LOAD,IMPUTE_VEHICLE_MEDIAN,nan,67.07,Missing/invalid load imputed using vehicle_median = 67.07.
2026-08-26T21:11:07,VH-016,2024-08-29,load_percentage,MISSING_LOAD,IMPUTE_VEHICLE_MEDIAN,nan,67.07,Missing/invalid load imputed using vehicle_median = 67.07.
2026-08-26T21:11:07,VH-016,2024-08-31,load_percentage,MISSING_LOAD,IMPUTE_VEHICLE_MEDIAN,nan,67.07,Missing/invalid load imputed using vehicle_median = 67.07.
2026-08-26T21:11:07,VH-016,2024-09-30,load_percentage,MISSING_LOAD,IMPUTE_VEHICLE_MEDIAN,nan,67.07,Missing/invalid load imputed using vehicle_median = 67.07.
2026-08-26T21:11:07,VH-016,2024-10-29,load_percentage,INVALID_LOAD,IMPUTE_VEHICLE_MEDIAN,nan,67.07,Missing/invalid load imputed using vehicle_median = 67.07.
2026-08-26T21:11:07,VH-016,2024-11-07,load_percentage,INVALID_LOAD,IMPUTE_VEHICLE_MEDIAN,nan,67.07,Missing/invalid load imputed using vehicle_median = 67.07.
2026-08-26T21:11:07,VH-016,2024-12-18,load_percentage,MISSING_LOAD,IMPUTE_VEHICLE_MEDIAN,nan,67.07,Missing/invalid load imputed using vehicle_median = 67.07.
2026-08-26T21:11:07,VH-016,2024-12-26,load_percentage,MISSING_LOAD,IMPUTE_VEHICLE_MEDIAN,nan,67.07,Missing/invalid load imputed using vehicle_median = 67.07.
2026-08-26T21:11:07,VH-017,2024-01-15,load_percentage,INVALID_LOAD,IMPUTE_VEHICLE_MEDIAN,nan,69.94,Missing/invalid load imputed using vehicle_median = 69.94.
2026-08-26T21:11:07,VH-017,2024-02-24,load_percentage,MISSING_LOAD,IMPUTE_VEHICLE_MEDIAN,nan,69.94,Missing/invalid load imputed using vehicle_median = 69.94.
2026-08-26T21:11:07,VH-017,2024-03-03,load_percentage,MISSING_LOAD,IMPUTE_VEHICLE_MEDIAN,nan,69.94,Missing/invalid load imputed using vehicle_median = 69.94.
2026-08-26T21:11:07,VH-017,2024-05-06,load_percentage,MISSING_LOAD,IMPUTE_VEHICLE_MEDIAN,nan,69.94,Missing/invalid load imputed using vehicle_median = 69.94.
2026-08-26T21:11:07,VH-017,2024-05-10,load_percentage,INVALID_LOAD,IMPUTE_VEHICLE_MEDIAN,nan,69.94,Missing/invalid load imputed using vehicle_median = 69.94.
2026-08-26T21:11:07,VH-017,2024-05-15,load_percentage,INVALID_LOAD,IMPUTE_VEHICLE_MEDIAN,nan,69.94,Missing/invalid load imputed using vehicle_median = 69.94.
2026-08-26T21:11:07,VH-017,2024-05-28,load_percentage,MISSING_LOAD,IMPUTE_VEHICLE_MEDIAN,nan,69.94,Missing/invalid load imputed using vehicle_median = 69.94.
2026-08-26T21:11:07,VH-017,2024-06-11,load_percentage,MISSING_LOAD,IMPUTE_VEHICLE_MEDIAN,nan,69.94,Missing/invalid load imputed using vehicle_median = 69.94.
2026-08-26T21:11:07,VH-017,2024-07-01,load_percentage,MISSING_LOAD,IMPUTE_VEHICLE_MEDIAN,nan,69.94,Missing/invalid load imputed using vehicle_median = 69.94.
2026-08-26T21:11:07,VH-017,2024-07-26,load_percentage,MISSING_LOAD,IMPUTE_VEHICLE_MEDIAN,nan,69.94,Missing/invalid load imputed using vehicle_median = 69.94.
2026-08-26T21:11:07,VH-017,2024-09-27,load_percentage,MISSING_LOAD,IMPUTE_VEHICLE_MEDIAN,nan,69.94,Missing/invalid load imputed using vehicle_median = 69.94.
2026-08-26T21:11:07,VH-017,2024-10-10,load_percentage,MISSING_LOAD,IMPUTE_VEHICLE_MEDIAN,nan,69.94,Missing/invalid load imputed using vehicle_median = 69.94.
2026-08-26T21:11:07,VH-017,2024-11-28,load_percentage,MISSING_LOAD,IMPUTE_VEHICLE_MEDIAN,nan,69.94,Missing/invalid load imputed using vehicle_median = 69.94.
2026-08-26T21:11:07,VH-017,2024-12-11,load_percentage,MISSING_LOAD,IMPUTE_VEHICLE_MEDIAN,nan,69.94,Missing/invalid load imputed using vehicle_median = 69.94.
2026-08-26T21:11:07,VH-018,2024-01-04,load_percentage,MISSING_LOAD,IMPUTE_VEHICLE_MEDIAN,nan,68.36,Missing/invalid load imputed using vehicle_median = 68.36.
2026-08-26T21:11:07,VH-018,2024-01-08,load_percentage,MISSING_LOAD,IMPUTE_VEHICLE_MEDIAN,nan,68.36,Missing/invalid load imputed using vehicle_median = 68.36.
2026-08-26T21:11:07,VH-018,2024-04-02,load_percentage,MISSING_LOAD,IMPUTE_VEHICLE_MEDIAN,nan,68.36,Missing/invalid load imputed using vehicle_median = 68.36.
2026-08-26T21:11:07,VH-018,2024-07-31,load_percentage,MISSING_LOAD,IMPUTE_VEHICLE_MEDIAN,nan,68.36,Missing/invalid load imputed using vehicle_median = 68.36.
2026-08-26T21:11:07,VH-018,2024-08-21,load_percentage,MISSING_LOAD,IMPUTE_VEHICLE_MEDIAN,nan,68.36,Missing/invalid load imputed using vehicle_median = 68.36.
2026-08-26T21:11:07,VH-018,2024-09-29,load_percentage,MISSING_LOAD,IMPUTE_VEHICLE_MEDIAN,nan,68.36,Missing/invalid load imputed using vehicle_median = 68.36.
2026-08-26T21:11:07,VH-018,2024-10-02,load_percentage,MISSING_LOAD,IMPUTE_VEHICLE_MEDIAN,nan,68.36,Missing/invalid load imputed using vehicle_median = 68.36.
2026-08-26T21:11:07,VH-018,2024-11-05,load_percentage,INVALID_LOAD,IMPUTE_VEHICLE_MEDIAN,nan,68.36,Missing/invalid load imputed using vehicle_median = 68.36.
2026-08-26T21:11:07,VH-018,2024-11-12,load_percentage,INVALID_LOAD,IMPUTE_VEHICLE_MEDIAN,nan,68.36,Missing/invalid load imputed using vehicle_median = 68.36.
2026-08-26T21:11:07,VH-018,2024-12-07,load_percentage,MISSING_LOAD,IMPUTE_VEHICLE_MEDIAN,nan,68.36,Missing/invalid load imputed using vehicle_median = 68.36.
2026-08-26T21:11:07,VH-019,2024-02-10,load_percentage,MISSING_LOAD,IMPUTE_VEHICLE_MEDIAN,nan,67.93,Missing/invalid load imputed using vehicle_median = 67.93.
2026-08-26T21:11:07,VH-019,2024-03-01,load_percentage,MISSING_LOAD,IMPUTE_VEHICLE_MEDIAN,nan,67.93,Missing/invalid load imputed using vehicle_median = 67.93.
2026-08-26T21:11:07,VH-019,2024-05-12,load_percentage,MISSING_LOAD,IMPUTE_VEHICLE_MEDIAN,nan,67.93,Missing/invalid load imputed using vehicle_median = 67.93.
2026-08-26T21:11:07,VH-019,2024-05-25,load_percentage,INVALID_LOAD,IMPUTE_VEHICLE_MEDIAN,nan,67.93,Missing/invalid load imputed using vehicle_median = 67.93.
2026-08-26T21:11:07,VH-019,2024-05-27,load_percentage,MISSING_LOAD,IMPUTE_VEHICLE_MEDIAN,nan,67.93,Missing/invalid load imputed using vehicle_median = 67.93.
2026-08-26T21:11:07,VH-019,2024-05-31,load_percentage,MISSING_LOAD,IMPUTE_VEHICLE_MEDIAN,nan,67.93,Missing/invalid load imputed using vehicle_median = 67.93.
2026-08-26T21:11:07,VH-019,2024-06-01,load_percentage,MISSING_LOAD,IMPUTE_VEHICLE_MEDIAN,nan,67.93,Missing/invalid load imputed using vehicle_median = 67.93.
2026-08-26T21:11:07,VH-019,2024-06-05,load_percentage,MISSING_LOAD,IMPUTE_VEHICLE_MEDIAN,nan,67.93,Missing/invalid load imputed using vehicle_median = 67.93.
2026-08-26T21:11:07,VH-019,2024-06-15,load_percentage,MISSING_LOAD,IMPUTE_VEHICLE_MEDIAN,nan,67.93,Missing/invalid load imputed using vehicle_median = 67.93.
2026-08-26T21:11:07,VH-019,2024-06-21,load_percentage,MISSING_LOAD,IMPUTE_VEHICLE_MEDIAN,nan,67.93,Missing/invalid load imputed using vehicle_median = 67.93.
2026-08-26T21:11:07,VH-019,2024-06-24,load_percentage,MISSING_LOAD,IMPUTE_VEHICLE_MEDIAN,nan,67.93,Missing/invalid load imputed using vehicle_median = 67.93.
2026-08-26T21:11:07,VH-019,2024-07-04,load_percentage,MISSING_LOAD,IMPUTE_VEHICLE_MEDIAN,nan,67.93,Missing/invalid load imputed using vehicle_median = 67.93.
2026-08-26T21:11:07,VH-019,2024-08-12,load_percentage,MISSING_LOAD,IMPUTE_VEHICLE_MEDIAN,nan,67.93,Missing/invalid load imputed using vehicle_median = 67.93.
2026-08-26T21:11:07,VH-019,2024-08-26,load_percentage,MISSING_LOAD,IMPUTE_VEHICLE_MEDIAN,nan,67.93,Missing/invalid load imputed using vehicle_median = 67.93.
2026-08-26T21:11:07,VH-019,2024-09-20,load_percentage,MISSING_LOAD,IMPUTE_VEHICLE_MEDIAN,nan,67.93,Missing/invalid load imputed using vehicle_median = 67.93.
2026-08-26T21:11:07,VH-019,2024-10-13,load_percentage,MISSING_LOAD,IMPUTE_VEHICLE_MEDIAN,nan,67.93,Missing/invalid load imputed using vehicle_median = 67.93.
2026-08-26T21:11:07,VH-019,2024-11-08,load_percentage,MISSING_LOAD,IMPUTE_VEHICLE_MEDIAN,nan,67.93,Missing/invalid load imputed using vehicle_median = 67.93.
2026-08-26T21:11:07,VH-019,2024-11-10,load_percentage,MISSING_LOAD,IMPUTE_VEHICLE_MEDIAN,nan,67.93,Missing/invalid load imputed using vehicle_median = 67.93.
2026-08-26T21:11:07,VH-019,2024-11-16,load_percentage,MISSING_LOAD,IMPUTE_VEHICLE_MEDIAN,nan,67.93,Missing/invalid load imputed using vehicle_median = 67.93.
2026-08-26T21:11:07,VH-019,2024-12-04,load_percentage,MISSING_LOAD,IMPUTE_VEHICLE_MEDIAN,nan,67.93,Missing/invalid load imputed using vehicle_median = 67.93.
2026-08-26T21:11:07,VH-019,2024-12-16,load_percentage,MISSING_LOAD,IMPUTE_VEHICLE_MEDIAN,nan,67.93,Missing/invalid load imputed using vehicle_median = 67.93.
2026-08-26T21:11:07,VH-019,2024-12-23,load_percentage,INVALID_LOAD,IMPUTE_VEHICLE_MEDIAN,nan,67.93,Missing/invalid load imputed using vehicle_median = 67.93.
2026-08-26T21:11:07,VH-020,2024-01-17,load_percentage,MISSING_LOAD,IMPUTE_VEHICLE_MEDIAN,nan,69.01,Missing/invalid load imputed using vehicle_median = 69.01.
2026-08-26T21:11:07,VH-020,2024-01-26,load_percentage,MISSING_LOAD,IMPUTE_VEHICLE_MEDIAN,nan,69.01,Missing/invalid load imputed using vehicle_median = 69.01.
2026-08-26T21:11:07,VH-020,2024-03-24,load_percentage,MISSING_LOAD,IMPUTE_VEHICLE_MEDIAN,nan,69.01,Missing/invalid load imputed using vehicle_median = 69.01.
2026-08-26T21:11:07,VH-020,2024-04-16,load_percentage,MISSING_LOAD,IMPUTE_VEHICLE_MEDIAN,nan,69.01,Missing/invalid load imputed using vehicle_median = 69.01.
2026-08-26T21:11:07,VH-020,2024-06-24,load_percentage,MISSING_LOAD,IMPUTE_VEHICLE_MEDIAN,nan,69.01,Missing/invalid load imputed using vehicle_median = 69.01.
2026-08-26T21:11:07,VH-020,2024-06-29,load_percentage,MISSING_LOAD,IMPUTE_VEHICLE_MEDIAN,nan,69.01,Missing/invalid load imputed using vehicle_median = 69.01.
2026-08-26T21:11:07,VH-020,2024-08-06,load_percentage,INVALID_LOAD,IMPUTE_VEHICLE_MEDIAN,nan,69.01,Missing/invalid load imputed using vehicle_median = 69.01.
2026-08-26T21:11:07,VH-020,2024-08-10,load_percentage,MISSING_LOAD,IMPUTE_VEHICLE_MEDIAN,nan,69.01,Missing/invalid load imputed using vehicle_median = 69.01.
2026-08-26T21:11:07,VH-020,2024-08-16,load_percentage,MISSING_LOAD,IMPUTE_VEHICLE_MEDIAN,nan,69.01,Missing/invalid load imputed using vehicle_median = 69.01.
2026-08-26T21:11:07,VH-020,2024-09-04,load_percentage,MISSING_LOAD,IMPUTE_VEHICLE_MEDIAN,nan,69.01,Missing/invalid load imputed using vehicle_median = 69.01.
2026-08-26T21:11:07,VH-020,2024-09-06,load_percentage,MISSING_LOAD,IMPUTE_VEHICLE_MEDIAN,nan,69.01,Missing/invalid load imputed using vehicle_median = 69.01.
2026-08-26T21:11:07,VH-020,2024-09-20,load_percentage,MISSING_LOAD,IMPUTE_VEHICLE_MEDIAN,nan,69.01,Missing/invalid load imputed using vehicle_median = 69.01.
2026-08-26T21:11:07,VH-020,2024-10-23,load_percentage,MISSING_LOAD,IMPUTE_VEHICLE_MEDIAN,nan,69.01,Missing/invalid load imputed using vehicle_median = 69.01.
2026-08-26T21:11:07,VH-020,2024-10-28,load_percentage,MISSING_LOAD,IMPUTE_VEHICLE_MEDIAN,nan,69.01,Missing/invalid load imputed using vehicle_median = 69.01.
2026-08-26T21:11:07,VH-020,2024-12-06,load_percentage,MISSING_LOAD,IMPUTE_VEHICLE_MEDIAN,nan,69.01,Missing/invalid load imputed using vehicle_median = 69.01.
2026-08-26T21:11:07,VH-020,2024-12-09,load_percentage,INVALID_LOAD,IMPUTE_VEHICLE_MEDIAN,nan,69.01,Missing/invalid load imputed using vehicle_median = 69.01.
2026-08-26T21:11:07,VH-021,2024-01-18,load_percentage,MISSING_LOAD,IMPUTE_VEHICLE_MEDIAN,nan,69.62,Missing/invalid load imputed using vehicle_median = 69.62.
2026-08-26T21:11:07,VH-021,2024-01-23,load_percentage,MISSING_LOAD,IMPUTE_VEHICLE_MEDIAN,nan,69.62,Missing/invalid load imputed using vehicle_median = 69.62.
2026-08-26T21:11:07,VH-021,2024-01-31,load_percentage,MISSING_LOAD,IMPUTE_VEHICLE_MEDIAN,nan,69.62,Missing/invalid load imputed using vehicle_median = 69.62.
2026-08-26T21:11:07,VH-021,2024-04-05,load_percentage,MISSING_LOAD,IMPUTE_VEHICLE_MEDIAN,nan,69.62,Missing/invalid load imputed using vehicle_median = 69.62.
2026-08-26T21:11:07,VH-021,2024-04-14,load_percentage,MISSING_LOAD,IMPUTE_VEHICLE_MEDIAN,nan,69.62,Missing/invalid load imputed using vehicle_median = 69.62.
2026-08-26T21:11:07,VH-021,2024-04-17,load_percentage,INVALID_LOAD,IMPUTE_VEHICLE_MEDIAN,nan,69.62,Missing/invalid load imputed using vehicle_median = 69.62.
2026-08-26T21:11:07,VH-021,2024-04-22,load_percentage,MISSING_LOAD,IMPUTE_VEHICLE_MEDIAN,nan,69.62,Missing/invalid load imputed using vehicle_median = 69.62.
2026-08-26T21:11:07,VH-021,2024-06-22,load_percentage,MISSING_LOAD,IMPUTE_VEHICLE_MEDIAN,nan,69.62,Missing/invalid load imputed using vehicle_median = 69.62.
2026-08-26T21:11:07,VH-021,2024-07-04,load_percentage,MISSING_LOAD,IMPUTE_VEHICLE_MEDIAN,nan,69.62,Missing/invalid load imputed using vehicle_median = 69.62.
2026-08-26T21:11:07,VH-021,2024-07-15,load_percentage,MISSING_LOAD,IMPUTE_VEHICLE_MEDIAN,nan,69.62,Missing/invalid load imputed using vehicle_median = 69.62.
2026-08-26T21:11:07,VH-021,2024-09-09,load_percentage,MISSING_LOAD,IMPUTE_VEHICLE_MEDIAN,nan,69.62,Missing/invalid load imputed using vehicle_median = 69.62.
2026-08-26T21:11:07,VH-021,2024-10-02,load_percentage,MISSING_LOAD,IMPUTE_VEHICLE_MEDIAN,nan,69.62,Missing/invalid load imputed using vehicle_median = 69.62.
2026-08-26T21:11:07,VH-021,2024-12-02,load_percentage,MISSING_LOAD,IMPUTE_VEHICLE_MEDIAN,nan,69.62,Missing/invalid load imputed using vehicle_median = 69.62.
2026-08-26T21:11:07,VH-021,2024-12-07,load_percentage,MISSING_LOAD,IMPUTE_VEHICLE_MEDIAN,nan,69.62,Missing/invalid load imputed using vehicle_median = 69.62.
2026-08-26T21:11:07,VH-021,2024-12-14,load_percentage,MISSING_LOAD,IMPUTE_VEHICLE_MEDIAN,nan,69.62,Missing/invalid load imputed using vehicle_median = 69.62.
2026-08-26T21:11:07,VH-021,2024-12-27,load_percentage,INVALID_LOAD,IMPUTE_VEHICLE_MEDIAN,nan,69.62,Missing/invalid load imputed using vehicle_median = 69.62.
2026-08-26T21:11:07,VH-022,2024-03-08,load_percentage,MISSING_LOAD,IMPUTE_VEHICLE_MEDIAN,nan,70.22,Missing/invalid load imputed using vehicle_median = 70.22.
2026-08-26T21:11:07,VH-022,2024-03-22,load_percentage,MISSING_LOAD,IMPUTE_VEHICLE_MEDIAN,nan,70.22,Missing/invalid load imputed using vehicle_median = 70.22.
2026-08-26T21:11:07,VH-022,2024-04-02,load_percentage,MISSING_LOAD,IMPUTE_VEHICLE_MEDIAN,nan,70.22,Missing/invalid load imputed using vehicle_median = 70.22.
2026-08-26T21:11:07,VH-022,2024-05-30,load_percentage,MISSING_LOAD,IMPUTE_VEHICLE_MEDIAN,nan,70.22,Missing/invalid load imputed using vehicle_median = 70.22.
2026-08-26T21:11:07,VH-022,2024-05-31,load_percentage,MISSING_LOAD,IMPUTE_VEHICLE_MEDIAN,nan,70.22,Missing/invalid load imputed using vehicle_median = 70.22.
2026-08-26T21:11:07,VH-022,2024-06-07,load_percentage,MISSING_LOAD,IMPUTE_VEHICLE_MEDIAN,nan,70.22,Missing/invalid load imputed using vehicle_median = 70.22.
2026-08-26T21:11:07,VH-022,2024-07-28,load_percentage,MISSING_LOAD,IMPUTE_VEHICLE_MEDIAN,nan,70.22,Missing/invalid load imputed using vehicle_median = 70.22.
2026-08-26T21:11:07,VH-022,2024-08-10,load_percentage,MISSING_LOAD,IMPUTE_VEHICLE_MEDIAN,nan,70.22,Missing/invalid load imputed using vehicle_median = 70.22.
2026-08-26T21:11:07,VH-022,2024-08-28,load_percentage,MISSING_LOAD,IMPUTE_VEHICLE_MEDIAN,nan,70.22,Missing/invalid load imputed using vehicle_median = 70.22.
2026-08-26T21:11:07,VH-022,2024-08-29,load_percentage,INVALID_LOAD,IMPUTE_VEHICLE_MEDIAN,nan,70.22,Missing/invalid load imputed using vehicle_median = 70.22.
2026-08-26T21:11:07,VH-022,2024-09-23,load_percentage,MISSING_LOAD,IMPUTE_VEHICLE_MEDIAN,nan,70.22,Missing/invalid load imputed using vehicle_median = 70.22.
2026-08-26T21:11:07,VH-022,2024-09-28,load_percentage,MISSING_LOAD,IMPUTE_VEHICLE_MEDIAN,nan,70.22,Missing/invalid load imputed using vehicle_median = 70.22.
2026-08-26T21:11:07,VH-022,2024-11-05,load_percentage,MISSING_LOAD,IMPUTE_VEHICLE_MEDIAN,nan,70.22,Missing/invalid load imputed using vehicle_median = 70.22.
2026-08-26T21:11:07,VH-022,2024-11-12,load_percentage,INVALID_LOAD,IMPUTE_VEHICLE_MEDIAN,nan,70.22,Missing/invalid load imputed using vehicle_median = 70.22.
2026-08-26T21:11:07,VH-022,2024-11-14,load_percentage,MISSING_LOAD,IMPUTE_VEHICLE_MEDIAN,nan,70.22,Missing/invalid load imputed using vehicle_median = 70.22.
2026-08-26T21:11:07,VH-022,2024-11-17,load_percentage,MISSING_LOAD,IMPUTE_VEHICLE_MEDIAN,nan,70.22,Missing/invalid load imputed using vehicle_median = 70.22.
2026-08-26T21:11:07,VH-022,2024-12-18,load_percentage,MISSING_LOAD,IMPUTE_VEHICLE_MEDIAN,nan,70.22,Missing/invalid load imputed using vehicle_median = 70.22.
2026-08-26T21:11:07,VH-023,2024-02-02,load_percentage,MISSING_LOAD,IMPUTE_VEHICLE_MEDIAN,nan,67.74,Missing/invalid load imputed using vehicle_median = 67.74.
2026-08-26T21:11:07,VH-023,2024-02-14,load_percentage,MISSING_LOAD,IMPUTE_VEHICLE_MEDIAN,nan,67.74,Missing/invalid load imputed using vehicle_median = 67.74.
2026-08-26T21:11:07,VH-023,2024-03-02,load_percentage,MISSING_LOAD,IMPUTE_VEHICLE_MEDIAN,nan,67.74,Missing/invalid load imputed using vehicle_median = 67.74.
2026-08-26T21:11:07,VH-023,2024-03-16,load_percentage,INVALID_LOAD,IMPUTE_VEHICLE_MEDIAN,nan,67.74,Missing/invalid load imputed using vehicle_median = 67.74.
2026-08-26T21:11:07,VH-023,2024-03-27,load_percentage,MISSING_LOAD,IMPUTE_VEHICLE_MEDIAN,nan,67.74,Missing/invalid load imputed using vehicle_median = 67.74.
2026-08-26T21:11:07,VH-023,2024-04-22,load_percentage,MISSING_LOAD,IMPUTE_VEHICLE_MEDIAN,nan,67.74,Missing/invalid load imputed using vehicle_median = 67.74.
2026-08-26T21:11:07,VH-023,2024-04-26,load_percentage,MISSING_LOAD,IMPUTE_VEHICLE_MEDIAN,nan,67.74,Missing/invalid load imputed using vehicle_median = 67.74.
2026-08-26T21:11:07,VH-023,2024-04-28,load_percentage,MISSING_LOAD,IMPUTE_VEHICLE_MEDIAN,nan,67.74,Missing/invalid load imputed using vehicle_median = 67.74.
2026-08-26T21:11:07,VH-023,2024-05-18,load_percentage,MISSING_LOAD,IMPUTE_VEHICLE_MEDIAN,nan,67.74,Missing/invalid load imputed using vehicle_median = 67.74.
2026-08-26T21:11:07,VH-023,2024-06-13,load_percentage,MISSING_LOAD,IMPUTE_VEHICLE_MEDIAN,nan,67.74,Missing/invalid load imputed using vehicle_median = 67.74.
2026-08-26T21:11:07,VH-023,2024-06-20,load_percentage,MISSING_LOAD,IMPUTE_VEHICLE_MEDIAN,nan,67.74,Missing/invalid load imputed using vehicle_median = 67.74.
2026-08-26T21:11:07,VH-023,2024-06-27,load_percentage,MISSING_LOAD,IMPUTE_VEHICLE_MEDIAN,nan,67.74,Missing/invalid load imputed using vehicle_median = 67.74.
2026-08-26T21:11:07,VH-023,2024-07-02,load_percentage,MISSING_LOAD,IMPUTE_VEHICLE_MEDIAN,nan,67.74,Missing/invalid load imputed using vehicle_median = 67.74.
2026-08-26T21:11:07,VH-023,2024-07-17,load_percentage,INVALID_LOAD,IMPUTE_VEHICLE_MEDIAN,nan,67.74,Missing/invalid load imputed using vehicle_median = 67.74.
2026-08-26T21:11:07,VH-023,2024-07-21,load_percentage,MISSING_LOAD,IMPUTE_VEHICLE_MEDIAN,nan,67.74,Missing/invalid load imputed using vehicle_median = 67.74.
2026-08-26T21:11:07,VH-023,2024-08-29,load_percentage,MISSING_LOAD,IMPUTE_VEHICLE_MEDIAN,nan,67.74,Missing/invalid load imputed using vehicle_median = 67.74.
2026-08-26T21:11:07,VH-023,2024-10-12,load_percentage,MISSING_LOAD,IMPUTE_VEHICLE_MEDIAN,nan,67.74,Missing/invalid load imputed using vehicle_median = 67.74.
2026-08-26T21:11:07,VH-023,2024-12-11,load_percentage,MISSING_LOAD,IMPUTE_VEHICLE_MEDIAN,nan,67.74,Missing/invalid load imputed using vehicle_median = 67.74.
2026-08-26T21:11:07,VH-024,2024-01-06,load_percentage,MISSING_LOAD,IMPUTE_VEHICLE_MEDIAN,nan,69.84,Missing/invalid load imputed using vehicle_median = 69.84.
2026-08-26T21:11:07,VH-024,2024-01-12,load_percentage,MISSING_LOAD,IMPUTE_VEHICLE_MEDIAN,nan,69.84,Missing/invalid load imputed using vehicle_median = 69.84.
2026-08-26T21:11:07,VH-024,2024-01-13,load_percentage,MISSING_LOAD,IMPUTE_VEHICLE_MEDIAN,nan,69.84,Missing/invalid load imputed using vehicle_median = 69.84.
2026-08-26T21:11:07,VH-024,2024-02-26,load_percentage,INVALID_LOAD,IMPUTE_VEHICLE_MEDIAN,nan,69.84,Missing/invalid load imputed using vehicle_median = 69.84.
2026-08-26T21:11:07,VH-024,2024-03-09,load_percentage,INVALID_LOAD,IMPUTE_VEHICLE_MEDIAN,nan,69.84,Missing/invalid load imputed using vehicle_median = 69.84.
2026-08-26T21:11:07,VH-024,2024-03-20,load_percentage,MISSING_LOAD,IMPUTE_VEHICLE_MEDIAN,nan,69.84,Missing/invalid load imputed using vehicle_median = 69.84.
2026-08-26T21:11:07,VH-024,2024-04-05,load_percentage,MISSING_LOAD,IMPUTE_VEHICLE_MEDIAN,nan,69.84,Missing/invalid load imputed using vehicle_median = 69.84.
2026-08-26T21:11:07,VH-024,2024-04-27,load_percentage,MISSING_LOAD,IMPUTE_VEHICLE_MEDIAN,nan,69.84,Missing/invalid load imputed using vehicle_median = 69.84.
2026-08-26T21:11:07,VH-024,2024-04-29,load_percentage,MISSING_LOAD,IMPUTE_VEHICLE_MEDIAN,nan,69.84,Missing/invalid load imputed using vehicle_median = 69.84.
2026-08-26T21:11:07,VH-024,2024-05-18,load_percentage,INVALID_LOAD,IMPUTE_VEHICLE_MEDIAN,nan,69.84,Missing/invalid load imputed using vehicle_median = 69.84.
2026-08-26T21:11:07,VH-024,2024-05-24,load_percentage,INVALID_LOAD,IMPUTE_VEHICLE_MEDIAN,nan,69.84,Missing/invalid load imputed using vehicle_median = 69.84.
2026-08-26T21:11:07,VH-024,2024-05-25,load_percentage,INVALID_LOAD,IMPUTE_VEHICLE_MEDIAN,nan,69.84,Missing/invalid load imputed using vehicle_median = 69.84.
2026-08-26T21:11:07,VH-024,2024-06-08,load_percentage,MISSING_LOAD,IMPUTE_VEHICLE_MEDIAN,nan,69.84,Missing/invalid load imputed using vehicle_median = 69.84.
2026-08-26T21:11:07,VH-024,2024-08-06,load_percentage,MISSING_LOAD,IMPUTE_VEHICLE_MEDIAN,nan,69.84,Missing/invalid load imputed using vehicle_median = 69.84.
2026-08-26T21:11:07,VH-024,2024-09-18,load_percentage,MISSING_LOAD,IMPUTE_VEHICLE_MEDIAN,nan,69.84,Missing/invalid load imputed using vehicle_median = 69.84.
2026-08-26T21:11:07,VH-024,2024-09-24,load_percentage,INVALID_LOAD,IMPUTE_VEHICLE_MEDIAN,nan,69.84,Missing/invalid load imputed using vehicle_median = 69.84.
2026-08-26T21:11:07,VH-024,2024-10-05,load_percentage,MISSING_LOAD,IMPUTE_VEHICLE_MEDIAN,nan,69.84,Missing/invalid load imputed using vehicle_median = 69.84.
2026-08-26T21:11:07,VH-025,2024-01-05,load_percentage,MISSING_LOAD,IMPUTE_VEHICLE_MEDIAN,nan,69.02,Missing/invalid load imputed using vehicle_median = 69.02.
2026-08-26T21:11:07,VH-025,2024-01-24,load_percentage,MISSING_LOAD,IMPUTE_VEHICLE_MEDIAN,nan,69.02,Missing/invalid load imputed using vehicle_median = 69.02.
2026-08-26T21:11:07,VH-025,2024-01-25,load_percentage,MISSING_LOAD,IMPUTE_VEHICLE_MEDIAN,nan,69.02,Missing/invalid load imputed using vehicle_median = 69.02.
2026-08-26T21:11:07,VH-025,2024-01-30,load_percentage,MISSING_LOAD,IMPUTE_VEHICLE_MEDIAN,nan,69.02,Missing/invalid load imputed using vehicle_median = 69.02.
2026-08-26T21:11:07,VH-025,2024-03-15,load_percentage,INVALID_LOAD,IMPUTE_VEHICLE_MEDIAN,nan,69.02,Missing/invalid load imputed using vehicle_median = 69.02.
2026-08-26T21:11:07,VH-025,2024-03-27,load_percentage,MISSING_LOAD,IMPUTE_VEHICLE_MEDIAN,nan,69.02,Missing/invalid load imputed using vehicle_median = 69.02.
2026-08-26T21:11:07,VH-025,2024-04-04,load_percentage,MISSING_LOAD,IMPUTE_VEHICLE_MEDIAN,nan,69.02,Missing/invalid load imputed using vehicle_median = 69.02.
2026-08-26T21:11:07,VH-025,2024-04-21,load_percentage,INVALID_LOAD,IMPUTE_VEHICLE_MEDIAN,nan,69.02,Missing/invalid load imputed using vehicle_median = 69.02.
2026-08-26T21:11:07,VH-025,2024-04-25,load_percentage,MISSING_LOAD,IMPUTE_VEHICLE_MEDIAN,nan,69.02,Missing/invalid load imputed using vehicle_median = 69.02.
2026-08-26T21:11:07,VH-025,2024-05-04,load_percentage,MISSING_LOAD,IMPUTE_VEHICLE_MEDIAN,nan,69.02,Missing/invalid load imputed using vehicle_median = 69.02.
2026-08-26T21:11:07,VH-025,2024-05-08,load_percentage,MISSING_LOAD,IMPUTE_VEHICLE_MEDIAN,nan,69.02,Missing/invalid load imputed using vehicle_median = 69.02.
2026-08-26T21:11:07,VH-025,2024-06-02,load_percentage,INVALID_LOAD,IMPUTE_VEHICLE_MEDIAN,nan,69.02,Missing/invalid load imputed using vehicle_median = 69.02.
2026-08-26T21:11:07,VH-025,2024-08-19,load_percentage,MISSING_LOAD,IMPUTE_VEHICLE_MEDIAN,nan,69.02,Missing/invalid load imputed using vehicle_median = 69.02.
2026-08-26T21:11:07,VH-025,2024-08-30,load_percentage,MISSING_LOAD,IMPUTE_VEHICLE_MEDIAN,nan,69.02,Missing/invalid load imputed using vehicle_median = 69.02.
2026-08-26T21:11:07,VH-025,2024-09-04,load_percentage,MISSING_LOAD,IMPUTE_VEHICLE_MEDIAN,nan,69.02,Missing/invalid load imputed using vehicle_median = 69.02.
2026-08-26T21:11:07,VH-025,2024-09-09,load_percentage,MISSING_LOAD,IMPUTE_VEHICLE_MEDIAN,nan,69.02,Missing/invalid load imputed using vehicle_median = 69.02.
2026-08-26T21:11:07,VH-025,2024-09-10,load_percentage,INVALID_LOAD,IMPUTE_VEHICLE_MEDIAN,nan,69.02,Missing/invalid load imputed using vehicle_median = 69.02.
2026-08-26T21:11:07,VH-025,2024-10-07,load_percentage,MISSING_LOAD,IMPUTE_VEHICLE_MEDIAN,nan,69.02,Missing/invalid load imputed using vehicle_median = 69.02.
2026-08-26T21:11:07,VH-025,2024-10-16,load_percentage,MISSING_LOAD,IMPUTE_VEHICLE_MEDIAN,nan,69.02,Missing/invalid load imputed using vehicle_median = 69.02.
2026-08-26T21:11:07,VH-025,2024-10-29,load_percentage,MISSING_LOAD,IMPUTE_VEHICLE_MEDIAN,nan,69.02,Missing/invalid load imputed using vehicle_median = 69.02.
2026-08-26T21:11:07,VH-025,2024-11-04,load_percentage,INVALID_LOAD,IMPUTE_VEHICLE_MEDIAN,nan,69.02,Missing/invalid load imputed using vehicle_median = 69.02.
2026-08-26T21:11:07,VH-025,2024-11-25,load_percentage,INVALID_LOAD,IMPUTE_VEHICLE_MEDIAN,nan,69.02,Missing/invalid load imputed using vehicle_median = 69.02.
2026-08-26T21:11:07,VH-026,2024-01-21,load_percentage,MISSING_LOAD,IMPUTE_VEHICLE_MEDIAN,nan,67.87,Missing/invalid load imputed using vehicle_median = 67.87.
2026-08-26T21:11:07,VH-026,2024-01-26,load_percentage,MISSING_LOAD,IMPUTE_VEHICLE_MEDIAN,nan,67.87,Missing/invalid load imputed using vehicle_median = 67.87.
2026-08-26T21:11:07,VH-026,2024-01-29,load_percentage,INVALID_LOAD,IMPUTE_VEHICLE_MEDIAN,nan,67.87,Missing/invalid load imputed using vehicle_median = 67.87.
2026-08-26T21:11:07,VH-026,2024-02-07,load_percentage,MISSING_LOAD,IMPUTE_VEHICLE_MEDIAN,nan,67.87,Missing/invalid load imputed using vehicle_median = 67.87.
2026-08-26T21:11:07,VH-026,2024-03-17,load_percentage,MISSING_LOAD,IMPUTE_VEHICLE_MEDIAN,nan,67.87,Missing/invalid load imputed using vehicle_median = 67.87.
2026-08-26T21:11:07,VH-026,2024-03-31,load_percentage,MISSING_LOAD,IMPUTE_VEHICLE_MEDIAN,nan,67.87,Missing/invalid load imputed using vehicle_median = 67.87.
2026-08-26T21:11:07,VH-026,2024-04-08,load_percentage,INVALID_LOAD,IMPUTE_VEHICLE_MEDIAN,nan,67.87,Missing/invalid load imputed using vehicle_median = 67.87.
2026-08-26T21:11:07,VH-026,2024-05-15,load_percentage,MISSING_LOAD,IMPUTE_VEHICLE_MEDIAN,nan,67.87,Missing/invalid load imputed using vehicle_median = 67.87.
2026-08-26T21:11:07,VH-026,2024-06-07,load_percentage,MISSING_LOAD,IMPUTE_VEHICLE_MEDIAN,nan,67.87,Missing/invalid load imputed using vehicle_median = 67.87.
2026-08-26T21:11:07,VH-026,2024-07-08,load_percentage,MISSING_LOAD,IMPUTE_VEHICLE_MEDIAN,nan,67.87,Missing/invalid load imputed using vehicle_median = 67.87.
2026-08-26T21:11:07,VH-026,2024-07-19,load_percentage,MISSING_LOAD,IMPUTE_VEHICLE_MEDIAN,nan,67.87,Missing/invalid load imputed using vehicle_median = 67.87.
2026-08-26T21:11:07,VH-026,2024-07-24,load_percentage,MISSING_LOAD,IMPUTE_VEHICLE_MEDIAN,nan,67.87,Missing/invalid load imputed using vehicle_median = 67.87.
2026-08-26T21:11:07,VH-026,2024-08-06,load_percentage,MISSING_LOAD,IMPUTE_VEHICLE_MEDIAN,nan,67.87,Missing/invalid load imputed using vehicle_median = 67.87.
2026-08-26T21:11:07,VH-026,2024-08-18,load_percentage,MISSING_LOAD,IMPUTE_VEHICLE_MEDIAN,nan,67.87,Missing/invalid load imputed using vehicle_median = 67.87.
2026-08-26T21:11:07,VH-026,2024-09-11,load_percentage,MISSING_LOAD,IMPUTE_VEHICLE_MEDIAN,nan,67.87,Missing/invalid load imputed using vehicle_median = 67.87.
2026-08-26T21:11:07,VH-026,2024-09-18,load_percentage,MISSING_LOAD,IMPUTE_VEHICLE_MEDIAN,nan,67.87,Missing/invalid load imputed using vehicle_median = 67.87.
2026-08-26T21:11:07,VH-026,2024-10-03,load_percentage,MISSING_LOAD,IMPUTE_VEHICLE_MEDIAN,nan,67.87,Missing/invalid load imputed using vehicle_median = 67.87.
2026-08-26T21:11:07,VH-026,2024-10-12,load_percentage,MISSING_LOAD,IMPUTE_VEHICLE_MEDIAN,nan,67.87,Missing/invalid load imputed using vehicle_median = 67.87.
2026-08-26T21:11:07,VH-026,2024-10-23,load_percentage,MISSING_LOAD,IMPUTE_VEHICLE_MEDIAN,nan,67.87,Missing/invalid load imputed using vehicle_median = 67.87.
2026-08-26T21:11:07,VH-026,2024-10-27,load_percentage,MISSING_LOAD,IMPUTE_VEHICLE_MEDIAN,nan,67.87,Missing/invalid load imputed using vehicle_median = 67.87.
2026-08-26T21:11:07,VH-026,2024-12-02,load_percentage,MISSING_LOAD,IMPUTE_VEHICLE_MEDIAN,nan,67.87,Missing/invalid load imputed using vehicle_median = 67.87.
2026-08-26T21:11:07,VH-026,2024-12-03,load_percentage,MISSING_LOAD,IMPUTE_VEHICLE_MEDIAN,nan,67.87,Missing/invalid load imputed using vehicle_median = 67.87.
2026-08-26T21:11:07,VH-026,2024-12-13,load_percentage,MISSING_LOAD,IMPUTE_VEHICLE_MEDIAN,nan,67.87,Missing/invalid load imputed using vehicle_median = 67.87.
2026-08-26T21:11:07,VH-026,2024-12-29,load_percentage,MISSING_LOAD,IMPUTE_VEHICLE_MEDIAN,nan,67.87,Missing/invalid load imputed using vehicle_median = 67.87.
2026-08-26T21:11:07,VH-027,2024-01-23,load_percentage,MISSING_LOAD,IMPUTE_VEHICLE_MEDIAN,nan,68.06,Missing/invalid load imputed using vehicle_median = 68.06.
2026-08-26T21:11:07,VH-027,2024-01-26,load_percentage,INVALID_LOAD,IMPUTE_VEHICLE_MEDIAN,nan,68.06,Missing/invalid load imputed using vehicle_median = 68.06.
2026-08-26T21:11:07,VH-027,2024-02-03,load_percentage,MISSING_LOAD,IMPUTE_VEHICLE_MEDIAN,nan,68.06,Missing/invalid load imputed using vehicle_median = 68.06.
2026-08-26T21:11:07,VH-027,2024-03-25,load_percentage,MISSING_LOAD,IMPUTE_VEHICLE_MEDIAN,nan,68.06,Missing/invalid load imputed using vehicle_median = 68.06.
2026-08-26T21:11:07,VH-027,2024-04-03,load_percentage,MISSING_LOAD,IMPUTE_VEHICLE_MEDIAN,nan,68.06,Missing/invalid load imputed using vehicle_median = 68.06.
2026-08-26T21:11:07,VH-027,2024-04-11,load_percentage,MISSING_LOAD,IMPUTE_VEHICLE_MEDIAN,nan,68.06,Missing/invalid load imputed using vehicle_median = 68.06.
2026-08-26T21:11:07,VH-027,2024-05-04,load_percentage,MISSING_LOAD,IMPUTE_VEHICLE_MEDIAN,nan,68.06,Missing/invalid load imputed using vehicle_median = 68.06.
2026-08-26T21:11:07,VH-027,2024-07-31,load_percentage,MISSING_LOAD,IMPUTE_VEHICLE_MEDIAN,nan,68.06,Missing/invalid load imputed using vehicle_median = 68.06.
2026-08-26T21:11:07,VH-027,2024-08-23,load_percentage,MISSING_LOAD,IMPUTE_VEHICLE_MEDIAN,nan,68.06,Missing/invalid load imputed using vehicle_median = 68.06.
2026-08-26T21:11:07,VH-027,2024-10-03,load_percentage,INVALID_LOAD,IMPUTE_VEHICLE_MEDIAN,nan,68.06,Missing/invalid load imputed using vehicle_median = 68.06.
2026-08-26T21:11:07,VH-027,2024-11-19,load_percentage,MISSING_LOAD,IMPUTE_VEHICLE_MEDIAN,nan,68.06,Missing/invalid load imputed using vehicle_median = 68.06.
2026-08-26T21:11:07,VH-027,2024-11-24,load_percentage,MISSING_LOAD,IMPUTE_VEHICLE_MEDIAN,nan,68.06,Missing/invalid load imputed using vehicle_median = 68.06.
2026-08-26T21:11:07,VH-027,2024-11-30,load_percentage,MISSING_LOAD,IMPUTE_VEHICLE_MEDIAN,nan,68.06,Missing/invalid load imputed using vehicle_median = 68.06.
2026-08-26T21:11:07,VH-027,2024-12-06,load_percentage,MISSING_LOAD,IMPUTE_VEHICLE_MEDIAN,nan,68.06,Missing/invalid load imputed using vehicle_median = 68.06.
2026-08-26T21:11:07,VH-027,2024-12-09,load_percentage,MISSING_LOAD,IMPUTE_VEHICLE_MEDIAN,nan,68.06,Missing/invalid load imputed using vehicle_median = 68.06.
2026-08-26T21:11:07,VH-027,2024-12-22,load_percentage,INVALID_LOAD,IMPUTE_VEHICLE_MEDIAN,nan,68.06,Missing/invalid load imputed using vehicle_median = 68.06.
2026-08-26T21:11:07,VH-028,2024-01-01,load_percentage,MISSING_LOAD,IMPUTE_VEHICLE_MEDIAN,nan,69.05,Missing/invalid load imputed using vehicle_median = 69.05.
2026-08-26T21:11:07,VH-028,2024-01-09,load_percentage,MISSING_LOAD,IMPUTE_VEHICLE_MEDIAN,nan,69.05,Missing/invalid load imputed using vehicle_median = 69.05.
2026-08-26T21:11:07,VH-028,2024-01-21,load_percentage,MISSING_LOAD,IMPUTE_VEHICLE_MEDIAN,nan,69.05,Missing/invalid load imputed using vehicle_median = 69.05.
2026-08-26T21:11:07,VH-028,2024-01-23,load_percentage,INVALID_LOAD,IMPUTE_VEHICLE_MEDIAN,nan,69.05,Missing/invalid load imputed using vehicle_median = 69.05.
2026-08-26T21:11:07,VH-028,2024-02-02,load_percentage,MISSING_LOAD,IMPUTE_VEHICLE_MEDIAN,nan,69.05,Missing/invalid load imputed using vehicle_median = 69.05.
2026-08-26T21:11:07,VH-028,2024-02-04,load_percentage,INVALID_LOAD,IMPUTE_VEHICLE_MEDIAN,nan,69.05,Missing/invalid load imputed using vehicle_median = 69.05.
2026-08-26T21:11:07,VH-028,2024-02-05,load_percentage,MISSING_LOAD,IMPUTE_VEHICLE_MEDIAN,nan,69.05,Missing/invalid load imputed using vehicle_median = 69.05.
2026-08-26T21:11:07,VH-028,2024-02-12,load_percentage,MISSING_LOAD,IMPUTE_VEHICLE_MEDIAN,nan,69.05,Missing/invalid load imputed using vehicle_median = 69.05.
2026-08-26T21:11:07,VH-028,2024-02-19,load_percentage,MISSING_LOAD,IMPUTE_VEHICLE_MEDIAN,nan,69.05,Missing/invalid load imputed using vehicle_median = 69.05.
2026-08-26T21:11:07,VH-028,2024-03-12,load_percentage,MISSING_LOAD,IMPUTE_VEHICLE_MEDIAN,nan,69.05,Missing/invalid load imputed using vehicle_median = 69.05.
2026-08-26T21:11:07,VH-028,2024-04-01,load_percentage,MISSING_LOAD,IMPUTE_VEHICLE_MEDIAN,nan,69.05,Missing/invalid load imputed using vehicle_median = 69.05.
2026-08-26T21:11:07,VH-028,2024-04-04,load_percentage,MISSING_LOAD,IMPUTE_VEHICLE_MEDIAN,nan,69.05,Missing/invalid load imputed using vehicle_median = 69.05.
2026-08-26T21:11:07,VH-028,2024-04-09,load_percentage,MISSING_LOAD,IMPUTE_VEHICLE_MEDIAN,nan,69.05,Missing/invalid load imputed using vehicle_median = 69.05.
2026-08-26T21:11:07,VH-028,2024-04-28,load_percentage,INVALID_LOAD,IMPUTE_VEHICLE_MEDIAN,nan,69.05,Missing/invalid load imputed using vehicle_median = 69.05.
2026-08-26T21:11:07,VH-028,2024-05-02,load_percentage,INVALID_LOAD,IMPUTE_VEHICLE_MEDIAN,nan,69.05,Missing/invalid load imputed using vehicle_median = 69.05.
2026-08-26T21:11:07,VH-028,2024-05-25,load_percentage,MISSING_LOAD,IMPUTE_VEHICLE_MEDIAN,nan,69.05,Missing/invalid load imputed using vehicle_median = 69.05.
2026-08-26T21:11:07,VH-028,2024-06-27,load_percentage,MISSING_LOAD,IMPUTE_VEHICLE_MEDIAN,nan,69.05,Missing/invalid load imputed using vehicle_median = 69.05.
2026-08-26T21:11:07,VH-028,2024-09-05,load_percentage,MISSING_LOAD,IMPUTE_VEHICLE_MEDIAN,nan,69.05,Missing/invalid load imputed using vehicle_median = 69.05.
2026-08-26T21:11:07,VH-028,2024-10-28,load_percentage,MISSING_LOAD,IMPUTE_VEHICLE_MEDIAN,nan,69.05,Missing/invalid load imputed using vehicle_median = 69.05.
2026-08-26T21:11:07,VH-028,2024-12-30,load_percentage,MISSING_LOAD,IMPUTE_VEHICLE_MEDIAN,nan,69.05,Missing/invalid load imputed using vehicle_median = 69.05.
2026-08-26T21:11:07,VH-029,2024-02-10,load_percentage,MISSING_LOAD,IMPUTE_VEHICLE_MEDIAN,nan,67.75,Missing/invalid load imputed using vehicle_median = 67.75.
2026-08-26T21:11:07,VH-029,2024-02-19,load_percentage,MISSING_LOAD,IMPUTE_VEHICLE_MEDIAN,nan,67.75,Missing/invalid load imputed using vehicle_median = 67.75.
2026-08-26T21:11:07,VH-029,2024-02-28,load_percentage,INVALID_LOAD,IMPUTE_VEHICLE_MEDIAN,nan,67.75,Missing/invalid load imputed using vehicle_median = 67.75.
2026-08-26T21:11:07,VH-029,2024-03-21,load_percentage,MISSING_LOAD,IMPUTE_VEHICLE_MEDIAN,nan,67.75,Missing/invalid load imputed using vehicle_median = 67.75.
2026-08-26T21:11:07,VH-029,2024-03-22,load_percentage,MISSING_LOAD,IMPUTE_VEHICLE_MEDIAN,nan,67.75,Missing/invalid load imputed using vehicle_median = 67.75.
2026-08-26T21:11:07,VH-029,2024-04-15,load_percentage,MISSING_LOAD,IMPUTE_VEHICLE_MEDIAN,nan,67.75,Missing/invalid load imputed using vehicle_median = 67.75.
2026-08-26T21:11:07,VH-029,2024-05-07,load_percentage,MISSING_LOAD,IMPUTE_VEHICLE_MEDIAN,nan,67.75,Missing/invalid load imputed using vehicle_median = 67.75.
2026-08-26T21:11:07,VH-029,2024-05-13,load_percentage,MISSING_LOAD,IMPUTE_VEHICLE_MEDIAN,nan,67.75,Missing/invalid load imputed using vehicle_median = 67.75.
2026-08-26T21:11:07,VH-029,2024-07-06,load_percentage,INVALID_LOAD,IMPUTE_VEHICLE_MEDIAN,nan,67.75,Missing/invalid load imputed using vehicle_median = 67.75.
2026-08-26T21:11:07,VH-029,2024-07-19,load_percentage,MISSING_LOAD,IMPUTE_VEHICLE_MEDIAN,nan,67.75,Missing/invalid load imputed using vehicle_median = 67.75.
2026-08-26T21:11:07,VH-029,2024-07-21,load_percentage,INVALID_LOAD,IMPUTE_VEHICLE_MEDIAN,nan,67.75,Missing/invalid load imputed using vehicle_median = 67.75.
2026-08-26T21:11:07,VH-029,2024-07-25,load_percentage,INVALID_LOAD,IMPUTE_VEHICLE_MEDIAN,nan,67.75,Missing/invalid load imputed using vehicle_median = 67.75.
2026-08-26T21:11:07,VH-029,2024-07-28,load_percentage,INVALID_LOAD,IMPUTE_VEHICLE_MEDIAN,nan,67.75,Missing/invalid load imputed using vehicle_median = 67.75.
2026-08-26T21:11:07,VH-029,2024-07-31,load_percentage,INVALID_LOAD,IMPUTE_VEHICLE_MEDIAN,nan,67.75,Missing/invalid load imputed using vehicle_median = 67.75.
2026-08-26T21:11:07,VH-029,2024-08-18,load_percentage,MISSING_LOAD,IMPUTE_VEHICLE_MEDIAN,nan,67.75,Missing/invalid load imputed using vehicle_median = 67.75.
2026-08-26T21:11:07,VH-029,2024-08-23,load_percentage,INVALID_LOAD,IMPUTE_VEHICLE_MEDIAN,nan,67.75,Missing/invalid load imputed using vehicle_median = 67.75.
2026-08-26T21:11:07,VH-029,2024-09-01,load_percentage,MISSING_LOAD,IMPUTE_VEHICLE_MEDIAN,nan,67.75,Missing/invalid load imputed using vehicle_median = 67.75.
2026-08-26T21:11:07,VH-029,2024-09-03,load_percentage,MISSING_LOAD,IMPUTE_VEHICLE_MEDIAN,nan,67.75,Missing/invalid load imputed using vehicle_median = 67.75.
2026-08-26T21:11:07,VH-029,2024-10-09,load_percentage,MISSING_LOAD,IMPUTE_VEHICLE_MEDIAN,nan,67.75,Missing/invalid load imputed using vehicle_median = 67.75.
2026-08-26T21:11:07,VH-029,2024-12-24,load_percentage,MISSING_LOAD,IMPUTE_VEHICLE_MEDIAN,nan,67.75,Missing/invalid load imputed using vehicle_median = 67.75.
2026-08-26T21:11:07,VH-030,2024-01-13,load_percentage,MISSING_LOAD,IMPUTE_VEHICLE_MEDIAN,nan,67.33,Missing/invalid load imputed using vehicle_median = 67.33.
2026-08-26T21:11:07,VH-030,2024-01-17,load_percentage,MISSING_LOAD,IMPUTE_VEHICLE_MEDIAN,nan,67.33,Missing/invalid load imputed using vehicle_median = 67.33.
2026-08-26T21:11:07,VH-030,2024-01-25,load_percentage,INVALID_LOAD,IMPUTE_VEHICLE_MEDIAN,nan,67.33,Missing/invalid load imputed using vehicle_median = 67.33.
2026-08-26T21:11:07,VH-030,2024-02-04,load_percentage,MISSING_LOAD,IMPUTE_VEHICLE_MEDIAN,nan,67.33,Missing/invalid load imputed using vehicle_median = 67.33.
2026-08-26T21:11:07,VH-030,2024-02-19,load_percentage,INVALID_LOAD,IMPUTE_VEHICLE_MEDIAN,nan,67.33,Missing/invalid load imputed using vehicle_median = 67.33.
2026-08-26T21:11:07,VH-030,2024-03-03,load_percentage,MISSING_LOAD,IMPUTE_VEHICLE_MEDIAN,nan,67.33,Missing/invalid load imputed using vehicle_median = 67.33.
2026-08-26T21:11:07,VH-030,2024-03-28,load_percentage,MISSING_LOAD,IMPUTE_VEHICLE_MEDIAN,nan,67.33,Missing/invalid load imputed using vehicle_median = 67.33.
2026-08-26T21:11:07,VH-030,2024-05-22,load_percentage,MISSING_LOAD,IMPUTE_VEHICLE_MEDIAN,nan,67.33,Missing/invalid load imputed using vehicle_median = 67.33.
2026-08-26T21:11:07,VH-030,2024-06-16,load_percentage,MISSING_LOAD,IMPUTE_VEHICLE_MEDIAN,nan,67.33,Missing/invalid load imputed using vehicle_median = 67.33.
2026-08-26T21:11:07,VH-030,2024-07-03,load_percentage,MISSING_LOAD,IMPUTE_VEHICLE_MEDIAN,nan,67.33,Missing/invalid load imputed using vehicle_median = 67.33.
2026-08-26T21:11:07,VH-030,2024-07-07,load_percentage,MISSING_LOAD,IMPUTE_VEHICLE_MEDIAN,nan,67.33,Missing/invalid load imputed using vehicle_median = 67.33.
2026-08-26T21:11:07,VH-030,2024-07-09,load_percentage,MISSING_LOAD,IMPUTE_VEHICLE_MEDIAN,nan,67.33,Missing/invalid load imputed using vehicle_median = 67.33.
2026-08-26T21:11:07,VH-030,2024-07-12,load_percentage,MISSING_LOAD,IMPUTE_VEHICLE_MEDIAN,nan,67.33,Missing/invalid load imputed using vehicle_median = 67.33.
2026-08-26T21:11:07,VH-030,2024-07-20,load_percentage,MISSING_LOAD,IMPUTE_VEHICLE_MEDIAN,nan,67.33,Missing/invalid load imputed using vehicle_median = 67.33.
2026-08-26T21:11:07,VH-030,2024-09-18,load_percentage,MISSING_LOAD,IMPUTE_VEHICLE_MEDIAN,nan,67.33,Missing/invalid load imputed using vehicle_median = 67.33.
2026-08-26T21:11:07,VH-030,2024-09-25,load_percentage,MISSING_LOAD,IMPUTE_VEHICLE_MEDIAN,nan,67.33,Missing/invalid load imputed using vehicle_median = 67.33.
2026-08-26T21:11:07,VH-030,2024-10-21,load_percentage,INVALID_LOAD,IMPUTE_VEHICLE_MEDIAN,nan,67.33,Missing/invalid load imputed using vehicle_median = 67.33.
2026-08-26T21:11:07,VH-030,2024-11-05,load_percentage,MISSING_LOAD,IMPUTE_VEHICLE_MEDIAN,nan,67.33,Missing/invalid load imputed using vehicle_median = 67.33.
2026-08-26T21:11:07,VH-030,2024-11-16,load_percentage,MISSING_LOAD,IMPUTE_VEHICLE_MEDIAN,nan,67.33,Missing/invalid load imputed using vehicle_median = 67.33.
2026-08-26T21:11:07,VH-030,2024-12-03,load_percentage,MISSING_LOAD,IMPUTE_VEHICLE_MEDIAN,nan,67.33,Missing/invalid load imputed using vehicle_median = 67.33.
2026-08-26T21:11:07,VH-030,2024-12-12,load_percentage,MISSING_LOAD,IMPUTE_VEHICLE_MEDIAN,nan,67.33,Missing/invalid load imputed using vehicle_median = 67.33.
2026-08-26T21:11:07,VH-030,2024-12-25,load_percentage,MISSING_LOAD,IMPUTE_VEHICLE_MEDIAN,nan,67.33,Missing/invalid load imputed using vehicle_median = 67.33.
2026-08-26T21:11:07,VH-031,2024-01-11,load_percentage,MISSING_LOAD,IMPUTE_VEHICLE_MEDIAN,nan,69.84,Missing/invalid load imputed using vehicle_median = 69.84.
2026-08-26T21:11:07,VH-031,2024-01-19,load_percentage,MISSING_LOAD,IMPUTE_VEHICLE_MEDIAN,nan,69.84,Missing/invalid load imputed using vehicle_median = 69.84.
2026-08-26T21:11:07,VH-031,2024-01-29,load_percentage,MISSING_LOAD,IMPUTE_VEHICLE_MEDIAN,nan,69.84,Missing/invalid load imputed using vehicle_median = 69.84.
2026-08-26T21:11:07,VH-031,2024-02-05,load_percentage,MISSING_LOAD,IMPUTE_VEHICLE_MEDIAN,nan,69.84,Missing/invalid load imputed using vehicle_median = 69.84.
2026-08-26T21:11:07,VH-031,2024-02-19,load_percentage,MISSING_LOAD,IMPUTE_VEHICLE_MEDIAN,nan,69.84,Missing/invalid load imputed using vehicle_median = 69.84.
2026-08-26T21:11:07,VH-031,2024-05-13,load_percentage,MISSING_LOAD,IMPUTE_VEHICLE_MEDIAN,nan,69.84,Missing/invalid load imputed using vehicle_median = 69.84.
2026-08-26T21:11:07,VH-031,2024-06-15,load_percentage,MISSING_LOAD,IMPUTE_VEHICLE_MEDIAN,nan,69.84,Missing/invalid load imputed using vehicle_median = 69.84.
2026-08-26T21:11:07,VH-031,2024-06-20,load_percentage,MISSING_LOAD,IMPUTE_VEHICLE_MEDIAN,nan,69.84,Missing/invalid load imputed using vehicle_median = 69.84.
2026-08-26T21:11:07,VH-031,2024-07-03,load_percentage,MISSING_LOAD,IMPUTE_VEHICLE_MEDIAN,nan,69.84,Missing/invalid load imputed using vehicle_median = 69.84.
2026-08-26T21:11:07,VH-031,2024-07-05,load_percentage,MISSING_LOAD,IMPUTE_VEHICLE_MEDIAN,nan,69.84,Missing/invalid load imputed using vehicle_median = 69.84.
2026-08-26T21:11:07,VH-031,2024-07-11,load_percentage,MISSING_LOAD,IMPUTE_VEHICLE_MEDIAN,nan,69.84,Missing/invalid load imputed using vehicle_median = 69.84.
2026-08-26T21:11:07,VH-031,2024-08-19,load_percentage,MISSING_LOAD,IMPUTE_VEHICLE_MEDIAN,nan,69.84,Missing/invalid load imputed using vehicle_median = 69.84.
2026-08-26T21:11:07,VH-031,2024-10-14,load_percentage,MISSING_LOAD,IMPUTE_VEHICLE_MEDIAN,nan,69.84,Missing/invalid load imputed using vehicle_median = 69.84.
2026-08-26T21:11:07,VH-031,2024-11-07,load_percentage,MISSING_LOAD,IMPUTE_VEHICLE_MEDIAN,nan,69.84,Missing/invalid load imputed using vehicle_median = 69.84.
2026-08-26T21:11:07,VH-031,2024-11-18,load_percentage,MISSING_LOAD,IMPUTE_VEHICLE_MEDIAN,nan,69.84,Missing/invalid load imputed using vehicle_median = 69.84.
2026-08-26T21:11:07,VH-031,2024-12-03,load_percentage,MISSING_LOAD,IMPUTE_VEHICLE_MEDIAN,nan,69.84,Missing/invalid load imputed using vehicle_median = 69.84.
2026-08-26T21:11:07,VH-031,2024-12-04,load_percentage,MISSING_LOAD,IMPUTE_VEHICLE_MEDIAN,nan,69.84,Missing/invalid load imputed using vehicle_median = 69.84.
2026-08-26T21:11:07,VH-031,2024-12-11,load_percentage,MISSING_LOAD,IMPUTE_VEHICLE_MEDIAN,nan,69.84,Missing/invalid load imputed using vehicle_median = 69.84.
2026-08-26T21:11:07,VH-032,2024-01-16,load_percentage,MISSING_LOAD,IMPUTE_VEHICLE_MEDIAN,nan,66.14,Missing/invalid load imputed using vehicle_median = 66.14.
2026-08-26T21:11:07,VH-032,2024-01-17,load_percentage,MISSING_LOAD,IMPUTE_VEHICLE_MEDIAN,nan,66.14,Missing/invalid load imputed using vehicle_median = 66.14.
2026-08-26T21:11:07,VH-032,2024-01-23,load_percentage,MISSING_LOAD,IMPUTE_VEHICLE_MEDIAN,nan,66.14,Missing/invalid load imputed using vehicle_median = 66.14.
2026-08-26T21:11:07,VH-032,2024-02-07,load_percentage,INVALID_LOAD,IMPUTE_VEHICLE_MEDIAN,nan,66.14,Missing/invalid load imputed using vehicle_median = 66.14.
2026-08-26T21:11:07,VH-032,2024-02-11,load_percentage,INVALID_LOAD,IMPUTE_VEHICLE_MEDIAN,nan,66.14,Missing/invalid load imputed using vehicle_median = 66.14.
2026-08-26T21:11:07,VH-032,2024-02-29,load_percentage,MISSING_LOAD,IMPUTE_VEHICLE_MEDIAN,nan,66.14,Missing/invalid load imputed using vehicle_median = 66.14.
2026-08-26T21:11:07,VH-032,2024-03-19,load_percentage,INVALID_LOAD,IMPUTE_VEHICLE_MEDIAN,nan,66.14,Missing/invalid load imputed using vehicle_median = 66.14.
2026-08-26T21:11:07,VH-032,2024-03-27,load_percentage,INVALID_LOAD,IMPUTE_VEHICLE_MEDIAN,nan,66.14,Missing/invalid load imputed using vehicle_median = 66.14.
2026-08-26T21:11:07,VH-032,2024-04-30,load_percentage,MISSING_LOAD,IMPUTE_VEHICLE_MEDIAN,nan,66.14,Missing/invalid load imputed using vehicle_median = 66.14.
2026-08-26T21:11:07,VH-032,2024-05-06,load_percentage,MISSING_LOAD,IMPUTE_VEHICLE_MEDIAN,nan,66.14,Missing/invalid load imputed using vehicle_median = 66.14.
2026-08-26T21:11:07,VH-032,2024-05-08,load_percentage,INVALID_LOAD,IMPUTE_VEHICLE_MEDIAN,nan,66.14,Missing/invalid load imputed using vehicle_median = 66.14.
2026-08-26T21:11:07,VH-032,2024-05-09,load_percentage,MISSING_LOAD,IMPUTE_VEHICLE_MEDIAN,nan,66.14,Missing/invalid load imputed using vehicle_median = 66.14.
2026-08-26T21:11:07,VH-032,2024-05-20,load_percentage,MISSING_LOAD,IMPUTE_VEHICLE_MEDIAN,nan,66.14,Missing/invalid load imputed using vehicle_median = 66.14.
2026-08-26T21:11:07,VH-032,2024-06-03,load_percentage,MISSING_LOAD,IMPUTE_VEHICLE_MEDIAN,nan,66.14,Missing/invalid load imputed using vehicle_median = 66.14.
2026-08-26T21:11:07,VH-032,2024-06-17,load_percentage,MISSING_LOAD,IMPUTE_VEHICLE_MEDIAN,nan,66.14,Missing/invalid load imputed using vehicle_median = 66.14.
2026-08-26T21:11:07,VH-032,2024-06-19,load_percentage,MISSING_LOAD,IMPUTE_VEHICLE_MEDIAN,nan,66.14,Missing/invalid load imputed using vehicle_median = 66.14.
2026-08-26T21:11:07,VH-032,2024-09-06,load_percentage,MISSING_LOAD,IMPUTE_VEHICLE_MEDIAN,nan,66.14,Missing/invalid load imputed using vehicle_median = 66.14.
2026-08-26T21:11:07,VH-032,2024-09-13,load_percentage,MISSING_LOAD,IMPUTE_VEHICLE_MEDIAN,nan,66.14,Missing/invalid load imputed using vehicle_median = 66.14.
2026-08-26T21:11:07,VH-032,2024-09-24,load_percentage,MISSING_LOAD,IMPUTE_VEHICLE_MEDIAN,nan,66.14,Missing/invalid load imputed using vehicle_median = 66.14.
2026-08-26T21:11:07,VH-032,2024-09-28,load_percentage,MISSING_LOAD,IMPUTE_VEHICLE_MEDIAN,nan,66.14,Missing/invalid load imputed using vehicle_median = 66.14.
2026-08-26T21:11:07,VH-032,2024-10-13,load_percentage,MISSING_LOAD,IMPUTE_VEHICLE_MEDIAN,nan,66.14,Missing/invalid load imputed using vehicle_median = 66.14.
2026-08-26T21:11:07,VH-032,2024-10-29,load_percentage,MISSING_LOAD,IMPUTE_VEHICLE_MEDIAN,nan,66.14,Missing/invalid load imputed using vehicle_median = 66.14.
2026-08-26T21:11:07,VH-032,2024-12-06,load_percentage,MISSING_LOAD,IMPUTE_VEHICLE_MEDIAN,nan,66.14,Missing/invalid load imputed using vehicle_median = 66.14.
2026-08-26T21:11:07,VH-033,2024-01-12,load_percentage,MISSING_LOAD,IMPUTE_VEHICLE_MEDIAN,nan,69.17,Missing/invalid load imputed using vehicle_median = 69.17.
2026-08-26T21:11:07,VH-033,2024-03-03,load_percentage,MISSING_LOAD,IMPUTE_VEHICLE_MEDIAN,nan,69.17,Missing/invalid load imputed using vehicle_median = 69.17.
2026-08-26T21:11:07,VH-033,2024-03-15,load_percentage,INVALID_LOAD,IMPUTE_VEHICLE_MEDIAN,nan,69.17,Missing/invalid load imputed using vehicle_median = 69.17.
2026-08-26T21:11:07,VH-033,2024-04-02,load_percentage,INVALID_LOAD,IMPUTE_VEHICLE_MEDIAN,nan,69.17,Missing/invalid load imputed using vehicle_median = 69.17.
2026-08-26T21:11:07,VH-033,2024-04-11,load_percentage,MISSING_LOAD,IMPUTE_VEHICLE_MEDIAN,nan,69.17,Missing/invalid load imputed using vehicle_median = 69.17.
2026-08-26T21:11:07,VH-033,2024-05-02,load_percentage,MISSING_LOAD,IMPUTE_VEHICLE_MEDIAN,nan,69.17,Missing/invalid load imputed using vehicle_median = 69.17.
2026-08-26T21:11:07,VH-033,2024-06-09,load_percentage,MISSING_LOAD,IMPUTE_VEHICLE_MEDIAN,nan,69.17,Missing/invalid load imputed using vehicle_median = 69.17.
2026-08-26T21:11:07,VH-033,2024-06-23,load_percentage,MISSING_LOAD,IMPUTE_VEHICLE_MEDIAN,nan,69.17,Missing/invalid load imputed using vehicle_median = 69.17.
2026-08-26T21:11:07,VH-033,2024-08-12,load_percentage,INVALID_LOAD,IMPUTE_VEHICLE_MEDIAN,nan,69.17,Missing/invalid load imputed using vehicle_median = 69.17.
2026-08-26T21:11:07,VH-033,2024-09-15,load_percentage,MISSING_LOAD,IMPUTE_VEHICLE_MEDIAN,nan,69.17,Missing/invalid load imputed using vehicle_median = 69.17.
2026-08-26T21:11:07,VH-033,2024-12-08,load_percentage,MISSING_LOAD,IMPUTE_VEHICLE_MEDIAN,nan,69.17,Missing/invalid load imputed using vehicle_median = 69.17.
2026-08-26T21:11:07,VH-034,2024-01-08,load_percentage,MISSING_LOAD,IMPUTE_VEHICLE_MEDIAN,nan,68.6,Missing/invalid load imputed using vehicle_median = 68.6.
2026-08-26T21:11:07,VH-034,2024-01-13,load_percentage,MISSING_LOAD,IMPUTE_VEHICLE_MEDIAN,nan,68.6,Missing/invalid load imputed using vehicle_median = 68.6.
2026-08-26T21:11:07,VH-034,2024-01-31,load_percentage,MISSING_LOAD,IMPUTE_VEHICLE_MEDIAN,nan,68.6,Missing/invalid load imputed using vehicle_median = 68.6.
2026-08-26T21:11:07,VH-034,2024-02-03,load_percentage,INVALID_LOAD,IMPUTE_VEHICLE_MEDIAN,nan,68.6,Missing/invalid load imputed using vehicle_median = 68.6.
2026-08-26T21:11:07,VH-034,2024-02-23,load_percentage,MISSING_LOAD,IMPUTE_VEHICLE_MEDIAN,nan,68.6,Missing/invalid load imputed using vehicle_median = 68.6.
2026-08-26T21:11:07,VH-034,2024-03-27,load_percentage,MISSING_LOAD,IMPUTE_VEHICLE_MEDIAN,nan,68.6,Missing/invalid load imputed using vehicle_median = 68.6.
2026-08-26T21:11:07,VH-034,2024-04-18,load_percentage,MISSING_LOAD,IMPUTE_VEHICLE_MEDIAN,nan,68.6,Missing/invalid load imputed using vehicle_median = 68.6.
2026-08-26T21:11:07,VH-034,2024-06-27,load_percentage,MISSING_LOAD,IMPUTE_VEHICLE_MEDIAN,nan,68.6,Missing/invalid load imputed using vehicle_median = 68.6.
2026-08-26T21:11:07,VH-034,2024-07-03,load_percentage,MISSING_LOAD,IMPUTE_VEHICLE_MEDIAN,nan,68.6,Missing/invalid load imputed using vehicle_median = 68.6.
2026-08-26T21:11:07,VH-034,2024-07-15,load_percentage,MISSING_LOAD,IMPUTE_VEHICLE_MEDIAN,nan,68.6,Missing/invalid load imputed using vehicle_median = 68.6.
2026-08-26T21:11:07,VH-034,2024-08-03,load_percentage,MISSING_LOAD,IMPUTE_VEHICLE_MEDIAN,nan,68.6,Missing/invalid load imputed using vehicle_median = 68.6.
2026-08-26T21:11:07,VH-034,2024-08-16,load_percentage,MISSING_LOAD,IMPUTE_VEHICLE_MEDIAN,nan,68.6,Missing/invalid load imputed using vehicle_median = 68.6.
2026-08-26T21:11:07,VH-034,2024-09-11,load_percentage,MISSING_LOAD,IMPUTE_VEHICLE_MEDIAN,nan,68.6,Missing/invalid load imputed using vehicle_median = 68.6.
2026-08-26T21:11:07,VH-034,2024-09-17,load_percentage,MISSING_LOAD,IMPUTE_VEHICLE_MEDIAN,nan,68.6,Missing/invalid load imputed using vehicle_median = 68.6.
2026-08-26T21:11:07,VH-034,2024-09-20,load_percentage,MISSING_LOAD,IMPUTE_VEHICLE_MEDIAN,nan,68.6,Missing/invalid load imputed using vehicle_median = 68.6.
2026-08-26T21:11:07,VH-034,2024-10-09,load_percentage,MISSING_LOAD,IMPUTE_VEHICLE_MEDIAN,nan,68.6,Missing/invalid load imputed using vehicle_median = 68.6.
2026-08-26T21:11:07,VH-034,2024-10-22,load_percentage,MISSING_LOAD,IMPUTE_VEHICLE_MEDIAN,nan,68.6,Missing/invalid load imputed using vehicle_median = 68.6.
2026-08-26T21:11:07,VH-034,2024-10-25,load_percentage,INVALID_LOAD,IMPUTE_VEHICLE_MEDIAN,nan,68.6,Missing/invalid load imputed using vehicle_median = 68.6.
2026-08-26T21:11:07,VH-034,2024-11-16,load_percentage,MISSING_LOAD,IMPUTE_VEHICLE_MEDIAN,nan,68.6,Missing/invalid load imputed using vehicle_median = 68.6.
2026-08-26T21:11:07,VH-034,2024-11-19,load_percentage,MISSING_LOAD,IMPUTE_VEHICLE_MEDIAN,nan,68.6,Missing/invalid load imputed using vehicle_median = 68.6.
2026-08-26T21:11:07,VH-035,2024-03-06,load_percentage,INVALID_LOAD,IMPUTE_VEHICLE_MEDIAN,nan,68.64,Missing/invalid load imputed using vehicle_median = 68.64.
2026-08-26T21:11:07,VH-035,2024-04-17,load_percentage,MISSING_LOAD,IMPUTE_VEHICLE_MEDIAN,nan,68.64,Missing/invalid load imputed using vehicle_median = 68.64.
2026-08-26T21:11:07,VH-035,2024-04-19,load_percentage,MISSING_LOAD,IMPUTE_VEHICLE_MEDIAN,nan,68.64,Missing/invalid load imputed using vehicle_median = 68.64.
2026-08-26T21:11:07,VH-035,2024-05-03,load_percentage,MISSING_LOAD,IMPUTE_VEHICLE_MEDIAN,nan,68.64,Missing/invalid load imputed using vehicle_median = 68.64.
2026-08-26T21:11:07,VH-035,2024-05-16,load_percentage,MISSING_LOAD,IMPUTE_VEHICLE_MEDIAN,nan,68.64,Missing/invalid load imputed using vehicle_median = 68.64.
2026-08-26T21:11:07,VH-035,2024-06-08,load_percentage,MISSING_LOAD,IMPUTE_VEHICLE_MEDIAN,nan,68.64,Missing/invalid load imputed using vehicle_median = 68.64.
2026-08-26T21:11:07,VH-035,2024-07-02,load_percentage,MISSING_LOAD,IMPUTE_VEHICLE_MEDIAN,nan,68.64,Missing/invalid load imputed using vehicle_median = 68.64.
2026-08-26T21:11:07,VH-035,2024-08-09,load_percentage,MISSING_LOAD,IMPUTE_VEHICLE_MEDIAN,nan,68.64,Missing/invalid load imputed using vehicle_median = 68.64.
2026-08-26T21:11:07,VH-035,2024-08-14,load_percentage,MISSING_LOAD,IMPUTE_VEHICLE_MEDIAN,nan,68.64,Missing/invalid load imputed using vehicle_median = 68.64.
2026-08-26T21:11:07,VH-035,2024-09-16,load_percentage,MISSING_LOAD,IMPUTE_VEHICLE_MEDIAN,nan,68.64,Missing/invalid load imputed using vehicle_median = 68.64.
2026-08-26T21:11:07,VH-035,2024-10-04,load_percentage,MISSING_LOAD,IMPUTE_VEHICLE_MEDIAN,nan,68.64,Missing/invalid load imputed using vehicle_median = 68.64.
2026-08-26T21:11:07,VH-035,2024-10-26,load_percentage,MISSING_LOAD,IMPUTE_VEHICLE_MEDIAN,nan,68.64,Missing/invalid load imputed using vehicle_median = 68.64.
2026-08-26T21:11:07,VH-035,2024-10-27,load_percentage,MISSING_LOAD,IMPUTE_VEHICLE_MEDIAN,nan,68.64,Missing/invalid load imputed using vehicle_median = 68.64.
2026-08-26T21:11:07,VH-035,2024-11-13,load_percentage,MISSING_LOAD,IMPUTE_VEHICLE_MEDIAN,nan,68.64,Missing/invalid load imputed using vehicle_median = 68.64.
2026-08-26T21:11:07,VH-035,2024-11-14,load_percentage,MISSING_LOAD,IMPUTE_VEHICLE_MEDIAN,nan,68.64,Missing/invalid load imputed using vehicle_median = 68.64.
2026-08-26T21:11:07,VH-035,2024-11-24,load_percentage,INVALID_LOAD,IMPUTE_VEHICLE_MEDIAN,nan,68.64,Missing/invalid load imputed using vehicle_median = 68.64.
2026-08-26T21:11:07,VH-035,2024-12-11,load_percentage,MISSING_LOAD,IMPUTE_VEHICLE_MEDIAN,nan,68.64,Missing/invalid load imputed using vehicle_median = 68.64.
2026-08-26T21:11:07,VH-036,2024-01-18,load_percentage,MISSING_LOAD,IMPUTE_VEHICLE_MEDIAN,nan,68.89,Missing/invalid load imputed using vehicle_median = 68.89.
2026-08-26T21:11:07,VH-036,2024-01-19,load_percentage,MISSING_LOAD,IMPUTE_VEHICLE_MEDIAN,nan,68.89,Missing/invalid load imputed using vehicle_median = 68.89.
2026-08-26T21:11:07,VH-036,2024-01-31,load_percentage,MISSING_LOAD,IMPUTE_VEHICLE_MEDIAN,nan,68.89,Missing/invalid load imputed using vehicle_median = 68.89.
2026-08-26T21:11:07,VH-036,2024-02-29,load_percentage,MISSING_LOAD,IMPUTE_VEHICLE_MEDIAN,nan,68.89,Missing/invalid load imputed using vehicle_median = 68.89.
2026-08-26T21:11:07,VH-036,2024-04-18,load_percentage,MISSING_LOAD,IMPUTE_VEHICLE_MEDIAN,nan,68.89,Missing/invalid load imputed using vehicle_median = 68.89.
2026-08-26T21:11:07,VH-036,2024-04-22,load_percentage,MISSING_LOAD,IMPUTE_VEHICLE_MEDIAN,nan,68.89,Missing/invalid load imputed using vehicle_median = 68.89.
2026-08-26T21:11:07,VH-036,2024-05-11,load_percentage,INVALID_LOAD,IMPUTE_VEHICLE_MEDIAN,nan,68.89,Missing/invalid load imputed using vehicle_median = 68.89.
2026-08-26T21:11:07,VH-036,2024-05-17,load_percentage,INVALID_LOAD,IMPUTE_VEHICLE_MEDIAN,nan,68.89,Missing/invalid load imputed using vehicle_median = 68.89.
2026-08-26T21:11:07,VH-036,2024-07-17,load_percentage,MISSING_LOAD,IMPUTE_VEHICLE_MEDIAN,nan,68.89,Missing/invalid load imputed using vehicle_median = 68.89.
2026-08-26T21:11:07,VH-036,2024-07-21,load_percentage,MISSING_LOAD,IMPUTE_VEHICLE_MEDIAN,nan,68.89,Missing/invalid load imputed using vehicle_median = 68.89.
2026-08-26T21:11:07,VH-036,2024-08-04,load_percentage,INVALID_LOAD,IMPUTE_VEHICLE_MEDIAN,nan,68.89,Missing/invalid load imputed using vehicle_median = 68.89.
2026-08-26T21:11:07,VH-036,2024-08-08,load_percentage,MISSING_LOAD,IMPUTE_VEHICLE_MEDIAN,nan,68.89,Missing/invalid load imputed using vehicle_median = 68.89.
2026-08-26T21:11:07,VH-036,2024-08-20,load_percentage,MISSING_LOAD,IMPUTE_VEHICLE_MEDIAN,nan,68.89,Missing/invalid load imputed using vehicle_median = 68.89.
2026-08-26T21:11:07,VH-036,2024-09-02,load_percentage,MISSING_LOAD,IMPUTE_VEHICLE_MEDIAN,nan,68.89,Missing/invalid load imputed using vehicle_median = 68.89.
2026-08-26T21:11:07,VH-036,2024-09-26,load_percentage,MISSING_LOAD,IMPUTE_VEHICLE_MEDIAN,nan,68.89,Missing/invalid load imputed using vehicle_median = 68.89.
2026-08-26T21:11:07,VH-036,2024-10-05,load_percentage,MISSING_LOAD,IMPUTE_VEHICLE_MEDIAN,nan,68.89,Missing/invalid load imputed using vehicle_median = 68.89.
2026-08-26T21:11:07,VH-036,2024-10-14,load_percentage,MISSING_LOAD,IMPUTE_VEHICLE_MEDIAN,nan,68.89,Missing/invalid load imputed using vehicle_median = 68.89.
2026-08-26T21:11:07,VH-036,2024-12-17,load_percentage,MISSING_LOAD,IMPUTE_VEHICLE_MEDIAN,nan,68.89,Missing/invalid load imputed using vehicle_median = 68.89.
2026-08-26T21:11:07,VH-037,2024-01-13,load_percentage,MISSING_LOAD,IMPUTE_VEHICLE_MEDIAN,nan,67.75,Missing/invalid load imputed using vehicle_median = 67.75.
2026-08-26T21:11:07,VH-037,2024-01-18,load_percentage,MISSING_LOAD,IMPUTE_VEHICLE_MEDIAN,nan,67.75,Missing/invalid load imputed using vehicle_median = 67.75.
2026-08-26T21:11:07,VH-037,2024-03-03,load_percentage,MISSING_LOAD,IMPUTE_VEHICLE_MEDIAN,nan,67.75,Missing/invalid load imputed using vehicle_median = 67.75.
2026-08-26T21:11:07,VH-037,2024-05-07,load_percentage,MISSING_LOAD,IMPUTE_VEHICLE_MEDIAN,nan,67.75,Missing/invalid load imputed using vehicle_median = 67.75.
2026-08-26T21:11:07,VH-037,2024-05-30,load_percentage,MISSING_LOAD,IMPUTE_VEHICLE_MEDIAN,nan,67.75,Missing/invalid load imputed using vehicle_median = 67.75.
2026-08-26T21:11:07,VH-037,2024-06-07,load_percentage,INVALID_LOAD,IMPUTE_VEHICLE_MEDIAN,nan,67.75,Missing/invalid load imputed using vehicle_median = 67.75.
2026-08-26T21:11:07,VH-037,2024-06-14,load_percentage,MISSING_LOAD,IMPUTE_VEHICLE_MEDIAN,nan,67.75,Missing/invalid load imputed using vehicle_median = 67.75.
2026-08-26T21:11:07,VH-037,2024-08-02,load_percentage,MISSING_LOAD,IMPUTE_VEHICLE_MEDIAN,nan,67.75,Missing/invalid load imputed using vehicle_median = 67.75.
2026-08-26T21:11:07,VH-037,2024-08-08,load_percentage,MISSING_LOAD,IMPUTE_VEHICLE_MEDIAN,nan,67.75,Missing/invalid load imputed using vehicle_median = 67.75.
2026-08-26T21:11:07,VH-037,2024-10-18,load_percentage,MISSING_LOAD,IMPUTE_VEHICLE_MEDIAN,nan,67.75,Missing/invalid load imputed using vehicle_median = 67.75.
2026-08-26T21:11:07,VH-037,2024-11-06,load_percentage,MISSING_LOAD,IMPUTE_VEHICLE_MEDIAN,nan,67.75,Missing/invalid load imputed using vehicle_median = 67.75.
2026-08-26T21:11:07,VH-037,2024-11-10,load_percentage,MISSING_LOAD,IMPUTE_VEHICLE_MEDIAN,nan,67.75,Missing/invalid load imputed using vehicle_median = 67.75.
2026-08-26T21:11:07,VH-037,2024-11-14,load_percentage,MISSING_LOAD,IMPUTE_VEHICLE_MEDIAN,nan,67.75,Missing/invalid load imputed using vehicle_median = 67.75.
2026-08-26T21:11:07,VH-037,2024-11-30,load_percentage,MISSING_LOAD,IMPUTE_VEHICLE_MEDIAN,nan,67.75,Missing/invalid load imputed using vehicle_median = 67.75.
2026-08-26T21:11:07,VH-037,2024-12-08,load_percentage,MISSING_LOAD,IMPUTE_VEHICLE_MEDIAN,nan,67.75,Missing/invalid load imputed using vehicle_median = 67.75.
2026-08-26T21:11:07,VH-037,2024-12-21,load_percentage,MISSING_LOAD,IMPUTE_VEHICLE_MEDIAN,nan,67.75,Missing/invalid load imputed using vehicle_median = 67.75.
2026-08-26T21:11:07,VH-037,2024-12-25,load_percentage,MISSING_LOAD,IMPUTE_VEHICLE_MEDIAN,nan,67.75,Missing/invalid load imputed using vehicle_median = 67.75.
2026-08-26T21:11:07,VH-038,2024-01-06,load_percentage,MISSING_LOAD,IMPUTE_VEHICLE_MEDIAN,nan,68.63,Missing/invalid load imputed using vehicle_median = 68.63.
2026-08-26T21:11:07,VH-038,2024-01-17,load_percentage,MISSING_LOAD,IMPUTE_VEHICLE_MEDIAN,nan,68.63,Missing/invalid load imputed using vehicle_median = 68.63.
2026-08-26T21:11:07,VH-038,2024-02-07,load_percentage,INVALID_LOAD,IMPUTE_VEHICLE_MEDIAN,nan,68.63,Missing/invalid load imputed using vehicle_median = 68.63.
2026-08-26T21:11:07,VH-038,2024-04-03,load_percentage,MISSING_LOAD,IMPUTE_VEHICLE_MEDIAN,nan,68.63,Missing/invalid load imputed using vehicle_median = 68.63.
2026-08-26T21:11:07,VH-038,2024-05-12,load_percentage,MISSING_LOAD,IMPUTE_VEHICLE_MEDIAN,nan,68.63,Missing/invalid load imputed using vehicle_median = 68.63.
2026-08-26T21:11:07,VH-038,2024-05-20,load_percentage,MISSING_LOAD,IMPUTE_VEHICLE_MEDIAN,nan,68.63,Missing/invalid load imputed using vehicle_median = 68.63.
2026-08-26T21:11:07,VH-038,2024-06-13,load_percentage,MISSING_LOAD,IMPUTE_VEHICLE_MEDIAN,nan,68.63,Missing/invalid load imputed using vehicle_median = 68.63.
2026-08-26T21:11:07,VH-038,2024-06-25,load_percentage,MISSING_LOAD,IMPUTE_VEHICLE_MEDIAN,nan,68.63,Missing/invalid load imputed using vehicle_median = 68.63.
2026-08-26T21:11:07,VH-038,2024-08-02,load_percentage,INVALID_LOAD,IMPUTE_VEHICLE_MEDIAN,nan,68.63,Missing/invalid load imputed using vehicle_median = 68.63.
2026-08-26T21:11:07,VH-038,2024-10-03,load_percentage,MISSING_LOAD,IMPUTE_VEHICLE_MEDIAN,nan,68.63,Missing/invalid load imputed using vehicle_median = 68.63.
2026-08-26T21:11:07,VH-038,2024-10-04,load_percentage,MISSING_LOAD,IMPUTE_VEHICLE_MEDIAN,nan,68.63,Missing/invalid load imputed using vehicle_median = 68.63.
2026-08-26T21:11:07,VH-038,2024-11-10,load_percentage,MISSING_LOAD,IMPUTE_VEHICLE_MEDIAN,nan,68.63,Missing/invalid load imputed using vehicle_median = 68.63.
2026-08-26T21:11:07,VH-038,2024-12-08,load_percentage,MISSING_LOAD,IMPUTE_VEHICLE_MEDIAN,nan,68.63,Missing/invalid load imputed using vehicle_median = 68.63.
2026-08-26T21:11:07,VH-038,2024-12-18,load_percentage,MISSING_LOAD,IMPUTE_VEHICLE_MEDIAN,nan,68.63,Missing/invalid load imputed using vehicle_median = 68.63.
2026-08-26T21:11:07,VH-038,2024-12-30,load_percentage,MISSING_LOAD,IMPUTE_VEHICLE_MEDIAN,nan,68.63,Missing/invalid load imputed using vehicle_median = 68.63.
2026-08-26T21:11:07,VH-039,2024-03-27,load_percentage,MISSING_LOAD,IMPUTE_VEHICLE_MEDIAN,nan,69.04,Missing/invalid load imputed using vehicle_median = 69.04.
2026-08-26T21:11:07,VH-039,2024-03-31,load_percentage,MISSING_LOAD,IMPUTE_VEHICLE_MEDIAN,nan,69.04,Missing/invalid load imputed using vehicle_median = 69.04.
2026-08-26T21:11:07,VH-039,2024-04-14,load_percentage,MISSING_LOAD,IMPUTE_VEHICLE_MEDIAN,nan,69.04,Missing/invalid load imputed using vehicle_median = 69.04.
2026-08-26T21:11:07,VH-039,2024-05-05,load_percentage,MISSING_LOAD,IMPUTE_VEHICLE_MEDIAN,nan,69.04,Missing/invalid load imputed using vehicle_median = 69.04.
2026-08-26T21:11:07,VH-039,2024-05-13,load_percentage,MISSING_LOAD,IMPUTE_VEHICLE_MEDIAN,nan,69.04,Missing/invalid load imputed using vehicle_median = 69.04.
2026-08-26T21:11:07,VH-039,2024-05-26,load_percentage,MISSING_LOAD,IMPUTE_VEHICLE_MEDIAN,nan,69.04,Missing/invalid load imputed using vehicle_median = 69.04.
2026-08-26T21:11:07,VH-039,2024-07-03,load_percentage,MISSING_LOAD,IMPUTE_VEHICLE_MEDIAN,nan,69.04,Missing/invalid load imputed using vehicle_median = 69.04.
2026-08-26T21:11:07,VH-039,2024-08-26,load_percentage,INVALID_LOAD,IMPUTE_VEHICLE_MEDIAN,nan,69.04,Missing/invalid load imputed using vehicle_median = 69.04.
2026-08-26T21:11:07,VH-039,2024-09-03,load_percentage,MISSING_LOAD,IMPUTE_VEHICLE_MEDIAN,nan,69.04,Missing/invalid load imputed using vehicle_median = 69.04.
2026-08-26T21:11:07,VH-039,2024-09-20,load_percentage,MISSING_LOAD,IMPUTE_VEHICLE_MEDIAN,nan,69.04,Missing/invalid load imputed using vehicle_median = 69.04.
2026-08-26T21:11:07,VH-039,2024-09-30,load_percentage,MISSING_LOAD,IMPUTE_VEHICLE_MEDIAN,nan,69.04,Missing/invalid load imputed using vehicle_median = 69.04.
2026-08-26T21:11:07,VH-039,2024-10-17,load_percentage,INVALID_LOAD,IMPUTE_VEHICLE_MEDIAN,nan,69.04,Missing/invalid load imputed using vehicle_median = 69.04.
2026-08-26T21:11:07,VH-039,2024-10-24,load_percentage,MISSING_LOAD,IMPUTE_VEHICLE_MEDIAN,nan,69.04,Missing/invalid load imputed using vehicle_median = 69.04.
2026-08-26T21:11:07,VH-039,2024-11-17,load_percentage,MISSING_LOAD,IMPUTE_VEHICLE_MEDIAN,nan,69.04,Missing/invalid load imputed using vehicle_median = 69.04.
2026-08-26T21:11:07,VH-039,2024-11-20,load_percentage,MISSING_LOAD,IMPUTE_VEHICLE_MEDIAN,nan,69.04,Missing/invalid load imputed using vehicle_median = 69.04.
2026-08-26T21:11:07,VH-039,2024-12-02,load_percentage,INVALID_LOAD,IMPUTE_VEHICLE_MEDIAN,nan,69.04,Missing/invalid load imputed using vehicle_median = 69.04.
2026-08-26T21:11:07,VH-039,2024-12-08,load_percentage,MISSING_LOAD,IMPUTE_VEHICLE_MEDIAN,nan,69.04,Missing/invalid load imputed using vehicle_median = 69.04.
2026-08-26T21:11:07,VH-040,2024-01-19,load_percentage,MISSING_LOAD,IMPUTE_VEHICLE_MEDIAN,nan,68.33,Missing/invalid load imputed using vehicle_median = 68.33.
2026-08-26T21:11:07,VH-040,2024-01-29,load_percentage,INVALID_LOAD,IMPUTE_VEHICLE_MEDIAN,nan,68.33,Missing/invalid load imputed using vehicle_median = 68.33.
2026-08-26T21:11:07,VH-040,2024-03-21,load_percentage,INVALID_LOAD,IMPUTE_VEHICLE_MEDIAN,nan,68.33,Missing/invalid load imputed using vehicle_median = 68.33.
2026-08-26T21:11:07,VH-040,2024-03-25,load_percentage,MISSING_LOAD,IMPUTE_VEHICLE_MEDIAN,nan,68.33,Missing/invalid load imputed using vehicle_median = 68.33.
2026-08-26T21:11:07,VH-040,2024-03-29,load_percentage,MISSING_LOAD,IMPUTE_VEHICLE_MEDIAN,nan,68.33,Missing/invalid load imputed using vehicle_median = 68.33.
2026-08-26T21:11:07,VH-040,2024-05-08,load_percentage,INVALID_LOAD,IMPUTE_VEHICLE_MEDIAN,nan,68.33,Missing/invalid load imputed using vehicle_median = 68.33.
2026-08-26T21:11:07,VH-040,2024-05-12,load_percentage,INVALID_LOAD,IMPUTE_VEHICLE_MEDIAN,nan,68.33,Missing/invalid load imputed using vehicle_median = 68.33.
2026-08-26T21:11:07,VH-040,2024-05-16,load_percentage,MISSING_LOAD,IMPUTE_VEHICLE_MEDIAN,nan,68.33,Missing/invalid load imputed using vehicle_median = 68.33.
2026-08-26T21:11:07,VH-040,2024-05-28,load_percentage,MISSING_LOAD,IMPUTE_VEHICLE_MEDIAN,nan,68.33,Missing/invalid load imputed using vehicle_median = 68.33.
2026-08-26T21:11:07,VH-040,2024-06-05,load_percentage,MISSING_LOAD,IMPUTE_VEHICLE_MEDIAN,nan,68.33,Missing/invalid load imputed using vehicle_median = 68.33.
2026-08-26T21:11:07,VH-040,2024-06-21,load_percentage,MISSING_LOAD,IMPUTE_VEHICLE_MEDIAN,nan,68.33,Missing/invalid load imputed using vehicle_median = 68.33.
2026-08-26T21:11:07,VH-040,2024-06-24,load_percentage,MISSING_LOAD,IMPUTE_VEHICLE_MEDIAN,nan,68.33,Missing/invalid load imputed using vehicle_median = 68.33.
2026-08-26T21:11:07,VH-040,2024-08-01,load_percentage,MISSING_LOAD,IMPUTE_VEHICLE_MEDIAN,nan,68.33,Missing/invalid load imputed using vehicle_median = 68.33.
2026-08-26T21:11:07,VH-040,2024-08-04,load_percentage,MISSING_LOAD,IMPUTE_VEHICLE_MEDIAN,nan,68.33,Missing/invalid load imputed using vehicle_median = 68.33.
2026-08-26T21:11:07,VH-040,2024-08-11,load_percentage,MISSING_LOAD,IMPUTE_VEHICLE_MEDIAN,nan,68.33,Missing/invalid load imputed using vehicle_median = 68.33.
2026-08-26T21:11:07,VH-040,2024-10-02,load_percentage,MISSING_LOAD,IMPUTE_VEHICLE_MEDIAN,nan,68.33,Missing/invalid load imputed using vehicle_median = 68.33.
2026-08-26T21:11:07,VH-040,2024-10-07,load_percentage,MISSING_LOAD,IMPUTE_VEHICLE_MEDIAN,nan,68.33,Missing/invalid load imputed using vehicle_median = 68.33.
2026-08-26T21:11:07,VH-040,2024-10-29,load_percentage,MISSING_LOAD,IMPUTE_VEHICLE_MEDIAN,nan,68.33,Missing/invalid load imputed using vehicle_median = 68.33.
2026-08-26T21:11:07,VH-040,2024-10-31,load_percentage,MISSING_LOAD,IMPUTE_VEHICLE_MEDIAN,nan,68.33,Missing/invalid load imputed using vehicle_median = 68.33.
2026-08-26T21:11:07,VH-040,2024-12-02,load_percentage,MISSING_LOAD,IMPUTE_VEHICLE_MEDIAN,nan,68.33,Missing/invalid load imputed using vehicle_median = 68.33.
2026-08-26T21:11:07,VH-040,2024-12-05,load_percentage,INVALID_LOAD,IMPUTE_VEHICLE_MEDIAN,nan,68.33,Missing/invalid load imputed using vehicle_median = 68.33.
2026-08-26T21:11:07,VH-040,2024-12-06,load_percentage,MISSING_LOAD,IMPUTE_VEHICLE_MEDIAN,nan,68.33,Missing/invalid load imputed using vehicle_median = 68.33.
2026-08-26T21:11:07,VH-040,2024-12-10,load_percentage,INVALID_LOAD,IMPUTE_VEHICLE_MEDIAN,nan,68.33,Missing/invalid load imputed using vehicle_median = 68.33.
2026-08-26T21:11:07,VH-040,2024-12-15,load_percentage,MISSING_LOAD,IMPUTE_VEHICLE_MEDIAN,nan,68.33,Missing/invalid load imputed using vehicle_median = 68.33.
2026-08-26T21:11:07,VH-040,2024-12-23,load_percentage,MISSING_LOAD,IMPUTE_VEHICLE_MEDIAN,nan,68.33,Missing/invalid load imputed using vehicle_median = 68.33.
2026-08-26T21:11:07,VH-040,2024-12-26,load_percentage,MISSING_LOAD,IMPUTE_VEHICLE_MEDIAN,nan,68.33,Missing/invalid load imputed using vehicle_median = 68.33.
2026-08-26T21:11:07,VH-001,2024-02-07,engine_hours,MISSING_ENGINE_HOURS,IMPUTE_VEHICLE_MEDIAN,nan,12.09,Missing engine hours imputed using vehicle_median = 12.09.
2026-08-26T21:11:07,VH-001,2024-03-07,engine_hours,MISSING_ENGINE_HOURS,IMPUTE_VEHICLE_MEDIAN,nan,12.09,Missing engine hours imputed using vehicle_median = 12.09.
2026-08-26T21:11:07,VH-001,2024-03-25,engine_hours,MISSING_ENGINE_HOURS,IMPUTE_VEHICLE_MEDIAN,nan,12.09,Missing engine hours imputed using vehicle_median = 12.09.
2026-08-26T21:11:07,VH-001,2024-04-05,engine_hours,MISSING_ENGINE_HOURS,IMPUTE_VEHICLE_MEDIAN,nan,12.09,Missing engine hours imputed using vehicle_median = 12.09.
2026-08-26T21:11:07,VH-001,2024-06-08,engine_hours,MISSING_ENGINE_HOURS,IMPUTE_VEHICLE_MEDIAN,nan,12.09,Missing engine hours imputed using vehicle_median = 12.09.
2026-08-26T21:11:07,VH-001,2024-11-16,engine_hours,MISSING_ENGINE_HOURS,IMPUTE_VEHICLE_MEDIAN,nan,12.09,Missing engine hours imputed using vehicle_median = 12.09.
2026-08-26T21:11:07,VH-001,2024-11-17,engine_hours,MISSING_ENGINE_HOURS,IMPUTE_VEHICLE_MEDIAN,nan,12.09,Missing engine hours imputed using vehicle_median = 12.09.
2026-08-26T21:11:07,VH-001,2024-12-17,engine_hours,MISSING_ENGINE_HOURS,IMPUTE_VEHICLE_MEDIAN,nan,12.09,Missing engine hours imputed using vehicle_median = 12.09.
2026-08-26T21:11:07,VH-002,2024-01-07,engine_hours,MISSING_ENGINE_HOURS,IMPUTE_VEHICLE_MEDIAN,nan,14.75,Missing engine hours imputed using vehicle_median = 14.75.
2026-08-26T21:11:07,VH-002,2024-03-10,engine_hours,MISSING_ENGINE_HOURS,IMPUTE_VEHICLE_MEDIAN,nan,14.75,Missing engine hours imputed using vehicle_median = 14.75.
2026-08-26T21:11:07,VH-002,2024-05-28,engine_hours,MISSING_ENGINE_HOURS,IMPUTE_VEHICLE_MEDIAN,nan,14.75,Missing engine hours imputed using vehicle_median = 14.75.
2026-08-26T21:11:07,VH-002,2024-06-23,engine_hours,MISSING_ENGINE_HOURS,IMPUTE_VEHICLE_MEDIAN,nan,14.75,Missing engine hours imputed using vehicle_median = 14.75.
2026-08-26T21:11:07,VH-002,2024-06-24,engine_hours,MISSING_ENGINE_HOURS,IMPUTE_VEHICLE_MEDIAN,nan,14.75,Missing engine hours imputed using vehicle_median = 14.75.
2026-08-26T21:11:07,VH-002,2024-08-01,engine_hours,MISSING_ENGINE_HOURS,IMPUTE_VEHICLE_MEDIAN,nan,14.75,Missing engine hours imputed using vehicle_median = 14.75.
2026-08-26T21:11:07,VH-002,2024-08-09,engine_hours,MISSING_ENGINE_HOURS,IMPUTE_VEHICLE_MEDIAN,nan,14.75,Missing engine hours imputed using vehicle_median = 14.75.
2026-08-26T21:11:07,VH-002,2024-08-23,engine_hours,MISSING_ENGINE_HOURS,IMPUTE_VEHICLE_MEDIAN,nan,14.75,Missing engine hours imputed using vehicle_median = 14.75.
2026-08-26T21:11:07,VH-002,2024-09-20,engine_hours,MISSING_ENGINE_HOURS,IMPUTE_VEHICLE_MEDIAN,nan,14.75,Missing engine hours imputed using vehicle_median = 14.75.
2026-08-26T21:11:07,VH-002,2024-09-25,engine_hours,MISSING_ENGINE_HOURS,IMPUTE_VEHICLE_MEDIAN,nan,14.75,Missing engine hours imputed using vehicle_median = 14.75.
2026-08-26T21:11:07,VH-002,2024-11-29,engine_hours,MISSING_ENGINE_HOURS,IMPUTE_VEHICLE_MEDIAN,nan,14.75,Missing engine hours imputed using vehicle_median = 14.75.
2026-08-26T21:11:07,VH-002,2024-12-02,engine_hours,MISSING_ENGINE_HOURS,IMPUTE_VEHICLE_MEDIAN,nan,14.75,Missing engine hours imputed using vehicle_median = 14.75.
2026-08-26T21:11:07,VH-002,2024-12-12,engine_hours,MISSING_ENGINE_HOURS,IMPUTE_VEHICLE_MEDIAN,nan,14.75,Missing engine hours imputed using vehicle_median = 14.75.
2026-08-26T21:11:07,VH-002,2024-12-15,engine_hours,MISSING_ENGINE_HOURS,IMPUTE_VEHICLE_MEDIAN,nan,14.75,Missing engine hours imputed using vehicle_median = 14.75.
2026-08-26T21:11:07,VH-002,2024-12-29,engine_hours,MISSING_ENGINE_HOURS,IMPUTE_VEHICLE_MEDIAN,nan,14.75,Missing engine hours imputed using vehicle_median = 14.75.
2026-08-26T21:11:07,VH-003,2024-02-09,engine_hours,MISSING_ENGINE_HOURS,IMPUTE_VEHICLE_MEDIAN,nan,11.7,Missing engine hours imputed using vehicle_median = 11.7.
2026-08-26T21:11:07,VH-003,2024-02-18,engine_hours,MISSING_ENGINE_HOURS,IMPUTE_VEHICLE_MEDIAN,nan,11.7,Missing engine hours imputed using vehicle_median = 11.7.
2026-08-26T21:11:07,VH-003,2024-02-22,engine_hours,MISSING_ENGINE_HOURS,IMPUTE_VEHICLE_MEDIAN,nan,11.7,Missing engine hours imputed using vehicle_median = 11.7.
2026-08-26T21:11:07,VH-003,2024-02-29,engine_hours,MISSING_ENGINE_HOURS,IMPUTE_VEHICLE_MEDIAN,nan,11.7,Missing engine hours imputed using vehicle_median = 11.7.
2026-08-26T21:11:07,VH-003,2024-03-02,engine_hours,MISSING_ENGINE_HOURS,IMPUTE_VEHICLE_MEDIAN,nan,11.7,Missing engine hours imputed using vehicle_median = 11.7.
2026-08-26T21:11:07,VH-003,2024-08-03,engine_hours,MISSING_ENGINE_HOURS,IMPUTE_VEHICLE_MEDIAN,nan,11.7,Missing engine hours imputed using vehicle_median = 11.7.
2026-08-26T21:11:07,VH-003,2024-08-22,engine_hours,MISSING_ENGINE_HOURS,IMPUTE_VEHICLE_MEDIAN,nan,11.7,Missing engine hours imputed using vehicle_median = 11.7.
2026-08-26T21:11:07,VH-004,2024-01-04,engine_hours,MISSING_ENGINE_HOURS,IMPUTE_VEHICLE_MEDIAN,nan,10.7,Missing engine hours imputed using vehicle_median = 10.7.
2026-08-26T21:11:07,VH-004,2024-02-18,engine_hours,MISSING_ENGINE_HOURS,IMPUTE_VEHICLE_MEDIAN,nan,10.7,Missing engine hours imputed using vehicle_median = 10.7.
2026-08-26T21:11:07,VH-004,2024-03-04,engine_hours,MISSING_ENGINE_HOURS,IMPUTE_VEHICLE_MEDIAN,nan,10.7,Missing engine hours imputed using vehicle_median = 10.7.
2026-08-26T21:11:07,VH-004,2024-03-06,engine_hours,MISSING_ENGINE_HOURS,IMPUTE_VEHICLE_MEDIAN,nan,10.7,Missing engine hours imputed using vehicle_median = 10.7.
2026-08-26T21:11:07,VH-004,2024-03-16,engine_hours,MISSING_ENGINE_HOURS,IMPUTE_VEHICLE_MEDIAN,nan,10.7,Missing engine hours imputed using vehicle_median = 10.7.
2026-08-26T21:11:07,VH-004,2024-08-04,engine_hours,MISSING_ENGINE_HOURS,IMPUTE_VEHICLE_MEDIAN,nan,10.7,Missing engine hours imputed using vehicle_median = 10.7.
2026-08-26T21:11:07,VH-004,2024-10-10,engine_hours,MISSING_ENGINE_HOURS,IMPUTE_VEHICLE_MEDIAN,nan,10.7,Missing engine hours imputed using vehicle_median = 10.7.
2026-08-26T21:11:07,VH-004,2024-10-23,engine_hours,MISSING_ENGINE_HOURS,IMPUTE_VEHICLE_MEDIAN,nan,10.7,Missing engine hours imputed using vehicle_median = 10.7.
2026-08-26T21:11:07,VH-004,2024-11-17,engine_hours,MISSING_ENGINE_HOURS,IMPUTE_VEHICLE_MEDIAN,nan,10.7,Missing engine hours imputed using vehicle_median = 10.7.
2026-08-26T21:11:07,VH-004,2024-11-30,engine_hours,MISSING_ENGINE_HOURS,IMPUTE_VEHICLE_MEDIAN,nan,10.7,Missing engine hours imputed using vehicle_median = 10.7.
2026-08-26T21:11:07,VH-004,2024-12-16,engine_hours,MISSING_ENGINE_HOURS,IMPUTE_VEHICLE_MEDIAN,nan,10.7,Missing engine hours imputed using vehicle_median = 10.7.
2026-08-26T21:11:07,VH-004,2024-12-19,engine_hours,MISSING_ENGINE_HOURS,IMPUTE_VEHICLE_MEDIAN,nan,10.7,Missing engine hours imputed using vehicle_median = 10.7.
2026-08-26T21:11:07,VH-005,2024-01-24,engine_hours,MISSING_ENGINE_HOURS,IMPUTE_VEHICLE_MEDIAN,nan,14.9,Missing engine hours imputed using vehicle_median = 14.9.
2026-08-26T21:11:07,VH-005,2024-02-10,engine_hours,MISSING_ENGINE_HOURS,IMPUTE_VEHICLE_MEDIAN,nan,14.9,Missing engine hours imputed using vehicle_median = 14.9.
2026-08-26T21:11:07,VH-005,2024-07-09,engine_hours,MISSING_ENGINE_HOURS,IMPUTE_VEHICLE_MEDIAN,nan,14.9,Missing engine hours imputed using vehicle_median = 14.9.
2026-08-26T21:11:07,VH-005,2024-07-14,engine_hours,MISSING_ENGINE_HOURS,IMPUTE_VEHICLE_MEDIAN,nan,14.9,Missing engine hours imputed using vehicle_median = 14.9.
2026-08-26T21:11:07,VH-005,2024-07-17,engine_hours,MISSING_ENGINE_HOURS,IMPUTE_VEHICLE_MEDIAN,nan,14.9,Missing engine hours imputed using vehicle_median = 14.9.
2026-08-26T21:11:07,VH-005,2024-08-03,engine_hours,MISSING_ENGINE_HOURS,IMPUTE_VEHICLE_MEDIAN,nan,14.9,Missing engine hours imputed using vehicle_median = 14.9.
2026-08-26T21:11:07,VH-005,2024-08-14,engine_hours,MISSING_ENGINE_HOURS,IMPUTE_VEHICLE_MEDIAN,nan,14.9,Missing engine hours imputed using vehicle_median = 14.9.
2026-08-26T21:11:07,VH-006,2024-02-13,engine_hours,MISSING_ENGINE_HOURS,IMPUTE_VEHICLE_MEDIAN,nan,9.75,Missing engine hours imputed using vehicle_median = 9.75.
2026-08-26T21:11:07,VH-006,2024-02-18,engine_hours,MISSING_ENGINE_HOURS,IMPUTE_VEHICLE_MEDIAN,nan,9.75,Missing engine hours imputed using vehicle_median = 9.75.
2026-08-26T21:11:07,VH-006,2024-04-03,engine_hours,MISSING_ENGINE_HOURS,IMPUTE_VEHICLE_MEDIAN,nan,9.75,Missing engine hours imputed using vehicle_median = 9.75.
2026-08-26T21:11:07,VH-006,2024-06-02,engine_hours,MISSING_ENGINE_HOURS,IMPUTE_VEHICLE_MEDIAN,nan,9.75,Missing engine hours imputed using vehicle_median = 9.75.
2026-08-26T21:11:07,VH-006,2024-06-05,engine_hours,MISSING_ENGINE_HOURS,IMPUTE_VEHICLE_MEDIAN,nan,9.75,Missing engine hours imputed using vehicle_median = 9.75.
2026-08-26T21:11:07,VH-006,2024-06-13,engine_hours,MISSING_ENGINE_HOURS,IMPUTE_VEHICLE_MEDIAN,nan,9.75,Missing engine hours imputed using vehicle_median = 9.75.
2026-08-26T21:11:07,VH-006,2024-07-07,engine_hours,MISSING_ENGINE_HOURS,IMPUTE_VEHICLE_MEDIAN,nan,9.75,Missing engine hours imputed using vehicle_median = 9.75.
2026-08-26T21:11:07,VH-006,2024-07-20,engine_hours,MISSING_ENGINE_HOURS,IMPUTE_VEHICLE_MEDIAN,nan,9.75,Missing engine hours imputed using vehicle_median = 9.75.
2026-08-26T21:11:07,VH-006,2024-08-18,engine_hours,MISSING_ENGINE_HOURS,IMPUTE_VEHICLE_MEDIAN,nan,9.75,Missing engine hours imputed using vehicle_median = 9.75.
2026-08-26T21:11:07,VH-006,2024-10-01,engine_hours,MISSING_ENGINE_HOURS,IMPUTE_VEHICLE_MEDIAN,nan,9.75,Missing engine hours imputed using vehicle_median = 9.75.
2026-08-26T21:11:07,VH-006,2024-10-19,engine_hours,MISSING_ENGINE_HOURS,IMPUTE_VEHICLE_MEDIAN,nan,9.75,Missing engine hours imputed using vehicle_median = 9.75.
2026-08-26T21:11:07,VH-006,2024-11-04,engine_hours,MISSING_ENGINE_HOURS,IMPUTE_VEHICLE_MEDIAN,nan,9.75,Missing engine hours imputed using vehicle_median = 9.75.
2026-08-26T21:11:07,VH-006,2024-12-23,engine_hours,MISSING_ENGINE_HOURS,IMPUTE_VEHICLE_MEDIAN,nan,9.75,Missing engine hours imputed using vehicle_median = 9.75.
2026-08-26T21:11:07,VH-006,2024-12-29,engine_hours,MISSING_ENGINE_HOURS,IMPUTE_VEHICLE_MEDIAN,nan,9.75,Missing engine hours imputed using vehicle_median = 9.75.
2026-08-26T21:11:07,VH-007,2024-01-14,engine_hours,MISSING_ENGINE_HOURS,IMPUTE_VEHICLE_MEDIAN,nan,12.0,Missing engine hours imputed using vehicle_median = 12.0.
2026-08-26T21:11:07,VH-007,2024-01-30,engine_hours,MISSING_ENGINE_HOURS,IMPUTE_VEHICLE_MEDIAN,nan,12.0,Missing engine hours imputed using vehicle_median = 12.0.
2026-08-26T21:11:07,VH-007,2024-02-13,engine_hours,MISSING_ENGINE_HOURS,IMPUTE_VEHICLE_MEDIAN,nan,12.0,Missing engine hours imputed using vehicle_median = 12.0.
2026-08-26T21:11:07,VH-007,2024-03-15,engine_hours,MISSING_ENGINE_HOURS,IMPUTE_VEHICLE_MEDIAN,nan,12.0,Missing engine hours imputed using vehicle_median = 12.0.
2026-08-26T21:11:07,VH-007,2024-03-29,engine_hours,MISSING_ENGINE_HOURS,IMPUTE_VEHICLE_MEDIAN,nan,12.0,Missing engine hours imputed using vehicle_median = 12.0.
2026-08-26T21:11:07,VH-007,2024-04-19,engine_hours,MISSING_ENGINE_HOURS,IMPUTE_VEHICLE_MEDIAN,nan,12.0,Missing engine hours imputed using vehicle_median = 12.0.
2026-08-26T21:11:07,VH-007,2024-05-19,engine_hours,MISSING_ENGINE_HOURS,IMPUTE_VEHICLE_MEDIAN,nan,12.0,Missing engine hours imputed using vehicle_median = 12.0.
2026-08-26T21:11:07,VH-007,2024-06-05,engine_hours,MISSING_ENGINE_HOURS,IMPUTE_VEHICLE_MEDIAN,nan,12.0,Missing engine hours imputed using vehicle_median = 12.0.
2026-08-26T21:11:07,VH-007,2024-06-19,engine_hours,MISSING_ENGINE_HOURS,IMPUTE_VEHICLE_MEDIAN,nan,12.0,Missing engine hours imputed using vehicle_median = 12.0.
2026-08-26T21:11:07,VH-007,2024-07-04,engine_hours,MISSING_ENGINE_HOURS,IMPUTE_VEHICLE_MEDIAN,nan,12.0,Missing engine hours imputed using vehicle_median = 12.0.
2026-08-26T21:11:07,VH-007,2024-07-21,engine_hours,MISSING_ENGINE_HOURS,IMPUTE_VEHICLE_MEDIAN,nan,12.0,Missing engine hours imputed using vehicle_median = 12.0.
2026-08-26T21:11:07,VH-007,2024-10-22,engine_hours,MISSING_ENGINE_HOURS,IMPUTE_VEHICLE_MEDIAN,nan,12.0,Missing engine hours imputed using vehicle_median = 12.0.
2026-08-26T21:11:07,VH-007,2024-11-14,engine_hours,MISSING_ENGINE_HOURS,IMPUTE_VEHICLE_MEDIAN,nan,12.0,Missing engine hours imputed using vehicle_median = 12.0.
2026-08-26T21:11:07,VH-007,2024-11-21,engine_hours,MISSING_ENGINE_HOURS,IMPUTE_VEHICLE_MEDIAN,nan,12.0,Missing engine hours imputed using vehicle_median = 12.0.
2026-08-26T21:11:07,VH-007,2024-12-28,engine_hours,MISSING_ENGINE_HOURS,IMPUTE_VEHICLE_MEDIAN,nan,12.0,Missing engine hours imputed using vehicle_median = 12.0.
2026-08-26T21:11:07,VH-008,2024-05-01,engine_hours,MISSING_ENGINE_HOURS,IMPUTE_VEHICLE_MEDIAN,nan,11.79,Missing engine hours imputed using vehicle_median = 11.79.
2026-08-26T21:11:07,VH-008,2024-05-19,engine_hours,MISSING_ENGINE_HOURS,IMPUTE_VEHICLE_MEDIAN,nan,11.79,Missing engine hours imputed using vehicle_median = 11.79.
2026-08-26T21:11:07,VH-008,2024-06-24,engine_hours,MISSING_ENGINE_HOURS,IMPUTE_VEHICLE_MEDIAN,nan,11.79,Missing engine hours imputed using vehicle_median = 11.79.
2026-08-26T21:11:07,VH-008,2024-07-07,engine_hours,MISSING_ENGINE_HOURS,IMPUTE_VEHICLE_MEDIAN,nan,11.79,Missing engine hours imputed using vehicle_median = 11.79.
2026-08-26T21:11:07,VH-008,2024-08-09,engine_hours,MISSING_ENGINE_HOURS,IMPUTE_VEHICLE_MEDIAN,nan,11.79,Missing engine hours imputed using vehicle_median = 11.79.
2026-08-26T21:11:07,VH-008,2024-08-13,engine_hours,MISSING_ENGINE_HOURS,IMPUTE_VEHICLE_MEDIAN,nan,11.79,Missing engine hours imputed using vehicle_median = 11.79.
2026-08-26T21:11:07,VH-008,2024-08-28,engine_hours,MISSING_ENGINE_HOURS,IMPUTE_VEHICLE_MEDIAN,nan,11.79,Missing engine hours imputed using vehicle_median = 11.79.
2026-08-26T21:11:07,VH-008,2024-09-07,engine_hours,MISSING_ENGINE_HOURS,IMPUTE_VEHICLE_MEDIAN,nan,11.79,Missing engine hours imputed using vehicle_median = 11.79.
2026-08-26T21:11:07,VH-008,2024-10-03,engine_hours,MISSING_ENGINE_HOURS,IMPUTE_VEHICLE_MEDIAN,nan,11.79,Missing engine hours imputed using vehicle_median = 11.79.
2026-08-26T21:11:07,VH-008,2024-10-28,engine_hours,MISSING_ENGINE_HOURS,IMPUTE_VEHICLE_MEDIAN,nan,11.79,Missing engine hours imputed using vehicle_median = 11.79.
2026-08-26T21:11:07,VH-008,2024-11-05,engine_hours,MISSING_ENGINE_HOURS,IMPUTE_VEHICLE_MEDIAN,nan,11.79,Missing engine hours imputed using vehicle_median = 11.79.
2026-08-26T21:11:07,VH-008,2024-11-14,engine_hours,MISSING_ENGINE_HOURS,IMPUTE_VEHICLE_MEDIAN,nan,11.79,Missing engine hours imputed using vehicle_median = 11.79.
2026-08-26T21:11:07,VH-008,2024-12-06,engine_hours,MISSING_ENGINE_HOURS,IMPUTE_VEHICLE_MEDIAN,nan,11.79,Missing engine hours imputed using vehicle_median = 11.79.
2026-08-26T21:11:07,VH-009,2024-01-19,engine_hours,MISSING_ENGINE_HOURS,IMPUTE_VEHICLE_MEDIAN,nan,15.02,Missing engine hours imputed using vehicle_median = 15.02.
2026-08-26T21:11:07,VH-009,2024-03-07,engine_hours,MISSING_ENGINE_HOURS,IMPUTE_VEHICLE_MEDIAN,nan,15.02,Missing engine hours imputed using vehicle_median = 15.02.
2026-08-26T21:11:07,VH-009,2024-03-11,engine_hours,MISSING_ENGINE_HOURS,IMPUTE_VEHICLE_MEDIAN,nan,15.02,Missing engine hours imputed using vehicle_median = 15.02.
2026-08-26T21:11:07,VH-009,2024-05-09,engine_hours,MISSING_ENGINE_HOURS,IMPUTE_VEHICLE_MEDIAN,nan,15.02,Missing engine hours imputed using vehicle_median = 15.02.
2026-08-26T21:11:07,VH-009,2024-06-10,engine_hours,MISSING_ENGINE_HOURS,IMPUTE_VEHICLE_MEDIAN,nan,15.02,Missing engine hours imputed using vehicle_median = 15.02.
2026-08-26T21:11:07,VH-009,2024-06-14,engine_hours,MISSING_ENGINE_HOURS,IMPUTE_VEHICLE_MEDIAN,nan,15.02,Missing engine hours imputed using vehicle_median = 15.02.
2026-08-26T21:11:07,VH-009,2024-06-18,engine_hours,MISSING_ENGINE_HOURS,IMPUTE_VEHICLE_MEDIAN,nan,15.02,Missing engine hours imputed using vehicle_median = 15.02.
2026-08-26T21:11:07,VH-009,2024-08-01,engine_hours,MISSING_ENGINE_HOURS,IMPUTE_VEHICLE_MEDIAN,nan,15.02,Missing engine hours imputed using vehicle_median = 15.02.
2026-08-26T21:11:07,VH-009,2024-08-10,engine_hours,MISSING_ENGINE_HOURS,IMPUTE_VEHICLE_MEDIAN,nan,15.02,Missing engine hours imputed using vehicle_median = 15.02.
2026-08-26T21:11:07,VH-009,2024-08-18,engine_hours,MISSING_ENGINE_HOURS,IMPUTE_VEHICLE_MEDIAN,nan,15.02,Missing engine hours imputed using vehicle_median = 15.02.
2026-08-26T21:11:07,VH-009,2024-10-29,engine_hours,MISSING_ENGINE_HOURS,IMPUTE_VEHICLE_MEDIAN,nan,15.02,Missing engine hours imputed using vehicle_median = 15.02.
2026-08-26T21:11:07,VH-009,2024-11-28,engine_hours,MISSING_ENGINE_HOURS,IMPUTE_VEHICLE_MEDIAN,nan,15.02,Missing engine hours imputed using vehicle_median = 15.02.
2026-08-26T21:11:07,VH-010,2024-01-13,engine_hours,MISSING_ENGINE_HOURS,IMPUTE_VEHICLE_MEDIAN,nan,14.86,Missing engine hours imputed using vehicle_median = 14.86.
2026-08-26T21:11:07,VH-010,2024-04-22,engine_hours,MISSING_ENGINE_HOURS,IMPUTE_VEHICLE_MEDIAN,nan,14.86,Missing engine hours imputed using vehicle_median = 14.86.
2026-08-26T21:11:07,VH-010,2024-05-04,engine_hours,MISSING_ENGINE_HOURS,IMPUTE_VEHICLE_MEDIAN,nan,14.86,Missing engine hours imputed using vehicle_median = 14.86.
2026-08-26T21:11:07,VH-010,2024-05-07,engine_hours,MISSING_ENGINE_HOURS,IMPUTE_VEHICLE_MEDIAN,nan,14.86,Missing engine hours imputed using vehicle_median = 14.86.
2026-08-26T21:11:07,VH-010,2024-05-27,engine_hours,MISSING_ENGINE_HOURS,IMPUTE_VEHICLE_MEDIAN,nan,14.86,Missing engine hours imputed using vehicle_median = 14.86.
2026-08-26T21:11:07,VH-010,2024-06-15,engine_hours,MISSING_ENGINE_HOURS,IMPUTE_VEHICLE_MEDIAN,nan,14.86,Missing engine hours imputed using vehicle_median = 14.86.
2026-08-26T21:11:07,VH-010,2024-08-16,engine_hours,MISSING_ENGINE_HOURS,IMPUTE_VEHICLE_MEDIAN,nan,14.86,Missing engine hours imputed using vehicle_median = 14.86.
2026-08-26T21:11:07,VH-010,2024-08-31,engine_hours,MISSING_ENGINE_HOURS,IMPUTE_VEHICLE_MEDIAN,nan,14.86,Missing engine hours imputed using vehicle_median = 14.86.
2026-08-26T21:11:07,VH-010,2024-10-12,engine_hours,MISSING_ENGINE_HOURS,IMPUTE_VEHICLE_MEDIAN,nan,14.86,Missing engine hours imputed using vehicle_median = 14.86.
2026-08-26T21:11:07,VH-010,2024-10-19,engine_hours,MISSING_ENGINE_HOURS,IMPUTE_VEHICLE_MEDIAN,nan,14.86,Missing engine hours imputed using vehicle_median = 14.86.
2026-08-26T21:11:07,VH-010,2024-11-14,engine_hours,MISSING_ENGINE_HOURS,IMPUTE_VEHICLE_MEDIAN,nan,14.86,Missing engine hours imputed using vehicle_median = 14.86.
2026-08-26T21:11:07,VH-011,2024-02-18,engine_hours,MISSING_ENGINE_HOURS,IMPUTE_VEHICLE_MEDIAN,nan,14.99,Missing engine hours imputed using vehicle_median = 14.99.
2026-08-26T21:11:07,VH-011,2024-04-21,engine_hours,MISSING_ENGINE_HOURS,IMPUTE_VEHICLE_MEDIAN,nan,14.99,Missing engine hours imputed using vehicle_median = 14.99.
2026-08-26T21:11:07,VH-011,2024-06-05,engine_hours,MISSING_ENGINE_HOURS,IMPUTE_VEHICLE_MEDIAN,nan,14.99,Missing engine hours imputed using vehicle_median = 14.99.
2026-08-26T21:11:07,VH-011,2024-06-13,engine_hours,MISSING_ENGINE_HOURS,IMPUTE_VEHICLE_MEDIAN,nan,14.99,Missing engine hours imputed using vehicle_median = 14.99.
2026-08-26T21:11:07,VH-011,2024-07-23,engine_hours,MISSING_ENGINE_HOURS,IMPUTE_VEHICLE_MEDIAN,nan,14.99,Missing engine hours imputed using vehicle_median = 14.99.
2026-08-26T21:11:07,VH-011,2024-08-12,engine_hours,MISSING_ENGINE_HOURS,IMPUTE_VEHICLE_MEDIAN,nan,14.99,Missing engine hours imputed using vehicle_median = 14.99.
2026-08-26T21:11:07,VH-011,2024-09-21,engine_hours,MISSING_ENGINE_HOURS,IMPUTE_VEHICLE_MEDIAN,nan,14.99,Missing engine hours imputed using vehicle_median = 14.99.
2026-08-26T21:11:07,VH-011,2024-09-26,engine_hours,MISSING_ENGINE_HOURS,IMPUTE_VEHICLE_MEDIAN,nan,14.99,Missing engine hours imputed using vehicle_median = 14.99.
2026-08-26T21:11:07,VH-012,2024-01-19,engine_hours,MISSING_ENGINE_HOURS,IMPUTE_VEHICLE_MEDIAN,nan,9.91,Missing engine hours imputed using vehicle_median = 9.91.
2026-08-26T21:11:07,VH-012,2024-01-24,engine_hours,MISSING_ENGINE_HOURS,IMPUTE_VEHICLE_MEDIAN,nan,9.91,Missing engine hours imputed using vehicle_median = 9.91.
2026-08-26T21:11:07,VH-012,2024-01-29,engine_hours,MISSING_ENGINE_HOURS,IMPUTE_VEHICLE_MEDIAN,nan,9.91,Missing engine hours imputed using vehicle_median = 9.91.
2026-08-26T21:11:07,VH-012,2024-04-09,engine_hours,MISSING_ENGINE_HOURS,IMPUTE_VEHICLE_MEDIAN,nan,9.91,Missing engine hours imputed using vehicle_median = 9.91.
2026-08-26T21:11:07,VH-012,2024-05-06,engine_hours,MISSING_ENGINE_HOURS,IMPUTE_VEHICLE_MEDIAN,nan,9.91,Missing engine hours imputed using vehicle_median = 9.91.
2026-08-26T21:11:07,VH-012,2024-05-11,engine_hours,MISSING_ENGINE_HOURS,IMPUTE_VEHICLE_MEDIAN,nan,9.91,Missing engine hours imputed using vehicle_median = 9.91.
2026-08-26T21:11:07,VH-012,2024-05-24,engine_hours,MISSING_ENGINE_HOURS,IMPUTE_VEHICLE_MEDIAN,nan,9.91,Missing engine hours imputed using vehicle_median = 9.91.
2026-08-26T21:11:07,VH-012,2024-07-19,engine_hours,MISSING_ENGINE_HOURS,IMPUTE_VEHICLE_MEDIAN,nan,9.91,Missing engine hours imputed using vehicle_median = 9.91.
2026-08-26T21:11:07,VH-012,2024-07-23,engine_hours,MISSING_ENGINE_HOURS,IMPUTE_VEHICLE_MEDIAN,nan,9.91,Missing engine hours imputed using vehicle_median = 9.91.
2026-08-26T21:11:07,VH-012,2024-09-25,engine_hours,MISSING_ENGINE_HOURS,IMPUTE_VEHICLE_MEDIAN,nan,9.91,Missing engine hours imputed using vehicle_median = 9.91.
2026-08-26T21:11:07,VH-012,2024-10-17,engine_hours,MISSING_ENGINE_HOURS,IMPUTE_VEHICLE_MEDIAN,nan,9.91,Missing engine hours imputed using vehicle_median = 9.91.
2026-08-26T21:11:07,VH-012,2024-10-25,engine_hours,MISSING_ENGINE_HOURS,IMPUTE_VEHICLE_MEDIAN,nan,9.91,Missing engine hours imputed using vehicle_median = 9.91.
2026-08-26T21:11:07,VH-012,2024-12-22,engine_hours,MISSING_ENGINE_HOURS,IMPUTE_VEHICLE_MEDIAN,nan,9.91,Missing engine hours imputed using vehicle_median = 9.91.
2026-08-26T21:11:07,VH-013,2024-01-15,engine_hours,MISSING_ENGINE_HOURS,IMPUTE_VEHICLE_MEDIAN,nan,10.71,Missing engine hours imputed using vehicle_median = 10.71.
2026-08-26T21:11:07,VH-013,2024-01-22,engine_hours,MISSING_ENGINE_HOURS,IMPUTE_VEHICLE_MEDIAN,nan,10.71,Missing engine hours imputed using vehicle_median = 10.71.
2026-08-26T21:11:07,VH-013,2024-02-22,engine_hours,MISSING_ENGINE_HOURS,IMPUTE_VEHICLE_MEDIAN,nan,10.71,Missing engine hours imputed using vehicle_median = 10.71.
2026-08-26T21:11:07,VH-013,2024-04-02,engine_hours,MISSING_ENGINE_HOURS,IMPUTE_VEHICLE_MEDIAN,nan,10.71,Missing engine hours imputed using vehicle_median = 10.71.
2026-08-26T21:11:07,VH-013,2024-05-07,engine_hours,MISSING_ENGINE_HOURS,IMPUTE_VEHICLE_MEDIAN,nan,10.71,Missing engine hours imputed using vehicle_median = 10.71.
2026-08-26T21:11:07,VH-013,2024-05-23,engine_hours,MISSING_ENGINE_HOURS,IMPUTE_VEHICLE_MEDIAN,nan,10.71,Missing engine hours imputed using vehicle_median = 10.71.
2026-08-26T21:11:07,VH-013,2024-07-26,engine_hours,MISSING_ENGINE_HOURS,IMPUTE_VEHICLE_MEDIAN,nan,10.71,Missing engine hours imputed using vehicle_median = 10.71.
2026-08-26T21:11:07,VH-013,2024-08-31,engine_hours,MISSING_ENGINE_HOURS,IMPUTE_VEHICLE_MEDIAN,nan,10.71,Missing engine hours imputed using vehicle_median = 10.71.
2026-08-26T21:11:07,VH-013,2024-10-29,engine_hours,MISSING_ENGINE_HOURS,IMPUTE_VEHICLE_MEDIAN,nan,10.71,Missing engine hours imputed using vehicle_median = 10.71.
2026-08-26T21:11:07,VH-013,2024-12-27,engine_hours,MISSING_ENGINE_HOURS,IMPUTE_VEHICLE_MEDIAN,nan,10.71,Missing engine hours imputed using vehicle_median = 10.71.
2026-08-26T21:11:07,VH-014,2024-01-13,engine_hours,MISSING_ENGINE_HOURS,IMPUTE_VEHICLE_MEDIAN,nan,11.71,Missing engine hours imputed using vehicle_median = 11.71.
2026-08-26T21:11:07,VH-014,2024-03-15,engine_hours,MISSING_ENGINE_HOURS,IMPUTE_VEHICLE_MEDIAN,nan,11.71,Missing engine hours imputed using vehicle_median = 11.71.
2026-08-26T21:11:07,VH-014,2024-03-20,engine_hours,MISSING_ENGINE_HOURS,IMPUTE_VEHICLE_MEDIAN,nan,11.71,Missing engine hours imputed using vehicle_median = 11.71.
2026-08-26T21:11:07,VH-014,2024-06-18,engine_hours,MISSING_ENGINE_HOURS,IMPUTE_VEHICLE_MEDIAN,nan,11.71,Missing engine hours imputed using vehicle_median = 11.71.
2026-08-26T21:11:07,VH-014,2024-07-07,engine_hours,MISSING_ENGINE_HOURS,IMPUTE_VEHICLE_MEDIAN,nan,11.71,Missing engine hours imputed using vehicle_median = 11.71.
2026-08-26T21:11:07,VH-014,2024-07-30,engine_hours,MISSING_ENGINE_HOURS,IMPUTE_VEHICLE_MEDIAN,nan,11.71,Missing engine hours imputed using vehicle_median = 11.71.
2026-08-26T21:11:07,VH-014,2024-09-11,engine_hours,MISSING_ENGINE_HOURS,IMPUTE_VEHICLE_MEDIAN,nan,11.71,Missing engine hours imputed using vehicle_median = 11.71.
2026-08-26T21:11:07,VH-015,2024-01-12,engine_hours,MISSING_ENGINE_HOURS,IMPUTE_VEHICLE_MEDIAN,nan,14.96,Missing engine hours imputed using vehicle_median = 14.96.
2026-08-26T21:11:07,VH-015,2024-01-22,engine_hours,MISSING_ENGINE_HOURS,IMPUTE_VEHICLE_MEDIAN,nan,14.96,Missing engine hours imputed using vehicle_median = 14.96.
2026-08-26T21:11:07,VH-015,2024-02-29,engine_hours,MISSING_ENGINE_HOURS,IMPUTE_VEHICLE_MEDIAN,nan,14.96,Missing engine hours imputed using vehicle_median = 14.96.
2026-08-26T21:11:07,VH-015,2024-03-10,engine_hours,MISSING_ENGINE_HOURS,IMPUTE_VEHICLE_MEDIAN,nan,14.96,Missing engine hours imputed using vehicle_median = 14.96.
2026-08-26T21:11:07,VH-015,2024-04-14,engine_hours,MISSING_ENGINE_HOURS,IMPUTE_VEHICLE_MEDIAN,nan,14.96,Missing engine hours imputed using vehicle_median = 14.96.
2026-08-26T21:11:07,VH-015,2024-05-25,engine_hours,MISSING_ENGINE_HOURS,IMPUTE_VEHICLE_MEDIAN,nan,14.96,Missing engine hours imputed using vehicle_median = 14.96.
2026-08-26T21:11:07,VH-015,2024-06-02,engine_hours,MISSING_ENGINE_HOURS,IMPUTE_VEHICLE_MEDIAN,nan,14.96,Missing engine hours imputed using vehicle_median = 14.96.
2026-08-26T21:11:07,VH-015,2024-06-04,engine_hours,MISSING_ENGINE_HOURS,IMPUTE_VEHICLE_MEDIAN,nan,14.96,Missing engine hours imputed using vehicle_median = 14.96.
2026-08-26T21:11:07,VH-015,2024-06-12,engine_hours,MISSING_ENGINE_HOURS,IMPUTE_VEHICLE_MEDIAN,nan,14.96,Missing engine hours imputed using vehicle_median = 14.96.
2026-08-26T21:11:07,VH-015,2024-06-28,engine_hours,MISSING_ENGINE_HOURS,IMPUTE_VEHICLE_MEDIAN,nan,14.96,Missing engine hours imputed using vehicle_median = 14.96.
2026-08-26T21:11:07,VH-015,2024-08-07,engine_hours,MISSING_ENGINE_HOURS,IMPUTE_VEHICLE_MEDIAN,nan,14.96,Missing engine hours imputed using vehicle_median = 14.96.
2026-08-26T21:11:07,VH-015,2024-09-05,engine_hours,MISSING_ENGINE_HOURS,IMPUTE_VEHICLE_MEDIAN,nan,14.96,Missing engine hours imputed using vehicle_median = 14.96.
2026-08-26T21:11:07,VH-015,2024-09-24,engine_hours,MISSING_ENGINE_HOURS,IMPUTE_VEHICLE_MEDIAN,nan,14.96,Missing engine hours imputed using vehicle_median = 14.96.
2026-08-26T21:11:07,VH-015,2024-10-01,engine_hours,MISSING_ENGINE_HOURS,IMPUTE_VEHICLE_MEDIAN,nan,14.96,Missing engine hours imputed using vehicle_median = 14.96.
2026-08-26T21:11:07,VH-015,2024-10-06,engine_hours,MISSING_ENGINE_HOURS,IMPUTE_VEHICLE_MEDIAN,nan,14.96,Missing engine hours imputed using vehicle_median = 14.96.
2026-08-26T21:11:07,VH-015,2024-10-11,engine_hours,MISSING_ENGINE_HOURS,IMPUTE_VEHICLE_MEDIAN,nan,14.96,Missing engine hours imputed using vehicle_median = 14.96.
2026-08-26T21:11:07,VH-015,2024-10-14,engine_hours,MISSING_ENGINE_HOURS,IMPUTE_VEHICLE_MEDIAN,nan,14.96,Missing engine hours imputed using vehicle_median = 14.96.
2026-08-26T21:11:07,VH-015,2024-10-16,engine_hours,MISSING_ENGINE_HOURS,IMPUTE_VEHICLE_MEDIAN,nan,14.96,Missing engine hours imputed using vehicle_median = 14.96.
2026-08-26T21:11:07,VH-015,2024-11-06,engine_hours,MISSING_ENGINE_HOURS,IMPUTE_VEHICLE_MEDIAN,nan,14.96,Missing engine hours imputed using vehicle_median = 14.96.
2026-08-26T21:11:07,VH-015,2024-12-17,engine_hours,MISSING_ENGINE_HOURS,IMPUTE_VEHICLE_MEDIAN,nan,14.96,Missing engine hours imputed using vehicle_median = 14.96.
2026-08-26T21:11:07,VH-016,2024-01-31,engine_hours,MISSING_ENGINE_HOURS,IMPUTE_VEHICLE_MEDIAN,nan,14.66,Missing engine hours imputed using vehicle_median = 14.66.
2026-08-26T21:11:07,VH-016,2024-03-13,engine_hours,MISSING_ENGINE_HOURS,IMPUTE_VEHICLE_MEDIAN,nan,14.66,Missing engine hours imputed using vehicle_median = 14.66.
2026-08-26T21:11:07,VH-016,2024-03-20,engine_hours,MISSING_ENGINE_HOURS,IMPUTE_VEHICLE_MEDIAN,nan,14.66,Missing engine hours imputed using vehicle_median = 14.66.
2026-08-26T21:11:07,VH-016,2024-03-21,engine_hours,MISSING_ENGINE_HOURS,IMPUTE_VEHICLE_MEDIAN,nan,14.66,Missing engine hours imputed using vehicle_median = 14.66.
2026-08-26T21:11:07,VH-016,2024-08-18,engine_hours,MISSING_ENGINE_HOURS,IMPUTE_VEHICLE_MEDIAN,nan,14.66,Missing engine hours imputed using vehicle_median = 14.66.
2026-08-26T21:11:07,VH-016,2024-08-22,engine_hours,MISSING_ENGINE_HOURS,IMPUTE_VEHICLE_MEDIAN,nan,14.66,Missing engine hours imputed using vehicle_median = 14.66.
2026-08-26T21:11:07,VH-016,2024-09-05,engine_hours,MISSING_ENGINE_HOURS,IMPUTE_VEHICLE_MEDIAN,nan,14.66,Missing engine hours imputed using vehicle_median = 14.66.
2026-08-26T21:11:07,VH-016,2024-09-15,engine_hours,MISSING_ENGINE_HOURS,IMPUTE_VEHICLE_MEDIAN,nan,14.66,Missing engine hours imputed using vehicle_median = 14.66.
2026-08-26T21:11:07,VH-016,2024-10-31,engine_hours,MISSING_ENGINE_HOURS,IMPUTE_VEHICLE_MEDIAN,nan,14.66,Missing engine hours imputed using vehicle_median = 14.66.
2026-08-26T21:11:07,VH-016,2024-12-18,engine_hours,MISSING_ENGINE_HOURS,IMPUTE_VEHICLE_MEDIAN,nan,14.66,Missing engine hours imputed using vehicle_median = 14.66.
2026-08-26T21:11:07,VH-017,2024-01-20,engine_hours,MISSING_ENGINE_HOURS,IMPUTE_VEHICLE_MEDIAN,nan,10.55,Missing engine hours imputed using vehicle_median = 10.55.
2026-08-26T21:11:07,VH-017,2024-02-09,engine_hours,MISSING_ENGINE_HOURS,IMPUTE_VEHICLE_MEDIAN,nan,10.55,Missing engine hours imputed using vehicle_median = 10.55.
2026-08-26T21:11:07,VH-017,2024-02-20,engine_hours,MISSING_ENGINE_HOURS,IMPUTE_VEHICLE_MEDIAN,nan,10.55,Missing engine hours imputed using vehicle_median = 10.55.
2026-08-26T21:11:07,VH-017,2024-02-23,engine_hours,MISSING_ENGINE_HOURS,IMPUTE_VEHICLE_MEDIAN,nan,10.55,Missing engine hours imputed using vehicle_median = 10.55.
2026-08-26T21:11:07,VH-017,2024-03-30,engine_hours,MISSING_ENGINE_HOURS,IMPUTE_VEHICLE_MEDIAN,nan,10.55,Missing engine hours imputed using vehicle_median = 10.55.
2026-08-26T21:11:07,VH-017,2024-03-31,engine_hours,MISSING_ENGINE_HOURS,IMPUTE_VEHICLE_MEDIAN,nan,10.55,Missing engine hours imputed using vehicle_median = 10.55.
2026-08-26T21:11:07,VH-017,2024-04-12,engine_hours,MISSING_ENGINE_HOURS,IMPUTE_VEHICLE_MEDIAN,nan,10.55,Missing engine hours imputed using vehicle_median = 10.55.
2026-08-26T21:11:07,VH-017,2024-09-29,engine_hours,MISSING_ENGINE_HOURS,IMPUTE_VEHICLE_MEDIAN,nan,10.55,Missing engine hours imputed using vehicle_median = 10.55.
2026-08-26T21:11:07,VH-017,2024-10-18,engine_hours,MISSING_ENGINE_HOURS,IMPUTE_VEHICLE_MEDIAN,nan,10.55,Missing engine hours imputed using vehicle_median = 10.55.
2026-08-26T21:11:07,VH-017,2024-11-07,engine_hours,MISSING_ENGINE_HOURS,IMPUTE_VEHICLE_MEDIAN,nan,10.55,Missing engine hours imputed using vehicle_median = 10.55.
2026-08-26T21:11:07,VH-017,2024-11-18,engine_hours,MISSING_ENGINE_HOURS,IMPUTE_VEHICLE_MEDIAN,nan,10.55,Missing engine hours imputed using vehicle_median = 10.55.
2026-08-26T21:11:07,VH-017,2024-12-19,engine_hours,MISSING_ENGINE_HOURS,IMPUTE_VEHICLE_MEDIAN,nan,10.55,Missing engine hours imputed using vehicle_median = 10.55.
2026-08-26T21:11:07,VH-018,2024-01-17,engine_hours,MISSING_ENGINE_HOURS,IMPUTE_VEHICLE_MEDIAN,nan,14.98,Missing engine hours imputed using vehicle_median = 14.98.
2026-08-26T21:11:07,VH-018,2024-03-08,engine_hours,MISSING_ENGINE_HOURS,IMPUTE_VEHICLE_MEDIAN,nan,14.98,Missing engine hours imputed using vehicle_median = 14.98.
2026-08-26T21:11:07,VH-018,2024-03-30,engine_hours,MISSING_ENGINE_HOURS,IMPUTE_VEHICLE_MEDIAN,nan,14.98,Missing engine hours imputed using vehicle_median = 14.98.
2026-08-26T21:11:07,VH-018,2024-04-17,engine_hours,MISSING_ENGINE_HOURS,IMPUTE_VEHICLE_MEDIAN,nan,14.98,Missing engine hours imputed using vehicle_median = 14.98.
2026-08-26T21:11:07,VH-018,2024-07-15,engine_hours,MISSING_ENGINE_HOURS,IMPUTE_VEHICLE_MEDIAN,nan,14.98,Missing engine hours imputed using vehicle_median = 14.98.
2026-08-26T21:11:07,VH-018,2024-07-30,engine_hours,MISSING_ENGINE_HOURS,IMPUTE_VEHICLE_MEDIAN,nan,14.98,Missing engine hours imputed using vehicle_median = 14.98.
2026-08-26T21:11:07,VH-018,2024-10-03,engine_hours,MISSING_ENGINE_HOURS,IMPUTE_VEHICLE_MEDIAN,nan,14.98,Missing engine hours imputed using vehicle_median = 14.98.
2026-08-26T21:11:08,VH-018,2024-11-03,engine_hours,MISSING_ENGINE_HOURS,IMPUTE_VEHICLE_MEDIAN,nan,14.98,Missing engine hours imputed using vehicle_median = 14.98.
2026-08-26T21:11:08,VH-018,2024-11-13,engine_hours,MISSING_ENGINE_HOURS,IMPUTE_VEHICLE_MEDIAN,nan,14.98,Missing engine hours imputed using vehicle_median = 14.98.
2026-08-26T21:11:08,VH-018,2024-11-23,engine_hours,MISSING_ENGINE_HOURS,IMPUTE_VEHICLE_MEDIAN,nan,14.98,Missing engine hours imputed using vehicle_median = 14.98.
2026-08-26T21:11:08,VH-018,2024-12-09,engine_hours,MISSING_ENGINE_HOURS,IMPUTE_VEHICLE_MEDIAN,nan,14.98,Missing engine hours imputed using vehicle_median = 14.98.
2026-08-26T21:11:08,VH-019,2024-01-05,engine_hours,MISSING_ENGINE_HOURS,IMPUTE_VEHICLE_MEDIAN,nan,11.73,Missing engine hours imputed using vehicle_median = 11.73.
2026-08-26T21:11:08,VH-019,2024-01-29,engine_hours,MISSING_ENGINE_HOURS,IMPUTE_VEHICLE_MEDIAN,nan,11.73,Missing engine hours imputed using vehicle_median = 11.73.
2026-08-26T21:11:08,VH-019,2024-02-08,engine_hours,MISSING_ENGINE_HOURS,IMPUTE_VEHICLE_MEDIAN,nan,11.73,Missing engine hours imputed using vehicle_median = 11.73.
2026-08-26T21:11:08,VH-019,2024-02-22,engine_hours,MISSING_ENGINE_HOURS,IMPUTE_VEHICLE_MEDIAN,nan,11.73,Missing engine hours imputed using vehicle_median = 11.73.
2026-08-26T21:11:08,VH-019,2024-02-28,engine_hours,MISSING_ENGINE_HOURS,IMPUTE_VEHICLE_MEDIAN,nan,11.73,Missing engine hours imputed using vehicle_median = 11.73.
2026-08-26T21:11:08,VH-019,2024-04-13,engine_hours,MISSING_ENGINE_HOURS,IMPUTE_VEHICLE_MEDIAN,nan,11.73,Missing engine hours imputed using vehicle_median = 11.73.
2026-08-26T21:11:08,VH-019,2024-04-22,engine_hours,MISSING_ENGINE_HOURS,IMPUTE_VEHICLE_MEDIAN,nan,11.73,Missing engine hours imputed using vehicle_median = 11.73.
2026-08-26T21:11:08,VH-019,2024-05-03,engine_hours,MISSING_ENGINE_HOURS,IMPUTE_VEHICLE_MEDIAN,nan,11.73,Missing engine hours imputed using vehicle_median = 11.73.
2026-08-26T21:11:08,VH-019,2024-05-06,engine_hours,MISSING_ENGINE_HOURS,IMPUTE_VEHICLE_MEDIAN,nan,11.73,Missing engine hours imputed using vehicle_median = 11.73.
2026-08-26T21:11:08,VH-019,2024-06-24,engine_hours,MISSING_ENGINE_HOURS,IMPUTE_VEHICLE_MEDIAN,nan,11.73,Missing engine hours imputed using vehicle_median = 11.73.
2026-08-26T21:11:08,VH-019,2024-06-28,engine_hours,MISSING_ENGINE_HOURS,IMPUTE_VEHICLE_MEDIAN,nan,11.73,Missing engine hours imputed using vehicle_median = 11.73.
2026-08-26T21:11:08,VH-019,2024-07-08,engine_hours,MISSING_ENGINE_HOURS,IMPUTE_VEHICLE_MEDIAN,nan,11.73,Missing engine hours imputed using vehicle_median = 11.73.
2026-08-26T21:11:08,VH-019,2024-08-12,engine_hours,MISSING_ENGINE_HOURS,IMPUTE_VEHICLE_MEDIAN,nan,11.73,Missing engine hours imputed using vehicle_median = 11.73.
2026-08-26T21:11:08,VH-019,2024-10-29,engine_hours,MISSING_ENGINE_HOURS,IMPUTE_VEHICLE_MEDIAN,nan,11.73,Missing engine hours imputed using vehicle_median = 11.73.
2026-08-26T21:11:08,VH-019,2024-10-30,engine_hours,MISSING_ENGINE_HOURS,IMPUTE_VEHICLE_MEDIAN,nan,11.73,Missing engine hours imputed using vehicle_median = 11.73.
2026-08-26T21:11:08,VH-019,2024-11-11,engine_hours,MISSING_ENGINE_HOURS,IMPUTE_VEHICLE_MEDIAN,nan,11.73,Missing engine hours imputed using vehicle_median = 11.73.
2026-08-26T21:11:08,VH-019,2024-11-18,engine_hours,MISSING_ENGINE_HOURS,IMPUTE_VEHICLE_MEDIAN,nan,11.73,Missing engine hours imputed using vehicle_median = 11.73.
2026-08-26T21:11:08,VH-019,2024-11-30,engine_hours,MISSING_ENGINE_HOURS,IMPUTE_VEHICLE_MEDIAN,nan,11.73,Missing engine hours imputed using vehicle_median = 11.73.
2026-08-26T21:11:08,VH-020,2024-02-05,engine_hours,MISSING_ENGINE_HOURS,IMPUTE_VEHICLE_MEDIAN,nan,10.81,Missing engine hours imputed using vehicle_median = 10.81.
2026-08-26T21:11:08,VH-020,2024-02-23,engine_hours,MISSING_ENGINE_HOURS,IMPUTE_VEHICLE_MEDIAN,nan,10.81,Missing engine hours imputed using vehicle_median = 10.81.
2026-08-26T21:11:08,VH-020,2024-02-29,engine_hours,MISSING_ENGINE_HOURS,IMPUTE_VEHICLE_MEDIAN,nan,10.81,Missing engine hours imputed using vehicle_median = 10.81.
2026-08-26T21:11:08,VH-020,2024-04-11,engine_hours,MISSING_ENGINE_HOURS,IMPUTE_VEHICLE_MEDIAN,nan,10.81,Missing engine hours imputed using vehicle_median = 10.81.
2026-08-26T21:11:08,VH-020,2024-05-15,engine_hours,MISSING_ENGINE_HOURS,IMPUTE_VEHICLE_MEDIAN,nan,10.81,Missing engine hours imputed using vehicle_median = 10.81.
2026-08-26T21:11:08,VH-020,2024-05-16,engine_hours,MISSING_ENGINE_HOURS,IMPUTE_VEHICLE_MEDIAN,nan,10.81,Missing engine hours imputed using vehicle_median = 10.81.
2026-08-26T21:11:08,VH-020,2024-06-19,engine_hours,MISSING_ENGINE_HOURS,IMPUTE_VEHICLE_MEDIAN,nan,10.81,Missing engine hours imputed using vehicle_median = 10.81.
2026-08-26T21:11:08,VH-020,2024-07-09,engine_hours,MISSING_ENGINE_HOURS,IMPUTE_VEHICLE_MEDIAN,nan,10.81,Missing engine hours imputed using vehicle_median = 10.81.
2026-08-26T21:11:08,VH-020,2024-09-10,engine_hours,MISSING_ENGINE_HOURS,IMPUTE_VEHICLE_MEDIAN,nan,10.81,Missing engine hours imputed using vehicle_median = 10.81.
2026-08-26T21:11:08,VH-020,2024-09-23,engine_hours,MISSING_ENGINE_HOURS,IMPUTE_VEHICLE_MEDIAN,nan,10.81,Missing engine hours imputed using vehicle_median = 10.81.
2026-08-26T21:11:08,VH-020,2024-10-03,engine_hours,MISSING_ENGINE_HOURS,IMPUTE_VEHICLE_MEDIAN,nan,10.81,Missing engine hours imputed using vehicle_median = 10.81.
2026-08-26T21:11:08,VH-020,2024-10-21,engine_hours,MISSING_ENGINE_HOURS,IMPUTE_VEHICLE_MEDIAN,nan,10.81,Missing engine hours imputed using vehicle_median = 10.81.
2026-08-26T21:11:08,VH-020,2024-11-01,engine_hours,MISSING_ENGINE_HOURS,IMPUTE_VEHICLE_MEDIAN,nan,10.81,Missing engine hours imputed using vehicle_median = 10.81.
2026-08-26T21:11:08,VH-021,2024-02-05,engine_hours,MISSING_ENGINE_HOURS,IMPUTE_VEHICLE_MEDIAN,nan,11.74,Missing engine hours imputed using vehicle_median = 11.74.
2026-08-26T21:11:08,VH-021,2024-02-28,engine_hours,MISSING_ENGINE_HOURS,IMPUTE_VEHICLE_MEDIAN,nan,11.74,Missing engine hours imputed using vehicle_median = 11.74.
2026-08-26T21:11:08,VH-021,2024-03-20,engine_hours,MISSING_ENGINE_HOURS,IMPUTE_VEHICLE_MEDIAN,nan,11.74,Missing engine hours imputed using vehicle_median = 11.74.
2026-08-26T21:11:08,VH-021,2024-04-01,engine_hours,MISSING_ENGINE_HOURS,IMPUTE_VEHICLE_MEDIAN,nan,11.74,Missing engine hours imputed using vehicle_median = 11.74.
2026-08-26T21:11:08,VH-021,2024-05-01,engine_hours,MISSING_ENGINE_HOURS,IMPUTE_VEHICLE_MEDIAN,nan,11.74,Missing engine hours imputed using vehicle_median = 11.74.
2026-08-26T21:11:08,VH-021,2024-05-20,engine_hours,MISSING_ENGINE_HOURS,IMPUTE_VEHICLE_MEDIAN,nan,11.74,Missing engine hours imputed using vehicle_median = 11.74.
2026-08-26T21:11:08,VH-021,2024-08-08,engine_hours,MISSING_ENGINE_HOURS,IMPUTE_VEHICLE_MEDIAN,nan,11.74,Missing engine hours imputed using vehicle_median = 11.74.
2026-08-26T21:11:08,VH-021,2024-09-27,engine_hours,MISSING_ENGINE_HOURS,IMPUTE_VEHICLE_MEDIAN,nan,11.74,Missing engine hours imputed using vehicle_median = 11.74.
2026-08-26T21:11:08,VH-021,2024-10-18,engine_hours,MISSING_ENGINE_HOURS,IMPUTE_VEHICLE_MEDIAN,nan,11.74,Missing engine hours imputed using vehicle_median = 11.74.
2026-08-26T21:11:08,VH-022,2024-01-06,engine_hours,MISSING_ENGINE_HOURS,IMPUTE_VEHICLE_MEDIAN,nan,14.91,Missing engine hours imputed using vehicle_median = 14.91.
2026-08-26T21:11:08,VH-022,2024-01-19,engine_hours,MISSING_ENGINE_HOURS,IMPUTE_VEHICLE_MEDIAN,nan,14.91,Missing engine hours imputed using vehicle_median = 14.91.
2026-08-26T21:11:08,VH-022,2024-02-03,engine_hours,MISSING_ENGINE_HOURS,IMPUTE_VEHICLE_MEDIAN,nan,14.91,Missing engine hours imputed using vehicle_median = 14.91.
2026-08-26T21:11:08,VH-022,2024-02-29,engine_hours,MISSING_ENGINE_HOURS,IMPUTE_VEHICLE_MEDIAN,nan,14.91,Missing engine hours imputed using vehicle_median = 14.91.
2026-08-26T21:11:08,VH-022,2024-05-31,engine_hours,MISSING_ENGINE_HOURS,IMPUTE_VEHICLE_MEDIAN,nan,14.91,Missing engine hours imputed using vehicle_median = 14.91.
2026-08-26T21:11:08,VH-022,2024-07-01,engine_hours,MISSING_ENGINE_HOURS,IMPUTE_VEHICLE_MEDIAN,nan,14.91,Missing engine hours imputed using vehicle_median = 14.91.
2026-08-26T21:11:08,VH-022,2024-07-03,engine_hours,MISSING_ENGINE_HOURS,IMPUTE_VEHICLE_MEDIAN,nan,14.91,Missing engine hours imputed using vehicle_median = 14.91.
2026-08-26T21:11:08,VH-022,2024-07-15,engine_hours,MISSING_ENGINE_HOURS,IMPUTE_VEHICLE_MEDIAN,nan,14.91,Missing engine hours imputed using vehicle_median = 14.91.
2026-08-26T21:11:08,VH-022,2024-07-24,engine_hours,MISSING_ENGINE_HOURS,IMPUTE_VEHICLE_MEDIAN,nan,14.91,Missing engine hours imputed using vehicle_median = 14.91.
2026-08-26T21:11:08,VH-022,2024-07-31,engine_hours,MISSING_ENGINE_HOURS,IMPUTE_VEHICLE_MEDIAN,nan,14.91,Missing engine hours imputed using vehicle_median = 14.91.
2026-08-26T21:11:08,VH-022,2024-09-16,engine_hours,MISSING_ENGINE_HOURS,IMPUTE_VEHICLE_MEDIAN,nan,14.91,Missing engine hours imputed using vehicle_median = 14.91.
2026-08-26T21:11:08,VH-023,2024-01-27,engine_hours,MISSING_ENGINE_HOURS,IMPUTE_VEHICLE_MEDIAN,nan,9.95,Missing engine hours imputed using vehicle_median = 9.95.
2026-08-26T21:11:08,VH-023,2024-02-22,engine_hours,MISSING_ENGINE_HOURS,IMPUTE_VEHICLE_MEDIAN,nan,9.95,Missing engine hours imputed using vehicle_median = 9.95.
2026-08-26T21:11:08,VH-023,2024-04-01,engine_hours,MISSING_ENGINE_HOURS,IMPUTE_VEHICLE_MEDIAN,nan,9.95,Missing engine hours imputed using vehicle_median = 9.95.
2026-08-26T21:11:08,VH-023,2024-05-01,engine_hours,MISSING_ENGINE_HOURS,IMPUTE_VEHICLE_MEDIAN,nan,9.95,Missing engine hours imputed using vehicle_median = 9.95.
2026-08-26T21:11:08,VH-023,2024-05-03,engine_hours,MISSING_ENGINE_HOURS,IMPUTE_VEHICLE_MEDIAN,nan,9.95,Missing engine hours imputed using vehicle_median = 9.95.
2026-08-26T21:11:08,VH-023,2024-06-02,engine_hours,MISSING_ENGINE_HOURS,IMPUTE_VEHICLE_MEDIAN,nan,9.95,Missing engine hours imputed using vehicle_median = 9.95.
2026-08-26T21:11:08,VH-023,2024-08-05,engine_hours,MISSING_ENGINE_HOURS,IMPUTE_VEHICLE_MEDIAN,nan,9.95,Missing engine hours imputed using vehicle_median = 9.95.
2026-08-26T21:11:08,VH-023,2024-10-19,engine_hours,MISSING_ENGINE_HOURS,IMPUTE_VEHICLE_MEDIAN,nan,9.95,Missing engine hours imputed using vehicle_median = 9.95.
2026-08-26T21:11:08,VH-023,2024-11-06,engine_hours,MISSING_ENGINE_HOURS,IMPUTE_VEHICLE_MEDIAN,nan,9.95,Missing engine hours imputed using vehicle_median = 9.95.
2026-08-26T21:11:08,VH-023,2024-12-04,engine_hours,MISSING_ENGINE_HOURS,IMPUTE_VEHICLE_MEDIAN,nan,9.95,Missing engine hours imputed using vehicle_median = 9.95.
2026-08-26T21:11:08,VH-024,2024-01-02,engine_hours,MISSING_ENGINE_HOURS,IMPUTE_VEHICLE_MEDIAN,nan,12.09,Missing engine hours imputed using vehicle_median = 12.09.
2026-08-26T21:11:08,VH-024,2024-01-30,engine_hours,MISSING_ENGINE_HOURS,IMPUTE_VEHICLE_MEDIAN,nan,12.09,Missing engine hours imputed using vehicle_median = 12.09.
2026-08-26T21:11:08,VH-024,2024-03-01,engine_hours,MISSING_ENGINE_HOURS,IMPUTE_VEHICLE_MEDIAN,nan,12.09,Missing engine hours imputed using vehicle_median = 12.09.
2026-08-26T21:11:08,VH-024,2024-04-16,engine_hours,MISSING_ENGINE_HOURS,IMPUTE_VEHICLE_MEDIAN,nan,12.09,Missing engine hours imputed using vehicle_median = 12.09.
2026-08-26T21:11:08,VH-024,2024-05-03,engine_hours,MISSING_ENGINE_HOURS,IMPUTE_VEHICLE_MEDIAN,nan,12.09,Missing engine hours imputed using vehicle_median = 12.09.
2026-08-26T21:11:08,VH-024,2024-05-15,engine_hours,MISSING_ENGINE_HOURS,IMPUTE_VEHICLE_MEDIAN,nan,12.09,Missing engine hours imputed using vehicle_median = 12.09.
2026-08-26T21:11:08,VH-024,2024-07-11,engine_hours,MISSING_ENGINE_HOURS,IMPUTE_VEHICLE_MEDIAN,nan,12.09,Missing engine hours imputed using vehicle_median = 12.09.
2026-08-26T21:11:08,VH-024,2024-07-14,engine_hours,MISSING_ENGINE_HOURS,IMPUTE_VEHICLE_MEDIAN,nan,12.09,Missing engine hours imputed using vehicle_median = 12.09.
2026-08-26T21:11:08,VH-024,2024-09-02,engine_hours,MISSING_ENGINE_HOURS,IMPUTE_VEHICLE_MEDIAN,nan,12.09,Missing engine hours imputed using vehicle_median = 12.09.
2026-08-26T21:11:08,VH-025,2024-01-20,engine_hours,MISSING_ENGINE_HOURS,IMPUTE_VEHICLE_MEDIAN,nan,11.82,Missing engine hours imputed using vehicle_median = 11.82.
2026-08-26T21:11:08,VH-025,2024-04-17,engine_hours,MISSING_ENGINE_HOURS,IMPUTE_VEHICLE_MEDIAN,nan,11.82,Missing engine hours imputed using vehicle_median = 11.82.
2026-08-26T21:11:08,VH-025,2024-05-12,engine_hours,MISSING_ENGINE_HOURS,IMPUTE_VEHICLE_MEDIAN,nan,11.82,Missing engine hours imputed using vehicle_median = 11.82.
2026-08-26T21:11:08,VH-025,2024-07-24,engine_hours,MISSING_ENGINE_HOURS,IMPUTE_VEHICLE_MEDIAN,nan,11.82,Missing engine hours imputed using vehicle_median = 11.82.
2026-08-26T21:11:08,VH-025,2024-08-19,engine_hours,MISSING_ENGINE_HOURS,IMPUTE_VEHICLE_MEDIAN,nan,11.82,Missing engine hours imputed using vehicle_median = 11.82.
2026-08-26T21:11:08,VH-025,2024-08-24,engine_hours,MISSING_ENGINE_HOURS,IMPUTE_VEHICLE_MEDIAN,nan,11.82,Missing engine hours imputed using vehicle_median = 11.82.
2026-08-26T21:11:08,VH-025,2024-09-21,engine_hours,MISSING_ENGINE_HOURS,IMPUTE_VEHICLE_MEDIAN,nan,11.82,Missing engine hours imputed using vehicle_median = 11.82.
2026-08-26T21:11:08,VH-025,2024-09-30,engine_hours,MISSING_ENGINE_HOURS,IMPUTE_VEHICLE_MEDIAN,nan,11.82,Missing engine hours imputed using vehicle_median = 11.82.
2026-08-26T21:11:08,VH-025,2024-12-03,engine_hours,MISSING_ENGINE_HOURS,IMPUTE_VEHICLE_MEDIAN,nan,11.82,Missing engine hours imputed using vehicle_median = 11.82.
2026-08-26T21:11:08,VH-026,2024-02-16,engine_hours,MISSING_ENGINE_HOURS,IMPUTE_VEHICLE_MEDIAN,nan,15.09,Missing engine hours imputed using vehicle_median = 15.09.
2026-08-26T21:11:08,VH-026,2024-02-22,engine_hours,MISSING_ENGINE_HOURS,IMPUTE_VEHICLE_MEDIAN,nan,15.09,Missing engine hours imputed using vehicle_median = 15.09.
2026-08-26T21:11:08,VH-026,2024-03-17,engine_hours,MISSING_ENGINE_HOURS,IMPUTE_VEHICLE_MEDIAN,nan,15.09,Missing engine hours imputed using vehicle_median = 15.09.
2026-08-26T21:11:08,VH-026,2024-04-11,engine_hours,MISSING_ENGINE_HOURS,IMPUTE_VEHICLE_MEDIAN,nan,15.09,Missing engine hours imputed using vehicle_median = 15.09.
2026-08-26T21:11:08,VH-026,2024-05-20,engine_hours,MISSING_ENGINE_HOURS,IMPUTE_VEHICLE_MEDIAN,nan,15.09,Missing engine hours imputed using vehicle_median = 15.09.
2026-08-26T21:11:08,VH-026,2024-06-28,engine_hours,MISSING_ENGINE_HOURS,IMPUTE_VEHICLE_MEDIAN,nan,15.09,Missing engine hours imputed using vehicle_median = 15.09.
2026-08-26T21:11:08,VH-026,2024-07-05,engine_hours,MISSING_ENGINE_HOURS,IMPUTE_VEHICLE_MEDIAN,nan,15.09,Missing engine hours imputed using vehicle_median = 15.09.
2026-08-26T21:11:08,VH-026,2024-07-10,engine_hours,MISSING_ENGINE_HOURS,IMPUTE_VEHICLE_MEDIAN,nan,15.09,Missing engine hours imputed using vehicle_median = 15.09.
2026-08-26T21:11:08,VH-026,2024-07-17,engine_hours,MISSING_ENGINE_HOURS,IMPUTE_VEHICLE_MEDIAN,nan,15.09,Missing engine hours imputed using vehicle_median = 15.09.
2026-08-26T21:11:08,VH-026,2024-08-02,engine_hours,MISSING_ENGINE_HOURS,IMPUTE_VEHICLE_MEDIAN,nan,15.09,Missing engine hours imputed using vehicle_median = 15.09.
2026-08-26T21:11:08,VH-026,2024-08-29,engine_hours,MISSING_ENGINE_HOURS,IMPUTE_VEHICLE_MEDIAN,nan,15.09,Missing engine hours imputed using vehicle_median = 15.09.
2026-08-26T21:11:08,VH-026,2024-10-12,engine_hours,MISSING_ENGINE_HOURS,IMPUTE_VEHICLE_MEDIAN,nan,15.09,Missing engine hours imputed using vehicle_median = 15.09.
2026-08-26T21:11:08,VH-026,2024-10-17,engine_hours,MISSING_ENGINE_HOURS,IMPUTE_VEHICLE_MEDIAN,nan,15.09,Missing engine hours imputed using vehicle_median = 15.09.
2026-08-26T21:11:08,VH-026,2024-11-07,engine_hours,MISSING_ENGINE_HOURS,IMPUTE_VEHICLE_MEDIAN,nan,15.09,Missing engine hours imputed using vehicle_median = 15.09.
2026-08-26T21:11:08,VH-026,2024-12-11,engine_hours,MISSING_ENGINE_HOURS,IMPUTE_VEHICLE_MEDIAN,nan,15.09,Missing engine hours imputed using vehicle_median = 15.09.
2026-08-26T21:11:08,VH-026,2024-12-19,engine_hours,MISSING_ENGINE_HOURS,IMPUTE_VEHICLE_MEDIAN,nan,15.09,Missing engine hours imputed using vehicle_median = 15.09.
2026-08-26T21:11:08,VH-027,2024-01-03,engine_hours,MISSING_ENGINE_HOURS,IMPUTE_VEHICLE_MEDIAN,nan,14.92,Missing engine hours imputed using vehicle_median = 14.92.
2026-08-26T21:11:08,VH-027,2024-02-13,engine_hours,MISSING_ENGINE_HOURS,IMPUTE_VEHICLE_MEDIAN,nan,14.92,Missing engine hours imputed using vehicle_median = 14.92.
2026-08-26T21:11:08,VH-027,2024-03-02,engine_hours,MISSING_ENGINE_HOURS,IMPUTE_VEHICLE_MEDIAN,nan,14.92,Missing engine hours imputed using vehicle_median = 14.92.
2026-08-26T21:11:08,VH-027,2024-03-22,engine_hours,MISSING_ENGINE_HOURS,IMPUTE_VEHICLE_MEDIAN,nan,14.92,Missing engine hours imputed using vehicle_median = 14.92.
2026-08-26T21:11:08,VH-027,2024-04-13,engine_hours,MISSING_ENGINE_HOURS,IMPUTE_VEHICLE_MEDIAN,nan,14.92,Missing engine hours imputed using vehicle_median = 14.92.
2026-08-26T21:11:08,VH-027,2024-04-22,engine_hours,MISSING_ENGINE_HOURS,IMPUTE_VEHICLE_MEDIAN,nan,14.92,Missing engine hours imputed using vehicle_median = 14.92.
2026-08-26T21:11:08,VH-027,2024-05-14,engine_hours,MISSING_ENGINE_HOURS,IMPUTE_VEHICLE_MEDIAN,nan,14.92,Missing engine hours imputed using vehicle_median = 14.92.
2026-08-26T21:11:08,VH-027,2024-06-13,engine_hours,MISSING_ENGINE_HOURS,IMPUTE_VEHICLE_MEDIAN,nan,14.92,Missing engine hours imputed using vehicle_median = 14.92.
2026-08-26T21:11:08,VH-027,2024-12-03,engine_hours,MISSING_ENGINE_HOURS,IMPUTE_VEHICLE_MEDIAN,nan,14.92,Missing engine hours imputed using vehicle_median = 14.92.
2026-08-26T21:11:08,VH-027,2024-12-23,engine_hours,MISSING_ENGINE_HOURS,IMPUTE_VEHICLE_MEDIAN,nan,14.92,Missing engine hours imputed using vehicle_median = 14.92.
2026-08-26T21:11:08,VH-028,2024-01-06,engine_hours,MISSING_ENGINE_HOURS,IMPUTE_VEHICLE_MEDIAN,nan,14.52,Missing engine hours imputed using vehicle_median = 14.52.
2026-08-26T21:11:08,VH-028,2024-01-12,engine_hours,MISSING_ENGINE_HOURS,IMPUTE_VEHICLE_MEDIAN,nan,14.52,Missing engine hours imputed using vehicle_median = 14.52.
2026-08-26T21:11:08,VH-028,2024-01-24,engine_hours,MISSING_ENGINE_HOURS,IMPUTE_VEHICLE_MEDIAN,nan,14.52,Missing engine hours imputed using vehicle_median = 14.52.
2026-08-26T21:11:08,VH-028,2024-03-17,engine_hours,MISSING_ENGINE_HOURS,IMPUTE_VEHICLE_MEDIAN,nan,14.52,Missing engine hours imputed using vehicle_median = 14.52.
2026-08-26T21:11:08,VH-028,2024-04-02,engine_hours,MISSING_ENGINE_HOURS,IMPUTE_VEHICLE_MEDIAN,nan,14.52,Missing engine hours imputed using vehicle_median = 14.52.
2026-08-26T21:11:08,VH-028,2024-04-08,engine_hours,MISSING_ENGINE_HOURS,IMPUTE_VEHICLE_MEDIAN,nan,14.52,Missing engine hours imputed using vehicle_median = 14.52.
2026-08-26T21:11:08,VH-028,2024-04-09,engine_hours,MISSING_ENGINE_HOURS,IMPUTE_VEHICLE_MEDIAN,nan,14.52,Missing engine hours imputed using vehicle_median = 14.52.
2026-08-26T21:11:08,VH-028,2024-04-14,engine_hours,MISSING_ENGINE_HOURS,IMPUTE_VEHICLE_MEDIAN,nan,14.52,Missing engine hours imputed using vehicle_median = 14.52.
2026-08-26T21:11:08,VH-028,2024-05-19,engine_hours,MISSING_ENGINE_HOURS,IMPUTE_VEHICLE_MEDIAN,nan,14.52,Missing engine hours imputed using vehicle_median = 14.52.
2026-08-26T21:11:08,VH-028,2024-06-14,engine_hours,MISSING_ENGINE_HOURS,IMPUTE_VEHICLE_MEDIAN,nan,14.52,Missing engine hours imputed using vehicle_median = 14.52.
2026-08-26T21:11:08,VH-028,2024-07-10,engine_hours,MISSING_ENGINE_HOURS,IMPUTE_VEHICLE_MEDIAN,nan,14.52,Missing engine hours imputed using vehicle_median = 14.52.
2026-08-26T21:11:08,VH-028,2024-08-07,engine_hours,MISSING_ENGINE_HOURS,IMPUTE_VEHICLE_MEDIAN,nan,14.52,Missing engine hours imputed using vehicle_median = 14.52.
2026-08-26T21:11:08,VH-028,2024-08-14,engine_hours,MISSING_ENGINE_HOURS,IMPUTE_VEHICLE_MEDIAN,nan,14.52,Missing engine hours imputed using vehicle_median = 14.52.
2026-08-26T21:11:08,VH-028,2024-08-28,engine_hours,MISSING_ENGINE_HOURS,IMPUTE_VEHICLE_MEDIAN,nan,14.52,Missing engine hours imputed using vehicle_median = 14.52.
2026-08-26T21:11:08,VH-028,2024-09-08,engine_hours,MISSING_ENGINE_HOURS,IMPUTE_VEHICLE_MEDIAN,nan,14.52,Missing engine hours imputed using vehicle_median = 14.52.
2026-08-26T21:11:08,VH-028,2024-09-09,engine_hours,MISSING_ENGINE_HOURS,IMPUTE_VEHICLE_MEDIAN,nan,14.52,Missing engine hours imputed using vehicle_median = 14.52.
2026-08-26T21:11:08,VH-028,2024-11-21,engine_hours,MISSING_ENGINE_HOURS,IMPUTE_VEHICLE_MEDIAN,nan,14.52,Missing engine hours imputed using vehicle_median = 14.52.
2026-08-26T21:11:08,VH-029,2024-01-02,engine_hours,MISSING_ENGINE_HOURS,IMPUTE_VEHICLE_MEDIAN,nan,14.65,Missing engine hours imputed using vehicle_median = 14.65.
2026-08-26T21:11:08,VH-029,2024-01-13,engine_hours,MISSING_ENGINE_HOURS,IMPUTE_VEHICLE_MEDIAN,nan,14.65,Missing engine hours imputed using vehicle_median = 14.65.
2026-08-26T21:11:08,VH-029,2024-02-10,engine_hours,MISSING_ENGINE_HOURS,IMPUTE_VEHICLE_MEDIAN,nan,14.65,Missing engine hours imputed using vehicle_median = 14.65.
2026-08-26T21:11:08,VH-029,2024-02-20,engine_hours,MISSING_ENGINE_HOURS,IMPUTE_VEHICLE_MEDIAN,nan,14.65,Missing engine hours imputed using vehicle_median = 14.65.
2026-08-26T21:11:08,VH-029,2024-03-12,engine_hours,MISSING_ENGINE_HOURS,IMPUTE_VEHICLE_MEDIAN,nan,14.65,Missing engine hours imputed using vehicle_median = 14.65.
2026-08-26T21:11:08,VH-029,2024-04-19,engine_hours,MISSING_ENGINE_HOURS,IMPUTE_VEHICLE_MEDIAN,nan,14.65,Missing engine hours imputed using vehicle_median = 14.65.
2026-08-26T21:11:08,VH-029,2024-05-01,engine_hours,MISSING_ENGINE_HOURS,IMPUTE_VEHICLE_MEDIAN,nan,14.65,Missing engine hours imputed using vehicle_median = 14.65.
2026-08-26T21:11:08,VH-029,2024-07-11,engine_hours,MISSING_ENGINE_HOURS,IMPUTE_VEHICLE_MEDIAN,nan,14.65,Missing engine hours imputed using vehicle_median = 14.65.
2026-08-26T21:11:08,VH-029,2024-07-17,engine_hours,MISSING_ENGINE_HOURS,IMPUTE_VEHICLE_MEDIAN,nan,14.65,Missing engine hours imputed using vehicle_median = 14.65.
2026-08-26T21:11:08,VH-029,2024-08-31,engine_hours,MISSING_ENGINE_HOURS,IMPUTE_VEHICLE_MEDIAN,nan,14.65,Missing engine hours imputed using vehicle_median = 14.65.
2026-08-26T21:11:08,VH-029,2024-11-03,engine_hours,MISSING_ENGINE_HOURS,IMPUTE_VEHICLE_MEDIAN,nan,14.65,Missing engine hours imputed using vehicle_median = 14.65.
2026-08-26T21:11:08,VH-030,2024-02-07,engine_hours,MISSING_ENGINE_HOURS,IMPUTE_VEHICLE_MEDIAN,nan,10.58,Missing engine hours imputed using vehicle_median = 10.58.
2026-08-26T21:11:08,VH-030,2024-02-14,engine_hours,MISSING_ENGINE_HOURS,IMPUTE_VEHICLE_MEDIAN,nan,10.58,Missing engine hours imputed using vehicle_median = 10.58.
2026-08-26T21:11:08,VH-030,2024-03-26,engine_hours,MISSING_ENGINE_HOURS,IMPUTE_VEHICLE_MEDIAN,nan,10.58,Missing engine hours imputed using vehicle_median = 10.58.
2026-08-26T21:11:08,VH-030,2024-06-20,engine_hours,MISSING_ENGINE_HOURS,IMPUTE_VEHICLE_MEDIAN,nan,10.58,Missing engine hours imputed using vehicle_median = 10.58.
2026-08-26T21:11:08,VH-030,2024-08-18,engine_hours,MISSING_ENGINE_HOURS,IMPUTE_VEHICLE_MEDIAN,nan,10.58,Missing engine hours imputed using vehicle_median = 10.58.
2026-08-26T21:11:08,VH-030,2024-10-01,engine_hours,MISSING_ENGINE_HOURS,IMPUTE_VEHICLE_MEDIAN,nan,10.58,Missing engine hours imputed using vehicle_median = 10.58.
2026-08-26T21:11:08,VH-030,2024-10-03,engine_hours,MISSING_ENGINE_HOURS,IMPUTE_VEHICLE_MEDIAN,nan,10.58,Missing engine hours imputed using vehicle_median = 10.58.
2026-08-26T21:11:08,VH-030,2024-12-24,engine_hours,MISSING_ENGINE_HOURS,IMPUTE_VEHICLE_MEDIAN,nan,10.58,Missing engine hours imputed using vehicle_median = 10.58.
2026-08-26T21:11:08,VH-031,2024-06-06,engine_hours,MISSING_ENGINE_HOURS,IMPUTE_VEHICLE_MEDIAN,nan,10.81,Missing engine hours imputed using vehicle_median = 10.81.
2026-08-26T21:11:08,VH-031,2024-07-07,engine_hours,MISSING_ENGINE_HOURS,IMPUTE_VEHICLE_MEDIAN,nan,10.81,Missing engine hours imputed using vehicle_median = 10.81.
2026-08-26T21:11:08,VH-031,2024-07-26,engine_hours,MISSING_ENGINE_HOURS,IMPUTE_VEHICLE_MEDIAN,nan,10.81,Missing engine hours imputed using vehicle_median = 10.81.
2026-08-26T21:11:08,VH-031,2024-11-07,engine_hours,MISSING_ENGINE_HOURS,IMPUTE_VEHICLE_MEDIAN,nan,10.81,Missing engine hours imputed using vehicle_median = 10.81.
2026-08-26T21:11:08,VH-031,2024-12-12,engine_hours,MISSING_ENGINE_HOURS,IMPUTE_VEHICLE_MEDIAN,nan,10.81,Missing engine hours imputed using vehicle_median = 10.81.
2026-08-26T21:11:08,VH-032,2024-01-19,engine_hours,MISSING_ENGINE_HOURS,IMPUTE_VEHICLE_MEDIAN,nan,10.02,Missing engine hours imputed using vehicle_median = 10.02.
2026-08-26T21:11:08,VH-032,2024-02-18,engine_hours,MISSING_ENGINE_HOURS,IMPUTE_VEHICLE_MEDIAN,nan,10.02,Missing engine hours imputed using vehicle_median = 10.02.
2026-08-26T21:11:08,VH-032,2024-03-16,engine_hours,MISSING_ENGINE_HOURS,IMPUTE_VEHICLE_MEDIAN,nan,10.02,Missing engine hours imputed using vehicle_median = 10.02.
2026-08-26T21:11:08,VH-032,2024-03-28,engine_hours,MISSING_ENGINE_HOURS,IMPUTE_VEHICLE_MEDIAN,nan,10.02,Missing engine hours imputed using vehicle_median = 10.02.
2026-08-26T21:11:08,VH-032,2024-04-30,engine_hours,MISSING_ENGINE_HOURS,IMPUTE_VEHICLE_MEDIAN,nan,10.02,Missing engine hours imputed using vehicle_median = 10.02.
2026-08-26T21:11:08,VH-032,2024-05-26,engine_hours,MISSING_ENGINE_HOURS,IMPUTE_VEHICLE_MEDIAN,nan,10.02,Missing engine hours imputed using vehicle_median = 10.02.
2026-08-26T21:11:08,VH-032,2024-05-27,engine_hours,MISSING_ENGINE_HOURS,IMPUTE_VEHICLE_MEDIAN,nan,10.02,Missing engine hours imputed using vehicle_median = 10.02.
2026-08-26T21:11:08,VH-032,2024-07-27,engine_hours,MISSING_ENGINE_HOURS,IMPUTE_VEHICLE_MEDIAN,nan,10.02,Missing engine hours imputed using vehicle_median = 10.02.
2026-08-26T21:11:08,VH-032,2024-08-13,engine_hours,MISSING_ENGINE_HOURS,IMPUTE_VEHICLE_MEDIAN,nan,10.02,Missing engine hours imputed using vehicle_median = 10.02.
2026-08-26T21:11:08,VH-032,2024-09-24,engine_hours,MISSING_ENGINE_HOURS,IMPUTE_VEHICLE_MEDIAN,nan,10.02,Missing engine hours imputed using vehicle_median = 10.02.
2026-08-26T21:11:08,VH-032,2024-11-07,engine_hours,MISSING_ENGINE_HOURS,IMPUTE_VEHICLE_MEDIAN,nan,10.02,Missing engine hours imputed using vehicle_median = 10.02.
2026-08-26T21:11:08,VH-032,2024-11-14,engine_hours,MISSING_ENGINE_HOURS,IMPUTE_VEHICLE_MEDIAN,nan,10.02,Missing engine hours imputed using vehicle_median = 10.02.
2026-08-26T21:11:08,VH-032,2024-12-11,engine_hours,MISSING_ENGINE_HOURS,IMPUTE_VEHICLE_MEDIAN,nan,10.02,Missing engine hours imputed using vehicle_median = 10.02.
2026-08-26T21:11:08,VH-033,2024-01-09,engine_hours,MISSING_ENGINE_HOURS,IMPUTE_VEHICLE_MEDIAN,nan,14.86,Missing engine hours imputed using vehicle_median = 14.86.
2026-08-26T21:11:08,VH-033,2024-01-18,engine_hours,MISSING_ENGINE_HOURS,IMPUTE_VEHICLE_MEDIAN,nan,14.86,Missing engine hours imputed using vehicle_median = 14.86.
2026-08-26T21:11:08,VH-033,2024-01-23,engine_hours,MISSING_ENGINE_HOURS,IMPUTE_VEHICLE_MEDIAN,nan,14.86,Missing engine hours imputed using vehicle_median = 14.86.
2026-08-26T21:11:08,VH-033,2024-02-18,engine_hours,MISSING_ENGINE_HOURS,IMPUTE_VEHICLE_MEDIAN,nan,14.86,Missing engine hours imputed using vehicle_median = 14.86.
2026-08-26T21:11:08,VH-033,2024-05-23,engine_hours,MISSING_ENGINE_HOURS,IMPUTE_VEHICLE_MEDIAN,nan,14.86,Missing engine hours imputed using vehicle_median = 14.86.
2026-08-26T21:11:08,VH-033,2024-07-16,engine_hours,MISSING_ENGINE_HOURS,IMPUTE_VEHICLE_MEDIAN,nan,14.86,Missing engine hours imputed using vehicle_median = 14.86.
2026-08-26T21:11:08,VH-033,2024-08-03,engine_hours,MISSING_ENGINE_HOURS,IMPUTE_VEHICLE_MEDIAN,nan,14.86,Missing engine hours imputed using vehicle_median = 14.86.
2026-08-26T21:11:08,VH-033,2024-08-04,engine_hours,MISSING_ENGINE_HOURS,IMPUTE_VEHICLE_MEDIAN,nan,14.86,Missing engine hours imputed using vehicle_median = 14.86.
2026-08-26T21:11:08,VH-033,2024-10-03,engine_hours,MISSING_ENGINE_HOURS,IMPUTE_VEHICLE_MEDIAN,nan,14.86,Missing engine hours imputed using vehicle_median = 14.86.
2026-08-26T21:11:08,VH-033,2024-11-30,engine_hours,MISSING_ENGINE_HOURS,IMPUTE_VEHICLE_MEDIAN,nan,14.86,Missing engine hours imputed using vehicle_median = 14.86.
2026-08-26T21:11:08,VH-033,2024-12-07,engine_hours,MISSING_ENGINE_HOURS,IMPUTE_VEHICLE_MEDIAN,nan,14.86,Missing engine hours imputed using vehicle_median = 14.86.
2026-08-26T21:11:08,VH-034,2024-02-22,engine_hours,MISSING_ENGINE_HOURS,IMPUTE_VEHICLE_MEDIAN,nan,14.85,Missing engine hours imputed using vehicle_median = 14.85.
2026-08-26T21:11:08,VH-034,2024-03-05,engine_hours,MISSING_ENGINE_HOURS,IMPUTE_VEHICLE_MEDIAN,nan,14.85,Missing engine hours imputed using vehicle_median = 14.85.
2026-08-26T21:11:08,VH-034,2024-04-30,engine_hours,MISSING_ENGINE_HOURS,IMPUTE_VEHICLE_MEDIAN,nan,14.85,Missing engine hours imputed using vehicle_median = 14.85.
2026-08-26T21:11:08,VH-034,2024-05-16,engine_hours,MISSING_ENGINE_HOURS,IMPUTE_VEHICLE_MEDIAN,nan,14.85,Missing engine hours imputed using vehicle_median = 14.85.
2026-08-26T21:11:08,VH-034,2024-06-01,engine_hours,MISSING_ENGINE_HOURS,IMPUTE_VEHICLE_MEDIAN,nan,14.85,Missing engine hours imputed using vehicle_median = 14.85.
2026-08-26T21:11:08,VH-034,2024-07-06,engine_hours,MISSING_ENGINE_HOURS,IMPUTE_VEHICLE_MEDIAN,nan,14.85,Missing engine hours imputed using vehicle_median = 14.85.
2026-08-26T21:11:08,VH-034,2024-08-15,engine_hours,MISSING_ENGINE_HOURS,IMPUTE_VEHICLE_MEDIAN,nan,14.85,Missing engine hours imputed using vehicle_median = 14.85.
2026-08-26T21:11:08,VH-034,2024-10-07,engine_hours,MISSING_ENGINE_HOURS,IMPUTE_VEHICLE_MEDIAN,nan,14.85,Missing engine hours imputed using vehicle_median = 14.85.
2026-08-26T21:11:08,VH-035,2024-01-01,engine_hours,MISSING_ENGINE_HOURS,IMPUTE_VEHICLE_MEDIAN,nan,14.82,Missing engine hours imputed using vehicle_median = 14.82.
2026-08-26T21:11:08,VH-035,2024-03-25,engine_hours,MISSING_ENGINE_HOURS,IMPUTE_VEHICLE_MEDIAN,nan,14.82,Missing engine hours imputed using vehicle_median = 14.82.
2026-08-26T21:11:08,VH-035,2024-05-16,engine_hours,MISSING_ENGINE_HOURS,IMPUTE_VEHICLE_MEDIAN,nan,14.82,Missing engine hours imputed using vehicle_median = 14.82.
2026-08-26T21:11:08,VH-035,2024-05-29,engine_hours,MISSING_ENGINE_HOURS,IMPUTE_VEHICLE_MEDIAN,nan,14.82,Missing engine hours imputed using vehicle_median = 14.82.
2026-08-26T21:11:08,VH-035,2024-06-12,engine_hours,MISSING_ENGINE_HOURS,IMPUTE_VEHICLE_MEDIAN,nan,14.82,Missing engine hours imputed using vehicle_median = 14.82.
2026-08-26T21:11:08,VH-035,2024-06-22,engine_hours,MISSING_ENGINE_HOURS,IMPUTE_VEHICLE_MEDIAN,nan,14.82,Missing engine hours imputed using vehicle_median = 14.82.
2026-08-26T21:11:08,VH-035,2024-07-21,engine_hours,MISSING_ENGINE_HOURS,IMPUTE_VEHICLE_MEDIAN,nan,14.82,Missing engine hours imputed using vehicle_median = 14.82.
2026-08-26T21:11:08,VH-035,2024-10-05,engine_hours,MISSING_ENGINE_HOURS,IMPUTE_VEHICLE_MEDIAN,nan,14.82,Missing engine hours imputed using vehicle_median = 14.82.
2026-08-26T21:11:08,VH-035,2024-11-02,engine_hours,MISSING_ENGINE_HOURS,IMPUTE_VEHICLE_MEDIAN,nan,14.82,Missing engine hours imputed using vehicle_median = 14.82.
2026-08-26T21:11:08,VH-036,2024-01-05,engine_hours,MISSING_ENGINE_HOURS,IMPUTE_VEHICLE_MEDIAN,nan,14.8,Missing engine hours imputed using vehicle_median = 14.8.
2026-08-26T21:11:08,VH-036,2024-03-04,engine_hours,MISSING_ENGINE_HOURS,IMPUTE_VEHICLE_MEDIAN,nan,14.8,Missing engine hours imputed using vehicle_median = 14.8.
2026-08-26T21:11:08,VH-036,2024-04-07,engine_hours,MISSING_ENGINE_HOURS,IMPUTE_VEHICLE_MEDIAN,nan,14.8,Missing engine hours imputed using vehicle_median = 14.8.
2026-08-26T21:11:08,VH-036,2024-04-16,engine_hours,MISSING_ENGINE_HOURS,IMPUTE_VEHICLE_MEDIAN,nan,14.8,Missing engine hours imputed using vehicle_median = 14.8.
2026-08-26T21:11:08,VH-036,2024-08-29,engine_hours,MISSING_ENGINE_HOURS,IMPUTE_VEHICLE_MEDIAN,nan,14.8,Missing engine hours imputed using vehicle_median = 14.8.
2026-08-26T21:11:08,VH-036,2024-10-20,engine_hours,MISSING_ENGINE_HOURS,IMPUTE_VEHICLE_MEDIAN,nan,14.8,Missing engine hours imputed using vehicle_median = 14.8.
2026-08-26T21:11:08,VH-036,2024-11-03,engine_hours,MISSING_ENGINE_HOURS,IMPUTE_VEHICLE_MEDIAN,nan,14.8,Missing engine hours imputed using vehicle_median = 14.8.
2026-08-26T21:11:08,VH-037,2024-01-08,engine_hours,MISSING_ENGINE_HOURS,IMPUTE_VEHICLE_MEDIAN,nan,14.93,Missing engine hours imputed using vehicle_median = 14.93.
2026-08-26T21:11:08,VH-037,2024-03-09,engine_hours,MISSING_ENGINE_HOURS,IMPUTE_VEHICLE_MEDIAN,nan,14.93,Missing engine hours imputed using vehicle_median = 14.93.
2026-08-26T21:11:08,VH-037,2024-03-10,engine_hours,MISSING_ENGINE_HOURS,IMPUTE_VEHICLE_MEDIAN,nan,14.93,Missing engine hours imputed using vehicle_median = 14.93.
2026-08-26T21:11:08,VH-037,2024-03-13,engine_hours,MISSING_ENGINE_HOURS,IMPUTE_VEHICLE_MEDIAN,nan,14.93,Missing engine hours imputed using vehicle_median = 14.93.
2026-08-26T21:11:08,VH-037,2024-04-14,engine_hours,MISSING_ENGINE_HOURS,IMPUTE_VEHICLE_MEDIAN,nan,14.93,Missing engine hours imputed using vehicle_median = 14.93.
2026-08-26T21:11:08,VH-037,2024-05-16,engine_hours,MISSING_ENGINE_HOURS,IMPUTE_VEHICLE_MEDIAN,nan,14.93,Missing engine hours imputed using vehicle_median = 14.93.
2026-08-26T21:11:08,VH-037,2024-09-19,engine_hours,MISSING_ENGINE_HOURS,IMPUTE_VEHICLE_MEDIAN,nan,14.93,Missing engine hours imputed using vehicle_median = 14.93.
2026-08-26T21:11:08,VH-037,2024-12-17,engine_hours,MISSING_ENGINE_HOURS,IMPUTE_VEHICLE_MEDIAN,nan,14.93,Missing engine hours imputed using vehicle_median = 14.93.
2026-08-26T21:11:08,VH-038,2024-03-11,engine_hours,MISSING_ENGINE_HOURS,IMPUTE_VEHICLE_MEDIAN,nan,14.96,Missing engine hours imputed using vehicle_median = 14.96.
2026-08-26T21:11:08,VH-038,2024-03-27,engine_hours,MISSING_ENGINE_HOURS,IMPUTE_VEHICLE_MEDIAN,nan,14.96,Missing engine hours imputed using vehicle_median = 14.96.
2026-08-26T21:11:08,VH-038,2024-08-03,engine_hours,MISSING_ENGINE_HOURS,IMPUTE_VEHICLE_MEDIAN,nan,14.96,Missing engine hours imputed using vehicle_median = 14.96.
2026-08-26T21:11:08,VH-038,2024-08-19,engine_hours,MISSING_ENGINE_HOURS,IMPUTE_VEHICLE_MEDIAN,nan,14.96,Missing engine hours imputed using vehicle_median = 14.96.
2026-08-26T21:11:08,VH-038,2024-09-05,engine_hours,MISSING_ENGINE_HOURS,IMPUTE_VEHICLE_MEDIAN,nan,14.96,Missing engine hours imputed using vehicle_median = 14.96.
2026-08-26T21:11:08,VH-038,2024-11-20,engine_hours,MISSING_ENGINE_HOURS,IMPUTE_VEHICLE_MEDIAN,nan,14.96,Missing engine hours imputed using vehicle_median = 14.96.
2026-08-26T21:11:08,VH-038,2024-12-17,engine_hours,MISSING_ENGINE_HOURS,IMPUTE_VEHICLE_MEDIAN,nan,14.96,Missing engine hours imputed using vehicle_median = 14.96.
2026-08-26T21:11:08,VH-039,2024-01-09,engine_hours,MISSING_ENGINE_HOURS,IMPUTE_VEHICLE_MEDIAN,nan,14.83,Missing engine hours imputed using vehicle_median = 14.83.
2026-08-26T21:11:08,VH-039,2024-03-13,engine_hours,MISSING_ENGINE_HOURS,IMPUTE_VEHICLE_MEDIAN,nan,14.83,Missing engine hours imputed using vehicle_median = 14.83.
2026-08-26T21:11:08,VH-039,2024-03-19,engine_hours,MISSING_ENGINE_HOURS,IMPUTE_VEHICLE_MEDIAN,nan,14.83,Missing engine hours imputed using vehicle_median = 14.83.
2026-08-26T21:11:08,VH-039,2024-04-22,engine_hours,MISSING_ENGINE_HOURS,IMPUTE_VEHICLE_MEDIAN,nan,14.83,Missing engine hours imputed using vehicle_median = 14.83.
2026-08-26T21:11:08,VH-039,2024-05-02,engine_hours,MISSING_ENGINE_HOURS,IMPUTE_VEHICLE_MEDIAN,nan,14.83,Missing engine hours imputed using vehicle_median = 14.83.
2026-08-26T21:11:08,VH-039,2024-05-16,engine_hours,MISSING_ENGINE_HOURS,IMPUTE_VEHICLE_MEDIAN,nan,14.83,Missing engine hours imputed using vehicle_median = 14.83.
2026-08-26T21:11:08,VH-039,2024-06-17,engine_hours,MISSING_ENGINE_HOURS,IMPUTE_VEHICLE_MEDIAN,nan,14.83,Missing engine hours imputed using vehicle_median = 14.83.
2026-08-26T21:11:08,VH-039,2024-06-26,engine_hours,MISSING_ENGINE_HOURS,IMPUTE_VEHICLE_MEDIAN,nan,14.83,Missing engine hours imputed using vehicle_median = 14.83.
2026-08-26T21:11:08,VH-039,2024-07-28,engine_hours,MISSING_ENGINE_HOURS,IMPUTE_VEHICLE_MEDIAN,nan,14.83,Missing engine hours imputed using vehicle_median = 14.83.
2026-08-26T21:11:08,VH-039,2024-09-18,engine_hours,MISSING_ENGINE_HOURS,IMPUTE_VEHICLE_MEDIAN,nan,14.83,Missing engine hours imputed using vehicle_median = 14.83.
2026-08-26T21:11:08,VH-039,2024-11-13,engine_hours,MISSING_ENGINE_HOURS,IMPUTE_VEHICLE_MEDIAN,nan,14.83,Missing engine hours imputed using vehicle_median = 14.83.
2026-08-26T21:11:08,VH-039,2024-12-05,engine_hours,MISSING_ENGINE_HOURS,IMPUTE_VEHICLE_MEDIAN,nan,14.83,Missing engine hours imputed using vehicle_median = 14.83.
2026-08-26T21:11:08,VH-040,2024-01-02,engine_hours,MISSING_ENGINE_HOURS,IMPUTE_VEHICLE_MEDIAN,nan,10.8,Missing engine hours imputed using vehicle_median = 10.8.
2026-08-26T21:11:08,VH-040,2024-02-05,engine_hours,MISSING_ENGINE_HOURS,IMPUTE_VEHICLE_MEDIAN,nan,10.8,Missing engine hours imputed using vehicle_median = 10.8.
2026-08-26T21:11:08,VH-040,2024-02-19,engine_hours,MISSING_ENGINE_HOURS,IMPUTE_VEHICLE_MEDIAN,nan,10.8,Missing engine hours imputed using vehicle_median = 10.8.
2026-08-26T21:11:08,VH-040,2024-03-29,engine_hours,MISSING_ENGINE_HOURS,IMPUTE_VEHICLE_MEDIAN,nan,10.8,Missing engine hours imputed using vehicle_median = 10.8.
2026-08-26T21:11:08,VH-040,2024-04-14,engine_hours,MISSING_ENGINE_HOURS,IMPUTE_VEHICLE_MEDIAN,nan,10.8,Missing engine hours imputed using vehicle_median = 10.8.
2026-08-26T21:11:08,VH-040,2024-05-01,engine_hours,MISSING_ENGINE_HOURS,IMPUTE_VEHICLE_MEDIAN,nan,10.8,Missing engine hours imputed using vehicle_median = 10.8.
2026-08-26T21:11:08,VH-040,2024-05-19,engine_hours,MISSING_ENGINE_HOURS,IMPUTE_VEHICLE_MEDIAN,nan,10.8,Missing engine hours imputed using vehicle_median = 10.8.
2026-08-26T21:11:08,VH-040,2024-06-07,engine_hours,MISSING_ENGINE_HOURS,IMPUTE_VEHICLE_MEDIAN,nan,10.8,Missing engine hours imputed using vehicle_median = 10.8.
2026-08-26T21:11:08,VH-040,2024-06-20,engine_hours,MISSING_ENGINE_HOURS,IMPUTE_VEHICLE_MEDIAN,nan,10.8,Missing engine hours imputed using vehicle_median = 10.8.
2026-08-26T21:11:08,VH-040,2024-07-28,engine_hours,MISSING_ENGINE_HOURS,IMPUTE_VEHICLE_MEDIAN,nan,10.8,Missing engine hours imputed using vehicle_median = 10.8.
2026-08-26T21:11:08,VH-040,2024-08-19,engine_hours,MISSING_ENGINE_HOURS,IMPUTE_VEHICLE_MEDIAN,nan,10.8,Missing engine hours imputed using vehicle_median = 10.8.
2026-08-26T21:11:08,VH-040,2024-11-23,engine_hours,MISSING_ENGINE_HOURS,IMPUTE_VEHICLE_MEDIAN,nan,10.8,Missing engine hours imputed using vehicle_median = 10.8.
2026-08-26T21:11:08,VH-001,2024-03-10,fault_count,MISSING_FAULT_INFO,IMPUTE_ZERO,nan,0,Missing fault count imputed with 0 (conservative). Missing sensor ≠ confirmed fault. WARNING: may underestimate risk on vehicles with faulty sensors.
2026-08-26T21:11:08,VH-001,2024-06-07,fault_count,MISSING_FAULT_INFO,IMPUTE_ZERO,nan,0,Missing fault count imputed with 0 (conservative). Missing sensor ≠ confirmed fault. WARNING: may underestimate risk on vehicles with faulty sensors.
2026-08-26T21:11:08,VH-001,2024-07-20,fault_count,MISSING_FAULT_INFO,IMPUTE_ZERO,nan,0,Missing fault count imputed with 0 (conservative). Missing sensor ≠ confirmed fault. WARNING: may underestimate risk on vehicles with faulty sensors.
2026-08-26T21:11:08,VH-001,2024-08-09,fault_count,MISSING_FAULT_INFO,IMPUTE_ZERO,nan,0,Missing fault count imputed with 0 (conservative). Missing sensor ≠ confirmed fault. WARNING: may underestimate risk on vehicles with faulty sensors.
2026-08-26T21:11:08,VH-002,2024-02-16,fault_count,MISSING_FAULT_INFO,IMPUTE_ZERO,nan,0,Missing fault count imputed with 0 (conservative). Missing sensor ≠ confirmed fault. WARNING: may underestimate risk on vehicles with faulty sensors.
2026-08-26T21:11:08,VH-002,2024-02-23,fault_count,MISSING_FAULT_INFO,IMPUTE_ZERO,nan,0,Missing fault count imputed with 0 (conservative). Missing sensor ≠ confirmed fault. WARNING: may underestimate risk on vehicles with faulty sensors.
2026-08-26T21:11:08,VH-002,2024-03-10,fault_count,MISSING_FAULT_INFO,IMPUTE_ZERO,nan,0,Missing fault count imputed with 0 (conservative). Missing sensor ≠ confirmed fault. WARNING: may underestimate risk on vehicles with faulty sensors.
2026-08-26T21:11:08,VH-002,2024-05-09,fault_count,MISSING_FAULT_INFO,IMPUTE_ZERO,nan,0,Missing fault count imputed with 0 (conservative). Missing sensor ≠ confirmed fault. WARNING: may underestimate risk on vehicles with faulty sensors.
2026-08-26T21:11:08,VH-002,2024-06-03,fault_count,MISSING_FAULT_INFO,IMPUTE_ZERO,nan,0,Missing fault count imputed with 0 (conservative). Missing sensor ≠ confirmed fault. WARNING: may underestimate risk on vehicles with faulty sensors.
2026-08-26T21:11:08,VH-002,2024-08-26,fault_count,MISSING_FAULT_INFO,IMPUTE_ZERO,nan,0,Missing fault count imputed with 0 (conservative). Missing sensor ≠ confirmed fault. WARNING: may underestimate risk on vehicles with faulty sensors.
2026-08-26T21:11:08,VH-002,2024-09-11,fault_count,MISSING_FAULT_INFO,IMPUTE_ZERO,nan,0,Missing fault count imputed with 0 (conservative). Missing sensor ≠ confirmed fault. WARNING: may underestimate risk on vehicles with faulty sensors.
2026-08-26T21:11:08,VH-002,2024-09-23,fault_count,MISSING_FAULT_INFO,IMPUTE_ZERO,nan,0,Missing fault count imputed with 0 (conservative). Missing sensor ≠ confirmed fault. WARNING: may underestimate risk on vehicles with faulty sensors.
2026-08-26T21:11:08,VH-003,2024-01-26,fault_count,MISSING_FAULT_INFO,IMPUTE_ZERO,nan,0,Missing fault count imputed with 0 (conservative). Missing sensor ≠ confirmed fault. WARNING: may underestimate risk on vehicles with faulty sensors.
2026-08-26T21:11:08,VH-003,2024-02-27,fault_count,MISSING_FAULT_INFO,IMPUTE_ZERO,nan,0,Missing fault count imputed with 0 (conservative). Missing sensor ≠ confirmed fault. WARNING: may underestimate risk on vehicles with faulty sensors.
2026-08-26T21:11:08,VH-003,2024-05-11,fault_count,MISSING_FAULT_INFO,IMPUTE_ZERO,nan,0,Missing fault count imputed with 0 (conservative). Missing sensor ≠ confirmed fault. WARNING: may underestimate risk on vehicles with faulty sensors.
2026-08-26T21:11:08,VH-003,2024-05-28,fault_count,MISSING_FAULT_INFO,IMPUTE_ZERO,nan,0,Missing fault count imputed with 0 (conservative). Missing sensor ≠ confirmed fault. WARNING: may underestimate risk on vehicles with faulty sensors.
2026-08-26T21:11:08,VH-003,2024-06-17,fault_count,MISSING_FAULT_INFO,IMPUTE_ZERO,nan,0,Missing fault count imputed with 0 (conservative). Missing sensor ≠ confirmed fault. WARNING: may underestimate risk on vehicles with faulty sensors.
2026-08-26T21:11:08,VH-003,2024-07-06,fault_count,MISSING_FAULT_INFO,IMPUTE_ZERO,nan,0,Missing fault count imputed with 0 (conservative). Missing sensor ≠ confirmed fault. WARNING: may underestimate risk on vehicles with faulty sensors.
2026-08-26T21:11:08,VH-003,2024-07-19,fault_count,MISSING_FAULT_INFO,IMPUTE_ZERO,nan,0,Missing fault count imputed with 0 (conservative). Missing sensor ≠ confirmed fault. WARNING: may underestimate risk on vehicles with faulty sensors.
2026-08-26T21:11:08,VH-003,2024-09-11,fault_count,MISSING_FAULT_INFO,IMPUTE_ZERO,nan,0,Missing fault count imputed with 0 (conservative). Missing sensor ≠ confirmed fault. WARNING: may underestimate risk on vehicles with faulty sensors.
2026-08-26T21:11:08,VH-003,2024-10-13,fault_count,MISSING_FAULT_INFO,IMPUTE_ZERO,nan,0,Missing fault count imputed with 0 (conservative). Missing sensor ≠ confirmed fault. WARNING: may underestimate risk on vehicles with faulty sensors.
2026-08-26T21:11:08,VH-003,2024-10-29,fault_count,MISSING_FAULT_INFO,IMPUTE_ZERO,nan,0,Missing fault count imputed with 0 (conservative). Missing sensor ≠ confirmed fault. WARNING: may underestimate risk on vehicles with faulty sensors.
2026-08-26T21:11:08,VH-004,2024-07-27,fault_count,MISSING_FAULT_INFO,IMPUTE_ZERO,nan,0,Missing fault count imputed with 0 (conservative). Missing sensor ≠ confirmed fault. WARNING: may underestimate risk on vehicles with faulty sensors.
2026-08-26T21:11:08,VH-004,2024-07-28,fault_count,MISSING_FAULT_INFO,IMPUTE_ZERO,nan,0,Missing fault count imputed with 0 (conservative). Missing sensor ≠ confirmed fault. WARNING: may underestimate risk on vehicles with faulty sensors.
2026-08-26T21:11:08,VH-004,2024-09-05,fault_count,MISSING_FAULT_INFO,IMPUTE_ZERO,nan,0,Missing fault count imputed with 0 (conservative). Missing sensor ≠ confirmed fault. WARNING: may underestimate risk on vehicles with faulty sensors.
2026-08-26T21:11:08,VH-004,2024-10-18,fault_count,MISSING_FAULT_INFO,IMPUTE_ZERO,nan,0,Missing fault count imputed with 0 (conservative). Missing sensor ≠ confirmed fault. WARNING: may underestimate risk on vehicles with faulty sensors.
2026-08-26T21:11:08,VH-004,2024-12-01,fault_count,MISSING_FAULT_INFO,IMPUTE_ZERO,nan,0,Missing fault count imputed with 0 (conservative). Missing sensor ≠ confirmed fault. WARNING: may underestimate risk on vehicles with faulty sensors.
2026-08-26T21:11:08,VH-004,2024-12-19,fault_count,MISSING_FAULT_INFO,IMPUTE_ZERO,nan,0,Missing fault count imputed with 0 (conservative). Missing sensor ≠ confirmed fault. WARNING: may underestimate risk on vehicles with faulty sensors.
2026-08-26T21:11:08,VH-005,2024-02-28,fault_count,MISSING_FAULT_INFO,IMPUTE_ZERO,nan,0,Missing fault count imputed with 0 (conservative). Missing sensor ≠ confirmed fault. WARNING: may underestimate risk on vehicles with faulty sensors.
2026-08-26T21:11:08,VH-005,2024-03-09,fault_count,MISSING_FAULT_INFO,IMPUTE_ZERO,nan,0,Missing fault count imputed with 0 (conservative). Missing sensor ≠ confirmed fault. WARNING: may underestimate risk on vehicles with faulty sensors.
2026-08-26T21:11:08,VH-005,2024-04-08,fault_count,MISSING_FAULT_INFO,IMPUTE_ZERO,nan,0,Missing fault count imputed with 0 (conservative). Missing sensor ≠ confirmed fault. WARNING: may underestimate risk on vehicles with faulty sensors.
2026-08-26T21:11:08,VH-005,2024-07-19,fault_count,MISSING_FAULT_INFO,IMPUTE_ZERO,nan,0,Missing fault count imputed with 0 (conservative). Missing sensor ≠ confirmed fault. WARNING: may underestimate risk on vehicles with faulty sensors.
2026-08-26T21:11:08,VH-005,2024-08-09,fault_count,MISSING_FAULT_INFO,IMPUTE_ZERO,nan,0,Missing fault count imputed with 0 (conservative). Missing sensor ≠ confirmed fault. WARNING: may underestimate risk on vehicles with faulty sensors.
2026-08-26T21:11:08,VH-005,2024-08-17,fault_count,MISSING_FAULT_INFO,IMPUTE_ZERO,nan,0,Missing fault count imputed with 0 (conservative). Missing sensor ≠ confirmed fault. WARNING: may underestimate risk on vehicles with faulty sensors.
2026-08-26T21:11:08,VH-005,2024-08-20,fault_count,MISSING_FAULT_INFO,IMPUTE_ZERO,nan,0,Missing fault count imputed with 0 (conservative). Missing sensor ≠ confirmed fault. WARNING: may underestimate risk on vehicles with faulty sensors.
2026-08-26T21:11:08,VH-005,2024-08-22,fault_count,MISSING_FAULT_INFO,IMPUTE_ZERO,nan,0,Missing fault count imputed with 0 (conservative). Missing sensor ≠ confirmed fault. WARNING: may underestimate risk on vehicles with faulty sensors.
2026-08-26T21:11:08,VH-005,2024-08-26,fault_count,MISSING_FAULT_INFO,IMPUTE_ZERO,nan,0,Missing fault count imputed with 0 (conservative). Missing sensor ≠ confirmed fault. WARNING: may underestimate risk on vehicles with faulty sensors.
2026-08-26T21:11:08,VH-005,2024-08-31,fault_count,MISSING_FAULT_INFO,IMPUTE_ZERO,nan,0,Missing fault count imputed with 0 (conservative). Missing sensor ≠ confirmed fault. WARNING: may underestimate risk on vehicles with faulty sensors.
2026-08-26T21:11:08,VH-005,2024-12-29,fault_count,MISSING_FAULT_INFO,IMPUTE_ZERO,nan,0,Missing fault count imputed with 0 (conservative). Missing sensor ≠ confirmed fault. WARNING: may underestimate risk on vehicles with faulty sensors.
2026-08-26T21:11:08,VH-006,2024-05-17,fault_count,MISSING_FAULT_INFO,IMPUTE_ZERO,nan,0,Missing fault count imputed with 0 (conservative). Missing sensor ≠ confirmed fault. WARNING: may underestimate risk on vehicles with faulty sensors.
2026-08-26T21:11:08,VH-006,2024-06-23,fault_count,MISSING_FAULT_INFO,IMPUTE_ZERO,nan,0,Missing fault count imputed with 0 (conservative). Missing sensor ≠ confirmed fault. WARNING: may underestimate risk on vehicles with faulty sensors.
2026-08-26T21:11:08,VH-007,2024-04-14,fault_count,MISSING_FAULT_INFO,IMPUTE_ZERO,nan,0,Missing fault count imputed with 0 (conservative). Missing sensor ≠ confirmed fault. WARNING: may underestimate risk on vehicles with faulty sensors.
2026-08-26T21:11:08,VH-007,2024-06-15,fault_count,MISSING_FAULT_INFO,IMPUTE_ZERO,nan,0,Missing fault count imputed with 0 (conservative). Missing sensor ≠ confirmed fault. WARNING: may underestimate risk on vehicles with faulty sensors.
2026-08-26T21:11:08,VH-007,2024-07-12,fault_count,MISSING_FAULT_INFO,IMPUTE_ZERO,nan,0,Missing fault count imputed with 0 (conservative). Missing sensor ≠ confirmed fault. WARNING: may underestimate risk on vehicles with faulty sensors.
2026-08-26T21:11:08,VH-007,2024-07-17,fault_count,MISSING_FAULT_INFO,IMPUTE_ZERO,nan,0,Missing fault count imputed with 0 (conservative). Missing sensor ≠ confirmed fault. WARNING: may underestimate risk on vehicles with faulty sensors.
2026-08-26T21:11:08,VH-007,2024-09-26,fault_count,MISSING_FAULT_INFO,IMPUTE_ZERO,nan,0,Missing fault count imputed with 0 (conservative). Missing sensor ≠ confirmed fault. WARNING: may underestimate risk on vehicles with faulty sensors.
2026-08-26T21:11:08,VH-008,2024-01-24,fault_count,MISSING_FAULT_INFO,IMPUTE_ZERO,nan,0,Missing fault count imputed with 0 (conservative). Missing sensor ≠ confirmed fault. WARNING: may underestimate risk on vehicles with faulty sensors.
2026-08-26T21:11:08,VH-008,2024-03-23,fault_count,MISSING_FAULT_INFO,IMPUTE_ZERO,nan,0,Missing fault count imputed with 0 (conservative). Missing sensor ≠ confirmed fault. WARNING: may underestimate risk on vehicles with faulty sensors.
2026-08-26T21:11:08,VH-008,2024-04-18,fault_count,MISSING_FAULT_INFO,IMPUTE_ZERO,nan,0,Missing fault count imputed with 0 (conservative). Missing sensor ≠ confirmed fault. WARNING: may underestimate risk on vehicles with faulty sensors.
2026-08-26T21:11:08,VH-008,2024-06-11,fault_count,MISSING_FAULT_INFO,IMPUTE_ZERO,nan,0,Missing fault count imputed with 0 (conservative). Missing sensor ≠ confirmed fault. WARNING: may underestimate risk on vehicles with faulty sensors.
2026-08-26T21:11:08,VH-008,2024-07-18,fault_count,MISSING_FAULT_INFO,IMPUTE_ZERO,nan,0,Missing fault count imputed with 0 (conservative). Missing sensor ≠ confirmed fault. WARNING: may underestimate risk on vehicles with faulty sensors.
2026-08-26T21:11:08,VH-008,2024-08-15,fault_count,MISSING_FAULT_INFO,IMPUTE_ZERO,nan,0,Missing fault count imputed with 0 (conservative). Missing sensor ≠ confirmed fault. WARNING: may underestimate risk on vehicles with faulty sensors.
2026-08-26T21:11:08,VH-008,2024-09-30,fault_count,MISSING_FAULT_INFO,IMPUTE_ZERO,nan,0,Missing fault count imputed with 0 (conservative). Missing sensor ≠ confirmed fault. WARNING: may underestimate risk on vehicles with faulty sensors.
2026-08-26T21:11:08,VH-008,2024-10-22,fault_count,MISSING_FAULT_INFO,IMPUTE_ZERO,nan,0,Missing fault count imputed with 0 (conservative). Missing sensor ≠ confirmed fault. WARNING: may underestimate risk on vehicles with faulty sensors.
2026-08-26T21:11:08,VH-008,2024-11-16,fault_count,MISSING_FAULT_INFO,IMPUTE_ZERO,nan,0,Missing fault count imputed with 0 (conservative). Missing sensor ≠ confirmed fault. WARNING: may underestimate risk on vehicles with faulty sensors.
2026-08-26T21:11:08,VH-009,2024-02-04,fault_count,MISSING_FAULT_INFO,IMPUTE_ZERO,nan,0,Missing fault count imputed with 0 (conservative). Missing sensor ≠ confirmed fault. WARNING: may underestimate risk on vehicles with faulty sensors.
2026-08-26T21:11:08,VH-009,2024-04-18,fault_count,MISSING_FAULT_INFO,IMPUTE_ZERO,nan,0,Missing fault count imputed with 0 (conservative). Missing sensor ≠ confirmed fault. WARNING: may underestimate risk on vehicles with faulty sensors.
2026-08-26T21:11:08,VH-009,2024-05-21,fault_count,MISSING_FAULT_INFO,IMPUTE_ZERO,nan,0,Missing fault count imputed with 0 (conservative). Missing sensor ≠ confirmed fault. WARNING: may underestimate risk on vehicles with faulty sensors.
2026-08-26T21:11:08,VH-009,2024-06-15,fault_count,MISSING_FAULT_INFO,IMPUTE_ZERO,nan,0,Missing fault count imputed with 0 (conservative). Missing sensor ≠ confirmed fault. WARNING: may underestimate risk on vehicles with faulty sensors.
2026-08-26T21:11:08,VH-009,2024-07-16,fault_count,MISSING_FAULT_INFO,IMPUTE_ZERO,nan,0,Missing fault count imputed with 0 (conservative). Missing sensor ≠ confirmed fault. WARNING: may underestimate risk on vehicles with faulty sensors.
2026-08-26T21:11:08,VH-009,2024-08-16,fault_count,MISSING_FAULT_INFO,IMPUTE_ZERO,nan,0,Missing fault count imputed with 0 (conservative). Missing sensor ≠ confirmed fault. WARNING: may underestimate risk on vehicles with faulty sensors.
2026-08-26T21:11:08,VH-009,2024-10-27,fault_count,MISSING_FAULT_INFO,IMPUTE_ZERO,nan,0,Missing fault count imputed with 0 (conservative). Missing sensor ≠ confirmed fault. WARNING: may underestimate risk on vehicles with faulty sensors.
2026-08-26T21:11:08,VH-009,2024-12-17,fault_count,MISSING_FAULT_INFO,IMPUTE_ZERO,nan,0,Missing fault count imputed with 0 (conservative). Missing sensor ≠ confirmed fault. WARNING: may underestimate risk on vehicles with faulty sensors.
2026-08-26T21:11:08,VH-010,2024-01-10,fault_count,MISSING_FAULT_INFO,IMPUTE_ZERO,nan,0,Missing fault count imputed with 0 (conservative). Missing sensor ≠ confirmed fault. WARNING: may underestimate risk on vehicles with faulty sensors.
2026-08-26T21:11:08,VH-010,2024-01-14,fault_count,MISSING_FAULT_INFO,IMPUTE_ZERO,nan,0,Missing fault count imputed with 0 (conservative). Missing sensor ≠ confirmed fault. WARNING: may underestimate risk on vehicles with faulty sensors.
2026-08-26T21:11:08,VH-010,2024-03-14,fault_count,MISSING_FAULT_INFO,IMPUTE_ZERO,nan,0,Missing fault count imputed with 0 (conservative). Missing sensor ≠ confirmed fault. WARNING: may underestimate risk on vehicles with faulty sensors.
2026-08-26T21:11:08,VH-010,2024-05-24,fault_count,MISSING_FAULT_INFO,IMPUTE_ZERO,nan,0,Missing fault count imputed with 0 (conservative). Missing sensor ≠ confirmed fault. WARNING: may underestimate risk on vehicles with faulty sensors.
2026-08-26T21:11:08,VH-010,2024-08-13,fault_count,MISSING_FAULT_INFO,IMPUTE_ZERO,nan,0,Missing fault count imputed with 0 (conservative). Missing sensor ≠ confirmed fault. WARNING: may underestimate risk on vehicles with faulty sensors.
2026-08-26T21:11:08,VH-010,2024-08-26,fault_count,MISSING_FAULT_INFO,IMPUTE_ZERO,nan,0,Missing fault count imputed with 0 (conservative). Missing sensor ≠ confirmed fault. WARNING: may underestimate risk on vehicles with faulty sensors.
2026-08-26T21:11:08,VH-011,2024-01-30,fault_count,MISSING_FAULT_INFO,IMPUTE_ZERO,nan,0,Missing fault count imputed with 0 (conservative). Missing sensor ≠ confirmed fault. WARNING: may underestimate risk on vehicles with faulty sensors.
2026-08-26T21:11:08,VH-011,2024-02-27,fault_count,MISSING_FAULT_INFO,IMPUTE_ZERO,nan,0,Missing fault count imputed with 0 (conservative). Missing sensor ≠ confirmed fault. WARNING: may underestimate risk on vehicles with faulty sensors.
2026-08-26T21:11:08,VH-011,2024-02-28,fault_count,MISSING_FAULT_INFO,IMPUTE_ZERO,nan,0,Missing fault count imputed with 0 (conservative). Missing sensor ≠ confirmed fault. WARNING: may underestimate risk on vehicles with faulty sensors.
2026-08-26T21:11:08,VH-011,2024-07-09,fault_count,MISSING_FAULT_INFO,IMPUTE_ZERO,nan,0,Missing fault count imputed with 0 (conservative). Missing sensor ≠ confirmed fault. WARNING: may underestimate risk on vehicles with faulty sensors.
2026-08-26T21:11:08,VH-011,2024-10-05,fault_count,MISSING_FAULT_INFO,IMPUTE_ZERO,nan,0,Missing fault count imputed with 0 (conservative). Missing sensor ≠ confirmed fault. WARNING: may underestimate risk on vehicles with faulty sensors.
2026-08-26T21:11:08,VH-011,2024-10-18,fault_count,MISSING_FAULT_INFO,IMPUTE_ZERO,nan,0,Missing fault count imputed with 0 (conservative). Missing sensor ≠ confirmed fault. WARNING: may underestimate risk on vehicles with faulty sensors.
2026-08-26T21:11:08,VH-011,2024-11-08,fault_count,MISSING_FAULT_INFO,IMPUTE_ZERO,nan,0,Missing fault count imputed with 0 (conservative). Missing sensor ≠ confirmed fault. WARNING: may underestimate risk on vehicles with faulty sensors.
2026-08-26T21:11:08,VH-011,2024-11-09,fault_count,MISSING_FAULT_INFO,IMPUTE_ZERO,nan,0,Missing fault count imputed with 0 (conservative). Missing sensor ≠ confirmed fault. WARNING: may underestimate risk on vehicles with faulty sensors.
2026-08-26T21:11:08,VH-012,2024-03-14,fault_count,MISSING_FAULT_INFO,IMPUTE_ZERO,nan,0,Missing fault count imputed with 0 (conservative). Missing sensor ≠ confirmed fault. WARNING: may underestimate risk on vehicles with faulty sensors.
2026-08-26T21:11:08,VH-012,2024-04-01,fault_count,MISSING_FAULT_INFO,IMPUTE_ZERO,nan,0,Missing fault count imputed with 0 (conservative). Missing sensor ≠ confirmed fault. WARNING: may underestimate risk on vehicles with faulty sensors.
2026-08-26T21:11:08,VH-012,2024-04-14,fault_count,MISSING_FAULT_INFO,IMPUTE_ZERO,nan,0,Missing fault count imputed with 0 (conservative). Missing sensor ≠ confirmed fault. WARNING: may underestimate risk on vehicles with faulty sensors.
2026-08-26T21:11:08,VH-012,2024-10-11,fault_count,MISSING_FAULT_INFO,IMPUTE_ZERO,nan,0,Missing fault count imputed with 0 (conservative). Missing sensor ≠ confirmed fault. WARNING: may underestimate risk on vehicles with faulty sensors.
2026-08-26T21:11:08,VH-012,2024-12-26,fault_count,MISSING_FAULT_INFO,IMPUTE_ZERO,nan,0,Missing fault count imputed with 0 (conservative). Missing sensor ≠ confirmed fault. WARNING: may underestimate risk on vehicles with faulty sensors.
2026-08-26T21:11:08,VH-013,2024-02-02,fault_count,MISSING_FAULT_INFO,IMPUTE_ZERO,nan,0,Missing fault count imputed with 0 (conservative). Missing sensor ≠ confirmed fault. WARNING: may underestimate risk on vehicles with faulty sensors.
2026-08-26T21:11:08,VH-013,2024-02-05,fault_count,MISSING_FAULT_INFO,IMPUTE_ZERO,nan,0,Missing fault count imputed with 0 (conservative). Missing sensor ≠ confirmed fault. WARNING: may underestimate risk on vehicles with faulty sensors.
2026-08-26T21:11:08,VH-013,2024-03-13,fault_count,MISSING_FAULT_INFO,IMPUTE_ZERO,nan,0,Missing fault count imputed with 0 (conservative). Missing sensor ≠ confirmed fault. WARNING: may underestimate risk on vehicles with faulty sensors.
2026-08-26T21:11:08,VH-013,2024-07-18,fault_count,MISSING_FAULT_INFO,IMPUTE_ZERO,nan,0,Missing fault count imputed with 0 (conservative). Missing sensor ≠ confirmed fault. WARNING: may underestimate risk on vehicles with faulty sensors.
2026-08-26T21:11:08,VH-013,2024-09-20,fault_count,MISSING_FAULT_INFO,IMPUTE_ZERO,nan,0,Missing fault count imputed with 0 (conservative). Missing sensor ≠ confirmed fault. WARNING: may underestimate risk on vehicles with faulty sensors.
2026-08-26T21:11:08,VH-013,2024-09-22,fault_count,MISSING_FAULT_INFO,IMPUTE_ZERO,nan,0,Missing fault count imputed with 0 (conservative). Missing sensor ≠ confirmed fault. WARNING: may underestimate risk on vehicles with faulty sensors.
2026-08-26T21:11:08,VH-013,2024-10-03,fault_count,MISSING_FAULT_INFO,IMPUTE_ZERO,nan,0,Missing fault count imputed with 0 (conservative). Missing sensor ≠ confirmed fault. WARNING: may underestimate risk on vehicles with faulty sensors.
2026-08-26T21:11:08,VH-014,2024-02-11,fault_count,MISSING_FAULT_INFO,IMPUTE_ZERO,nan,0,Missing fault count imputed with 0 (conservative). Missing sensor ≠ confirmed fault. WARNING: may underestimate risk on vehicles with faulty sensors.
2026-08-26T21:11:08,VH-014,2024-03-30,fault_count,MISSING_FAULT_INFO,IMPUTE_ZERO,nan,0,Missing fault count imputed with 0 (conservative). Missing sensor ≠ confirmed fault. WARNING: may underestimate risk on vehicles with faulty sensors.
2026-08-26T21:11:08,VH-014,2024-04-13,fault_count,MISSING_FAULT_INFO,IMPUTE_ZERO,nan,0,Missing fault count imputed with 0 (conservative). Missing sensor ≠ confirmed fault. WARNING: may underestimate risk on vehicles with faulty sensors.
2026-08-26T21:11:08,VH-014,2024-08-28,fault_count,MISSING_FAULT_INFO,IMPUTE_ZERO,nan,0,Missing fault count imputed with 0 (conservative). Missing sensor ≠ confirmed fault. WARNING: may underestimate risk on vehicles with faulty sensors.
2026-08-26T21:11:08,VH-014,2024-10-23,fault_count,MISSING_FAULT_INFO,IMPUTE_ZERO,nan,0,Missing fault count imputed with 0 (conservative). Missing sensor ≠ confirmed fault. WARNING: may underestimate risk on vehicles with faulty sensors.
2026-08-26T21:11:08,VH-014,2024-12-26,fault_count,MISSING_FAULT_INFO,IMPUTE_ZERO,nan,0,Missing fault count imputed with 0 (conservative). Missing sensor ≠ confirmed fault. WARNING: may underestimate risk on vehicles with faulty sensors.
2026-08-26T21:11:08,VH-015,2024-03-18,fault_count,MISSING_FAULT_INFO,IMPUTE_ZERO,nan,0,Missing fault count imputed with 0 (conservative). Missing sensor ≠ confirmed fault. WARNING: may underestimate risk on vehicles with faulty sensors.
2026-08-26T21:11:08,VH-015,2024-04-08,fault_count,MISSING_FAULT_INFO,IMPUTE_ZERO,nan,0,Missing fault count imputed with 0 (conservative). Missing sensor ≠ confirmed fault. WARNING: may underestimate risk on vehicles with faulty sensors.
2026-08-26T21:11:08,VH-015,2024-05-10,fault_count,MISSING_FAULT_INFO,IMPUTE_ZERO,nan,0,Missing fault count imputed with 0 (conservative). Missing sensor ≠ confirmed fault. WARNING: may underestimate risk on vehicles with faulty sensors.
2026-08-26T21:11:08,VH-015,2024-07-08,fault_count,MISSING_FAULT_INFO,IMPUTE_ZERO,nan,0,Missing fault count imputed with 0 (conservative). Missing sensor ≠ confirmed fault. WARNING: may underestimate risk on vehicles with faulty sensors.
2026-08-26T21:11:08,VH-015,2024-08-23,fault_count,MISSING_FAULT_INFO,IMPUTE_ZERO,nan,0,Missing fault count imputed with 0 (conservative). Missing sensor ≠ confirmed fault. WARNING: may underestimate risk on vehicles with faulty sensors.
2026-08-26T21:11:08,VH-015,2024-09-26,fault_count,MISSING_FAULT_INFO,IMPUTE_ZERO,nan,0,Missing fault count imputed with 0 (conservative). Missing sensor ≠ confirmed fault. WARNING: may underestimate risk on vehicles with faulty sensors.
2026-08-26T21:11:08,VH-015,2024-12-03,fault_count,MISSING_FAULT_INFO,IMPUTE_ZERO,nan,0,Missing fault count imputed with 0 (conservative). Missing sensor ≠ confirmed fault. WARNING: may underestimate risk on vehicles with faulty sensors.
2026-08-26T21:11:08,VH-016,2024-01-18,fault_count,MISSING_FAULT_INFO,IMPUTE_ZERO,nan,0,Missing fault count imputed with 0 (conservative). Missing sensor ≠ confirmed fault. WARNING: may underestimate risk on vehicles with faulty sensors.
2026-08-26T21:11:08,VH-016,2024-01-22,fault_count,MISSING_FAULT_INFO,IMPUTE_ZERO,nan,0,Missing fault count imputed with 0 (conservative). Missing sensor ≠ confirmed fault. WARNING: may underestimate risk on vehicles with faulty sensors.
2026-08-26T21:11:08,VH-016,2024-05-21,fault_count,MISSING_FAULT_INFO,IMPUTE_ZERO,nan,0,Missing fault count imputed with 0 (conservative). Missing sensor ≠ confirmed fault. WARNING: may underestimate risk on vehicles with faulty sensors.
2026-08-26T21:11:08,VH-016,2024-06-08,fault_count,MISSING_FAULT_INFO,IMPUTE_ZERO,nan,0,Missing fault count imputed with 0 (conservative). Missing sensor ≠ confirmed fault. WARNING: may underestimate risk on vehicles with faulty sensors.
2026-08-26T21:11:08,VH-016,2024-12-21,fault_count,MISSING_FAULT_INFO,IMPUTE_ZERO,nan,0,Missing fault count imputed with 0 (conservative). Missing sensor ≠ confirmed fault. WARNING: may underestimate risk on vehicles with faulty sensors.
2026-08-26T21:11:08,VH-017,2024-05-15,fault_count,MISSING_FAULT_INFO,IMPUTE_ZERO,nan,0,Missing fault count imputed with 0 (conservative). Missing sensor ≠ confirmed fault. WARNING: may underestimate risk on vehicles with faulty sensors.
2026-08-26T21:11:08,VH-017,2024-05-18,fault_count,MISSING_FAULT_INFO,IMPUTE_ZERO,nan,0,Missing fault count imputed with 0 (conservative). Missing sensor ≠ confirmed fault. WARNING: may underestimate risk on vehicles with faulty sensors.
2026-08-26T21:11:08,VH-017,2024-06-15,fault_count,MISSING_FAULT_INFO,IMPUTE_ZERO,nan,0,Missing fault count imputed with 0 (conservative). Missing sensor ≠ confirmed fault. WARNING: may underestimate risk on vehicles with faulty sensors.
2026-08-26T21:11:08,VH-017,2024-06-18,fault_count,MISSING_FAULT_INFO,IMPUTE_ZERO,nan,0,Missing fault count imputed with 0 (conservative). Missing sensor ≠ confirmed fault. WARNING: may underestimate risk on vehicles with faulty sensors.
2026-08-26T21:11:08,VH-017,2024-10-23,fault_count,MISSING_FAULT_INFO,IMPUTE_ZERO,nan,0,Missing fault count imputed with 0 (conservative). Missing sensor ≠ confirmed fault. WARNING: may underestimate risk on vehicles with faulty sensors.
2026-08-26T21:11:08,VH-017,2024-11-17,fault_count,MISSING_FAULT_INFO,IMPUTE_ZERO,nan,0,Missing fault count imputed with 0 (conservative). Missing sensor ≠ confirmed fault. WARNING: may underestimate risk on vehicles with faulty sensors.
2026-08-26T21:11:08,VH-017,2024-12-08,fault_count,MISSING_FAULT_INFO,IMPUTE_ZERO,nan,0,Missing fault count imputed with 0 (conservative). Missing sensor ≠ confirmed fault. WARNING: may underestimate risk on vehicles with faulty sensors.
2026-08-26T21:11:08,VH-018,2024-06-23,fault_count,MISSING_FAULT_INFO,IMPUTE_ZERO,nan,0,Missing fault count imputed with 0 (conservative). Missing sensor ≠ confirmed fault. WARNING: may underestimate risk on vehicles with faulty sensors.
2026-08-26T21:11:08,VH-018,2024-07-25,fault_count,MISSING_FAULT_INFO,IMPUTE_ZERO,nan,0,Missing fault count imputed with 0 (conservative). Missing sensor ≠ confirmed fault. WARNING: may underestimate risk on vehicles with faulty sensors.
2026-08-26T21:11:08,VH-018,2024-11-01,fault_count,MISSING_FAULT_INFO,IMPUTE_ZERO,nan,0,Missing fault count imputed with 0 (conservative). Missing sensor ≠ confirmed fault. WARNING: may underestimate risk on vehicles with faulty sensors.
2026-08-26T21:11:08,VH-018,2024-12-09,fault_count,MISSING_FAULT_INFO,IMPUTE_ZERO,nan,0,Missing fault count imputed with 0 (conservative). Missing sensor ≠ confirmed fault. WARNING: may underestimate risk on vehicles with faulty sensors.
2026-08-26T21:11:08,VH-019,2024-01-15,fault_count,MISSING_FAULT_INFO,IMPUTE_ZERO,nan,0,Missing fault count imputed with 0 (conservative). Missing sensor ≠ confirmed fault. WARNING: may underestimate risk on vehicles with faulty sensors.
2026-08-26T21:11:08,VH-019,2024-07-06,fault_count,MISSING_FAULT_INFO,IMPUTE_ZERO,nan,0,Missing fault count imputed with 0 (conservative). Missing sensor ≠ confirmed fault. WARNING: may underestimate risk on vehicles with faulty sensors.
2026-08-26T21:11:08,VH-019,2024-07-29,fault_count,MISSING_FAULT_INFO,IMPUTE_ZERO,nan,0,Missing fault count imputed with 0 (conservative). Missing sensor ≠ confirmed fault. WARNING: may underestimate risk on vehicles with faulty sensors.
2026-08-26T21:11:08,VH-019,2024-08-20,fault_count,MISSING_FAULT_INFO,IMPUTE_ZERO,nan,0,Missing fault count imputed with 0 (conservative). Missing sensor ≠ confirmed fault. WARNING: may underestimate risk on vehicles with faulty sensors.
2026-08-26T21:11:08,VH-019,2024-08-28,fault_count,MISSING_FAULT_INFO,IMPUTE_ZERO,nan,0,Missing fault count imputed with 0 (conservative). Missing sensor ≠ confirmed fault. WARNING: may underestimate risk on vehicles with faulty sensors.
2026-08-26T21:11:08,VH-019,2024-09-07,fault_count,MISSING_FAULT_INFO,IMPUTE_ZERO,nan,0,Missing fault count imputed with 0 (conservative). Missing sensor ≠ confirmed fault. WARNING: may underestimate risk on vehicles with faulty sensors.
2026-08-26T21:11:08,VH-019,2024-10-22,fault_count,MISSING_FAULT_INFO,IMPUTE_ZERO,nan,0,Missing fault count imputed with 0 (conservative). Missing sensor ≠ confirmed fault. WARNING: may underestimate risk on vehicles with faulty sensors.
2026-08-26T21:11:08,VH-019,2024-11-20,fault_count,MISSING_FAULT_INFO,IMPUTE_ZERO,nan,0,Missing fault count imputed with 0 (conservative). Missing sensor ≠ confirmed fault. WARNING: may underestimate risk on vehicles with faulty sensors.
2026-08-26T21:11:08,VH-019,2024-12-03,fault_count,MISSING_FAULT_INFO,IMPUTE_ZERO,nan,0,Missing fault count imputed with 0 (conservative). Missing sensor ≠ confirmed fault. WARNING: may underestimate risk on vehicles with faulty sensors.
2026-08-26T21:11:08,VH-019,2024-12-17,fault_count,MISSING_FAULT_INFO,IMPUTE_ZERO,nan,0,Missing fault count imputed with 0 (conservative). Missing sensor ≠ confirmed fault. WARNING: may underestimate risk on vehicles with faulty sensors.
2026-08-26T21:11:08,VH-019,2024-12-19,fault_count,MISSING_FAULT_INFO,IMPUTE_ZERO,nan,0,Missing fault count imputed with 0 (conservative). Missing sensor ≠ confirmed fault. WARNING: may underestimate risk on vehicles with faulty sensors.
2026-08-26T21:11:08,VH-020,2024-01-02,fault_count,MISSING_FAULT_INFO,IMPUTE_ZERO,nan,0,Missing fault count imputed with 0 (conservative). Missing sensor ≠ confirmed fault. WARNING: may underestimate risk on vehicles with faulty sensors.
2026-08-26T21:11:08,VH-020,2024-05-10,fault_count,MISSING_FAULT_INFO,IMPUTE_ZERO,nan,0,Missing fault count imputed with 0 (conservative). Missing sensor ≠ confirmed fault. WARNING: may underestimate risk on vehicles with faulty sensors.
2026-08-26T21:11:08,VH-020,2024-06-30,fault_count,MISSING_FAULT_INFO,IMPUTE_ZERO,nan,0,Missing fault count imputed with 0 (conservative). Missing sensor ≠ confirmed fault. WARNING: may underestimate risk on vehicles with faulty sensors.
2026-08-26T21:11:08,VH-020,2024-07-17,fault_count,MISSING_FAULT_INFO,IMPUTE_ZERO,nan,0,Missing fault count imputed with 0 (conservative). Missing sensor ≠ confirmed fault. WARNING: may underestimate risk on vehicles with faulty sensors.
2026-08-26T21:11:08,VH-020,2024-07-22,fault_count,MISSING_FAULT_INFO,IMPUTE_ZERO,nan,0,Missing fault count imputed with 0 (conservative). Missing sensor ≠ confirmed fault. WARNING: may underestimate risk on vehicles with faulty sensors.
2026-08-26T21:11:08,VH-020,2024-10-27,fault_count,MISSING_FAULT_INFO,IMPUTE_ZERO,nan,0,Missing fault count imputed with 0 (conservative). Missing sensor ≠ confirmed fault. WARNING: may underestimate risk on vehicles with faulty sensors.
2026-08-26T21:11:08,VH-020,2024-12-09,fault_count,MISSING_FAULT_INFO,IMPUTE_ZERO,nan,0,Missing fault count imputed with 0 (conservative). Missing sensor ≠ confirmed fault. WARNING: may underestimate risk on vehicles with faulty sensors.
2026-08-26T21:11:08,VH-021,2024-02-06,fault_count,MISSING_FAULT_INFO,IMPUTE_ZERO,nan,0,Missing fault count imputed with 0 (conservative). Missing sensor ≠ confirmed fault. WARNING: may underestimate risk on vehicles with faulty sensors.
2026-08-26T21:11:08,VH-021,2024-03-27,fault_count,MISSING_FAULT_INFO,IMPUTE_ZERO,nan,0,Missing fault count imputed with 0 (conservative). Missing sensor ≠ confirmed fault. WARNING: may underestimate risk on vehicles with faulty sensors.
2026-08-26T21:11:08,VH-021,2024-04-13,fault_count,MISSING_FAULT_INFO,IMPUTE_ZERO,nan,0,Missing fault count imputed with 0 (conservative). Missing sensor ≠ confirmed fault. WARNING: may underestimate risk on vehicles with faulty sensors.
2026-08-26T21:11:08,VH-021,2024-04-22,fault_count,MISSING_FAULT_INFO,IMPUTE_ZERO,nan,0,Missing fault count imputed with 0 (conservative). Missing sensor ≠ confirmed fault. WARNING: may underestimate risk on vehicles with faulty sensors.
2026-08-26T21:11:08,VH-021,2024-05-19,fault_count,MISSING_FAULT_INFO,IMPUTE_ZERO,nan,0,Missing fault count imputed with 0 (conservative). Missing sensor ≠ confirmed fault. WARNING: may underestimate risk on vehicles with faulty sensors.
2026-08-26T21:11:08,VH-021,2024-06-14,fault_count,MISSING_FAULT_INFO,IMPUTE_ZERO,nan,0,Missing fault count imputed with 0 (conservative). Missing sensor ≠ confirmed fault. WARNING: may underestimate risk on vehicles with faulty sensors.
2026-08-26T21:11:08,VH-021,2024-07-12,fault_count,MISSING_FAULT_INFO,IMPUTE_ZERO,nan,0,Missing fault count imputed with 0 (conservative). Missing sensor ≠ confirmed fault. WARNING: may underestimate risk on vehicles with faulty sensors.
2026-08-26T21:11:08,VH-021,2024-07-31,fault_count,MISSING_FAULT_INFO,IMPUTE_ZERO,nan,0,Missing fault count imputed with 0 (conservative). Missing sensor ≠ confirmed fault. WARNING: may underestimate risk on vehicles with faulty sensors.
2026-08-26T21:11:08,VH-021,2024-09-22,fault_count,MISSING_FAULT_INFO,IMPUTE_ZERO,nan,0,Missing fault count imputed with 0 (conservative). Missing sensor ≠ confirmed fault. WARNING: may underestimate risk on vehicles with faulty sensors.
2026-08-26T21:11:08,VH-022,2024-01-01,fault_count,MISSING_FAULT_INFO,IMPUTE_ZERO,nan,0,Missing fault count imputed with 0 (conservative). Missing sensor ≠ confirmed fault. WARNING: may underestimate risk on vehicles with faulty sensors.
2026-08-26T21:11:08,VH-022,2024-05-14,fault_count,MISSING_FAULT_INFO,IMPUTE_ZERO,nan,0,Missing fault count imputed with 0 (conservative). Missing sensor ≠ confirmed fault. WARNING: may underestimate risk on vehicles with faulty sensors.
2026-08-26T21:11:08,VH-022,2024-06-26,fault_count,MISSING_FAULT_INFO,IMPUTE_ZERO,nan,0,Missing fault count imputed with 0 (conservative). Missing sensor ≠ confirmed fault. WARNING: may underestimate risk on vehicles with faulty sensors.
2026-08-26T21:11:08,VH-022,2024-08-03,fault_count,MISSING_FAULT_INFO,IMPUTE_ZERO,nan,0,Missing fault count imputed with 0 (conservative). Missing sensor ≠ confirmed fault. WARNING: may underestimate risk on vehicles with faulty sensors.
2026-08-26T21:11:08,VH-022,2024-09-30,fault_count,MISSING_FAULT_INFO,IMPUTE_ZERO,nan,0,Missing fault count imputed with 0 (conservative). Missing sensor ≠ confirmed fault. WARNING: may underestimate risk on vehicles with faulty sensors.
2026-08-26T21:11:08,VH-022,2024-10-19,fault_count,MISSING_FAULT_INFO,IMPUTE_ZERO,nan,0,Missing fault count imputed with 0 (conservative). Missing sensor ≠ confirmed fault. WARNING: may underestimate risk on vehicles with faulty sensors.
2026-08-26T21:11:08,VH-022,2024-11-20,fault_count,MISSING_FAULT_INFO,IMPUTE_ZERO,nan,0,Missing fault count imputed with 0 (conservative). Missing sensor ≠ confirmed fault. WARNING: may underestimate risk on vehicles with faulty sensors.
2026-08-26T21:11:08,VH-022,2024-11-29,fault_count,MISSING_FAULT_INFO,IMPUTE_ZERO,nan,0,Missing fault count imputed with 0 (conservative). Missing sensor ≠ confirmed fault. WARNING: may underestimate risk on vehicles with faulty sensors.
2026-08-26T21:11:08,VH-022,2024-12-20,fault_count,MISSING_FAULT_INFO,IMPUTE_ZERO,nan,0,Missing fault count imputed with 0 (conservative). Missing sensor ≠ confirmed fault. WARNING: may underestimate risk on vehicles with faulty sensors.
2026-08-26T21:11:08,VH-022,2024-12-21,fault_count,MISSING_FAULT_INFO,IMPUTE_ZERO,nan,0,Missing fault count imputed with 0 (conservative). Missing sensor ≠ confirmed fault. WARNING: may underestimate risk on vehicles with faulty sensors.
2026-08-26T21:11:08,VH-022,2024-12-22,fault_count,MISSING_FAULT_INFO,IMPUTE_ZERO,nan,0,Missing fault count imputed with 0 (conservative). Missing sensor ≠ confirmed fault. WARNING: may underestimate risk on vehicles with faulty sensors.
2026-08-26T21:11:08,VH-023,2024-01-07,fault_count,MISSING_FAULT_INFO,IMPUTE_ZERO,nan,0,Missing fault count imputed with 0 (conservative). Missing sensor ≠ confirmed fault. WARNING: may underestimate risk on vehicles with faulty sensors.
2026-08-26T21:11:08,VH-023,2024-06-25,fault_count,MISSING_FAULT_INFO,IMPUTE_ZERO,nan,0,Missing fault count imputed with 0 (conservative). Missing sensor ≠ confirmed fault. WARNING: may underestimate risk on vehicles with faulty sensors.
2026-08-26T21:11:08,VH-023,2024-07-18,fault_count,MISSING_FAULT_INFO,IMPUTE_ZERO,nan,0,Missing fault count imputed with 0 (conservative). Missing sensor ≠ confirmed fault. WARNING: may underestimate risk on vehicles with faulty sensors.
2026-08-26T21:11:08,VH-023,2024-07-28,fault_count,MISSING_FAULT_INFO,IMPUTE_ZERO,nan,0,Missing fault count imputed with 0 (conservative). Missing sensor ≠ confirmed fault. WARNING: may underestimate risk on vehicles with faulty sensors.
2026-08-26T21:11:08,VH-023,2024-10-15,fault_count,MISSING_FAULT_INFO,IMPUTE_ZERO,nan,0,Missing fault count imputed with 0 (conservative). Missing sensor ≠ confirmed fault. WARNING: may underestimate risk on vehicles with faulty sensors.
2026-08-26T21:11:08,VH-023,2024-11-28,fault_count,MISSING_FAULT_INFO,IMPUTE_ZERO,nan,0,Missing fault count imputed with 0 (conservative). Missing sensor ≠ confirmed fault. WARNING: may underestimate risk on vehicles with faulty sensors.
2026-08-26T21:11:08,VH-024,2024-01-04,fault_count,MISSING_FAULT_INFO,IMPUTE_ZERO,nan,0,Missing fault count imputed with 0 (conservative). Missing sensor ≠ confirmed fault. WARNING: may underestimate risk on vehicles with faulty sensors.
2026-08-26T21:11:08,VH-024,2024-01-16,fault_count,MISSING_FAULT_INFO,IMPUTE_ZERO,nan,0,Missing fault count imputed with 0 (conservative). Missing sensor ≠ confirmed fault. WARNING: may underestimate risk on vehicles with faulty sensors.
2026-08-26T21:11:08,VH-024,2024-02-04,fault_count,MISSING_FAULT_INFO,IMPUTE_ZERO,nan,0,Missing fault count imputed with 0 (conservative). Missing sensor ≠ confirmed fault. WARNING: may underestimate risk on vehicles with faulty sensors.
2026-08-26T21:11:08,VH-024,2024-04-09,fault_count,MISSING_FAULT_INFO,IMPUTE_ZERO,nan,0,Missing fault count imputed with 0 (conservative). Missing sensor ≠ confirmed fault. WARNING: may underestimate risk on vehicles with faulty sensors.
2026-08-26T21:11:08,VH-024,2024-04-24,fault_count,MISSING_FAULT_INFO,IMPUTE_ZERO,nan,0,Missing fault count imputed with 0 (conservative). Missing sensor ≠ confirmed fault. WARNING: may underestimate risk on vehicles with faulty sensors.
2026-08-26T21:11:08,VH-024,2024-06-08,fault_count,MISSING_FAULT_INFO,IMPUTE_ZERO,nan,0,Missing fault count imputed with 0 (conservative). Missing sensor ≠ confirmed fault. WARNING: may underestimate risk on vehicles with faulty sensors.
2026-08-26T21:11:08,VH-024,2024-07-03,fault_count,MISSING_FAULT_INFO,IMPUTE_ZERO,nan,0,Missing fault count imputed with 0 (conservative). Missing sensor ≠ confirmed fault. WARNING: may underestimate risk on vehicles with faulty sensors.
2026-08-26T21:11:08,VH-024,2024-07-11,fault_count,MISSING_FAULT_INFO,IMPUTE_ZERO,nan,0,Missing fault count imputed with 0 (conservative). Missing sensor ≠ confirmed fault. WARNING: may underestimate risk on vehicles with faulty sensors.
2026-08-26T21:11:08,VH-024,2024-08-22,fault_count,MISSING_FAULT_INFO,IMPUTE_ZERO,nan,0,Missing fault count imputed with 0 (conservative). Missing sensor ≠ confirmed fault. WARNING: may underestimate risk on vehicles with faulty sensors.
2026-08-26T21:11:08,VH-024,2024-10-01,fault_count,MISSING_FAULT_INFO,IMPUTE_ZERO,nan,0,Missing fault count imputed with 0 (conservative). Missing sensor ≠ confirmed fault. WARNING: may underestimate risk on vehicles with faulty sensors.
2026-08-26T21:11:08,VH-024,2024-10-09,fault_count,MISSING_FAULT_INFO,IMPUTE_ZERO,nan,0,Missing fault count imputed with 0 (conservative). Missing sensor ≠ confirmed fault. WARNING: may underestimate risk on vehicles with faulty sensors.
2026-08-26T21:11:08,VH-024,2024-10-15,fault_count,MISSING_FAULT_INFO,IMPUTE_ZERO,nan,0,Missing fault count imputed with 0 (conservative). Missing sensor ≠ confirmed fault. WARNING: may underestimate risk on vehicles with faulty sensors.
2026-08-26T21:11:08,VH-024,2024-12-27,fault_count,MISSING_FAULT_INFO,IMPUTE_ZERO,nan,0,Missing fault count imputed with 0 (conservative). Missing sensor ≠ confirmed fault. WARNING: may underestimate risk on vehicles with faulty sensors.
2026-08-26T21:11:08,VH-025,2024-02-17,fault_count,MISSING_FAULT_INFO,IMPUTE_ZERO,nan,0,Missing fault count imputed with 0 (conservative). Missing sensor ≠ confirmed fault. WARNING: may underestimate risk on vehicles with faulty sensors.
2026-08-26T21:11:08,VH-025,2024-03-31,fault_count,MISSING_FAULT_INFO,IMPUTE_ZERO,nan,0,Missing fault count imputed with 0 (conservative). Missing sensor ≠ confirmed fault. WARNING: may underestimate risk on vehicles with faulty sensors.
2026-08-26T21:11:08,VH-025,2024-08-17,fault_count,MISSING_FAULT_INFO,IMPUTE_ZERO,nan,0,Missing fault count imputed with 0 (conservative). Missing sensor ≠ confirmed fault. WARNING: may underestimate risk on vehicles with faulty sensors.
2026-08-26T21:11:08,VH-026,2024-01-16,fault_count,MISSING_FAULT_INFO,IMPUTE_ZERO,nan,0,Missing fault count imputed with 0 (conservative). Missing sensor ≠ confirmed fault. WARNING: may underestimate risk on vehicles with faulty sensors.
2026-08-26T21:11:08,VH-026,2024-06-09,fault_count,MISSING_FAULT_INFO,IMPUTE_ZERO,nan,0,Missing fault count imputed with 0 (conservative). Missing sensor ≠ confirmed fault. WARNING: may underestimate risk on vehicles with faulty sensors.
2026-08-26T21:11:08,VH-026,2024-07-30,fault_count,MISSING_FAULT_INFO,IMPUTE_ZERO,nan,0,Missing fault count imputed with 0 (conservative). Missing sensor ≠ confirmed fault. WARNING: may underestimate risk on vehicles with faulty sensors.
2026-08-26T21:11:08,VH-026,2024-08-05,fault_count,MISSING_FAULT_INFO,IMPUTE_ZERO,nan,0,Missing fault count imputed with 0 (conservative). Missing sensor ≠ confirmed fault. WARNING: may underestimate risk on vehicles with faulty sensors.
2026-08-26T21:11:08,VH-026,2024-08-21,fault_count,MISSING_FAULT_INFO,IMPUTE_ZERO,nan,0,Missing fault count imputed with 0 (conservative). Missing sensor ≠ confirmed fault. WARNING: may underestimate risk on vehicles with faulty sensors.
2026-08-26T21:11:08,VH-026,2024-08-26,fault_count,MISSING_FAULT_INFO,IMPUTE_ZERO,nan,0,Missing fault count imputed with 0 (conservative). Missing sensor ≠ confirmed fault. WARNING: may underestimate risk on vehicles with faulty sensors.
2026-08-26T21:11:08,VH-026,2024-08-29,fault_count,MISSING_FAULT_INFO,IMPUTE_ZERO,nan,0,Missing fault count imputed with 0 (conservative). Missing sensor ≠ confirmed fault. WARNING: may underestimate risk on vehicles with faulty sensors.
2026-08-26T21:11:08,VH-026,2024-09-04,fault_count,MISSING_FAULT_INFO,IMPUTE_ZERO,nan,0,Missing fault count imputed with 0 (conservative). Missing sensor ≠ confirmed fault. WARNING: may underestimate risk on vehicles with faulty sensors.
2026-08-26T21:11:08,VH-026,2024-11-12,fault_count,MISSING_FAULT_INFO,IMPUTE_ZERO,nan,0,Missing fault count imputed with 0 (conservative). Missing sensor ≠ confirmed fault. WARNING: may underestimate risk on vehicles with faulty sensors.
2026-08-26T21:11:08,VH-026,2024-11-13,fault_count,MISSING_FAULT_INFO,IMPUTE_ZERO,nan,0,Missing fault count imputed with 0 (conservative). Missing sensor ≠ confirmed fault. WARNING: may underestimate risk on vehicles with faulty sensors.
2026-08-26T21:11:08,VH-027,2024-02-13,fault_count,MISSING_FAULT_INFO,IMPUTE_ZERO,nan,0,Missing fault count imputed with 0 (conservative). Missing sensor ≠ confirmed fault. WARNING: may underestimate risk on vehicles with faulty sensors.
2026-08-26T21:11:08,VH-027,2024-03-04,fault_count,MISSING_FAULT_INFO,IMPUTE_ZERO,nan,0,Missing fault count imputed with 0 (conservative). Missing sensor ≠ confirmed fault. WARNING: may underestimate risk on vehicles with faulty sensors.
2026-08-26T21:11:08,VH-027,2024-08-18,fault_count,MISSING_FAULT_INFO,IMPUTE_ZERO,nan,0,Missing fault count imputed with 0 (conservative). Missing sensor ≠ confirmed fault. WARNING: may underestimate risk on vehicles with faulty sensors.
2026-08-26T21:11:08,VH-027,2024-08-22,fault_count,MISSING_FAULT_INFO,IMPUTE_ZERO,nan,0,Missing fault count imputed with 0 (conservative). Missing sensor ≠ confirmed fault. WARNING: may underestimate risk on vehicles with faulty sensors.
2026-08-26T21:11:08,VH-027,2024-08-29,fault_count,MISSING_FAULT_INFO,IMPUTE_ZERO,nan,0,Missing fault count imputed with 0 (conservative). Missing sensor ≠ confirmed fault. WARNING: may underestimate risk on vehicles with faulty sensors.
2026-08-26T21:11:08,VH-027,2024-10-21,fault_count,MISSING_FAULT_INFO,IMPUTE_ZERO,nan,0,Missing fault count imputed with 0 (conservative). Missing sensor ≠ confirmed fault. WARNING: may underestimate risk on vehicles with faulty sensors.
2026-08-26T21:11:08,VH-027,2024-12-01,fault_count,MISSING_FAULT_INFO,IMPUTE_ZERO,nan,0,Missing fault count imputed with 0 (conservative). Missing sensor ≠ confirmed fault. WARNING: may underestimate risk on vehicles with faulty sensors.
2026-08-26T21:11:08,VH-028,2024-01-13,fault_count,MISSING_FAULT_INFO,IMPUTE_ZERO,nan,0,Missing fault count imputed with 0 (conservative). Missing sensor ≠ confirmed fault. WARNING: may underestimate risk on vehicles with faulty sensors.
2026-08-26T21:11:08,VH-028,2024-02-11,fault_count,MISSING_FAULT_INFO,IMPUTE_ZERO,nan,0,Missing fault count imputed with 0 (conservative). Missing sensor ≠ confirmed fault. WARNING: may underestimate risk on vehicles with faulty sensors.
2026-08-26T21:11:08,VH-028,2024-03-22,fault_count,MISSING_FAULT_INFO,IMPUTE_ZERO,nan,0,Missing fault count imputed with 0 (conservative). Missing sensor ≠ confirmed fault. WARNING: may underestimate risk on vehicles with faulty sensors.
2026-08-26T21:11:08,VH-028,2024-04-06,fault_count,MISSING_FAULT_INFO,IMPUTE_ZERO,nan,0,Missing fault count imputed with 0 (conservative). Missing sensor ≠ confirmed fault. WARNING: may underestimate risk on vehicles with faulty sensors.
2026-08-26T21:11:08,VH-028,2024-04-20,fault_count,MISSING_FAULT_INFO,IMPUTE_ZERO,nan,0,Missing fault count imputed with 0 (conservative). Missing sensor ≠ confirmed fault. WARNING: may underestimate risk on vehicles with faulty sensors.
2026-08-26T21:11:08,VH-028,2024-05-23,fault_count,MISSING_FAULT_INFO,IMPUTE_ZERO,nan,0,Missing fault count imputed with 0 (conservative). Missing sensor ≠ confirmed fault. WARNING: may underestimate risk on vehicles with faulty sensors.
2026-08-26T21:11:08,VH-028,2024-12-26,fault_count,MISSING_FAULT_INFO,IMPUTE_ZERO,nan,0,Missing fault count imputed with 0 (conservative). Missing sensor ≠ confirmed fault. WARNING: may underestimate risk on vehicles with faulty sensors.
2026-08-26T21:11:08,VH-029,2024-03-12,fault_count,MISSING_FAULT_INFO,IMPUTE_ZERO,nan,0,Missing fault count imputed with 0 (conservative). Missing sensor ≠ confirmed fault. WARNING: may underestimate risk on vehicles with faulty sensors.
2026-08-26T21:11:08,VH-029,2024-04-24,fault_count,MISSING_FAULT_INFO,IMPUTE_ZERO,nan,0,Missing fault count imputed with 0 (conservative). Missing sensor ≠ confirmed fault. WARNING: may underestimate risk on vehicles with faulty sensors.
2026-08-26T21:11:08,VH-029,2024-05-05,fault_count,MISSING_FAULT_INFO,IMPUTE_ZERO,nan,0,Missing fault count imputed with 0 (conservative). Missing sensor ≠ confirmed fault. WARNING: may underestimate risk on vehicles with faulty sensors.
2026-08-26T21:11:08,VH-029,2024-06-22,fault_count,MISSING_FAULT_INFO,IMPUTE_ZERO,nan,0,Missing fault count imputed with 0 (conservative). Missing sensor ≠ confirmed fault. WARNING: may underestimate risk on vehicles with faulty sensors.
2026-08-26T21:11:08,VH-029,2024-07-26,fault_count,MISSING_FAULT_INFO,IMPUTE_ZERO,nan,0,Missing fault count imputed with 0 (conservative). Missing sensor ≠ confirmed fault. WARNING: may underestimate risk on vehicles with faulty sensors.
2026-08-26T21:11:08,VH-029,2024-08-11,fault_count,MISSING_FAULT_INFO,IMPUTE_ZERO,nan,0,Missing fault count imputed with 0 (conservative). Missing sensor ≠ confirmed fault. WARNING: may underestimate risk on vehicles with faulty sensors.
2026-08-26T21:11:08,VH-029,2024-09-25,fault_count,MISSING_FAULT_INFO,IMPUTE_ZERO,nan,0,Missing fault count imputed with 0 (conservative). Missing sensor ≠ confirmed fault. WARNING: may underestimate risk on vehicles with faulty sensors.
2026-08-26T21:11:08,VH-029,2024-11-18,fault_count,MISSING_FAULT_INFO,IMPUTE_ZERO,nan,0,Missing fault count imputed with 0 (conservative). Missing sensor ≠ confirmed fault. WARNING: may underestimate risk on vehicles with faulty sensors.
2026-08-26T21:11:08,VH-029,2024-12-02,fault_count,MISSING_FAULT_INFO,IMPUTE_ZERO,nan,0,Missing fault count imputed with 0 (conservative). Missing sensor ≠ confirmed fault. WARNING: may underestimate risk on vehicles with faulty sensors.
2026-08-26T21:11:08,VH-030,2024-01-24,fault_count,MISSING_FAULT_INFO,IMPUTE_ZERO,nan,0,Missing fault count imputed with 0 (conservative). Missing sensor ≠ confirmed fault. WARNING: may underestimate risk on vehicles with faulty sensors.
2026-08-26T21:11:08,VH-030,2024-01-26,fault_count,MISSING_FAULT_INFO,IMPUTE_ZERO,nan,0,Missing fault count imputed with 0 (conservative). Missing sensor ≠ confirmed fault. WARNING: may underestimate risk on vehicles with faulty sensors.
2026-08-26T21:11:08,VH-030,2024-09-08,fault_count,MISSING_FAULT_INFO,IMPUTE_ZERO,nan,0,Missing fault count imputed with 0 (conservative). Missing sensor ≠ confirmed fault. WARNING: may underestimate risk on vehicles with faulty sensors.
2026-08-26T21:11:08,VH-030,2024-09-24,fault_count,MISSING_FAULT_INFO,IMPUTE_ZERO,nan,0,Missing fault count imputed with 0 (conservative). Missing sensor ≠ confirmed fault. WARNING: may underestimate risk on vehicles with faulty sensors.
2026-08-26T21:11:08,VH-030,2024-11-17,fault_count,MISSING_FAULT_INFO,IMPUTE_ZERO,nan,0,Missing fault count imputed with 0 (conservative). Missing sensor ≠ confirmed fault. WARNING: may underestimate risk on vehicles with faulty sensors.
2026-08-26T21:11:08,VH-031,2024-01-05,fault_count,MISSING_FAULT_INFO,IMPUTE_ZERO,nan,0,Missing fault count imputed with 0 (conservative). Missing sensor ≠ confirmed fault. WARNING: may underestimate risk on vehicles with faulty sensors.
2026-08-26T21:11:08,VH-031,2024-02-09,fault_count,MISSING_FAULT_INFO,IMPUTE_ZERO,nan,0,Missing fault count imputed with 0 (conservative). Missing sensor ≠ confirmed fault. WARNING: may underestimate risk on vehicles with faulty sensors.
2026-08-26T21:11:08,VH-031,2024-02-14,fault_count,MISSING_FAULT_INFO,IMPUTE_ZERO,nan,0,Missing fault count imputed with 0 (conservative). Missing sensor ≠ confirmed fault. WARNING: may underestimate risk on vehicles with faulty sensors.
2026-08-26T21:11:08,VH-031,2024-03-31,fault_count,MISSING_FAULT_INFO,IMPUTE_ZERO,nan,0,Missing fault count imputed with 0 (conservative). Missing sensor ≠ confirmed fault. WARNING: may underestimate risk on vehicles with faulty sensors.
2026-08-26T21:11:08,VH-031,2024-07-27,fault_count,MISSING_FAULT_INFO,IMPUTE_ZERO,nan,0,Missing fault count imputed with 0 (conservative). Missing sensor ≠ confirmed fault. WARNING: may underestimate risk on vehicles with faulty sensors.
2026-08-26T21:11:08,VH-031,2024-08-22,fault_count,MISSING_FAULT_INFO,IMPUTE_ZERO,nan,0,Missing fault count imputed with 0 (conservative). Missing sensor ≠ confirmed fault. WARNING: may underestimate risk on vehicles with faulty sensors.
2026-08-26T21:11:08,VH-031,2024-08-27,fault_count,MISSING_FAULT_INFO,IMPUTE_ZERO,nan,0,Missing fault count imputed with 0 (conservative). Missing sensor ≠ confirmed fault. WARNING: may underestimate risk on vehicles with faulty sensors.
2026-08-26T21:11:08,VH-031,2024-11-02,fault_count,MISSING_FAULT_INFO,IMPUTE_ZERO,nan,0,Missing fault count imputed with 0 (conservative). Missing sensor ≠ confirmed fault. WARNING: may underestimate risk on vehicles with faulty sensors.
2026-08-26T21:11:08,VH-032,2024-01-01,fault_count,MISSING_FAULT_INFO,IMPUTE_ZERO,nan,0,Missing fault count imputed with 0 (conservative). Missing sensor ≠ confirmed fault. WARNING: may underestimate risk on vehicles with faulty sensors.
2026-08-26T21:11:08,VH-032,2024-02-13,fault_count,MISSING_FAULT_INFO,IMPUTE_ZERO,nan,0,Missing fault count imputed with 0 (conservative). Missing sensor ≠ confirmed fault. WARNING: may underestimate risk on vehicles with faulty sensors.
2026-08-26T21:11:08,VH-032,2024-06-25,fault_count,MISSING_FAULT_INFO,IMPUTE_ZERO,nan,0,Missing fault count imputed with 0 (conservative). Missing sensor ≠ confirmed fault. WARNING: may underestimate risk on vehicles with faulty sensors.
2026-08-26T21:11:08,VH-032,2024-08-09,fault_count,MISSING_FAULT_INFO,IMPUTE_ZERO,nan,0,Missing fault count imputed with 0 (conservative). Missing sensor ≠ confirmed fault. WARNING: may underestimate risk on vehicles with faulty sensors.
2026-08-26T21:11:08,VH-032,2024-12-09,fault_count,MISSING_FAULT_INFO,IMPUTE_ZERO,nan,0,Missing fault count imputed with 0 (conservative). Missing sensor ≠ confirmed fault. WARNING: may underestimate risk on vehicles with faulty sensors.
2026-08-26T21:11:08,VH-032,2024-12-11,fault_count,MISSING_FAULT_INFO,IMPUTE_ZERO,nan,0,Missing fault count imputed with 0 (conservative). Missing sensor ≠ confirmed fault. WARNING: may underestimate risk on vehicles with faulty sensors.
2026-08-26T21:11:08,VH-032,2024-12-27,fault_count,MISSING_FAULT_INFO,IMPUTE_ZERO,nan,0,Missing fault count imputed with 0 (conservative). Missing sensor ≠ confirmed fault. WARNING: may underestimate risk on vehicles with faulty sensors.
2026-08-26T21:11:08,VH-033,2024-04-22,fault_count,MISSING_FAULT_INFO,IMPUTE_ZERO,nan,0,Missing fault count imputed with 0 (conservative). Missing sensor ≠ confirmed fault. WARNING: may underestimate risk on vehicles with faulty sensors.
2026-08-26T21:11:08,VH-033,2024-08-22,fault_count,MISSING_FAULT_INFO,IMPUTE_ZERO,nan,0,Missing fault count imputed with 0 (conservative). Missing sensor ≠ confirmed fault. WARNING: may underestimate risk on vehicles with faulty sensors.
2026-08-26T21:11:08,VH-033,2024-09-05,fault_count,MISSING_FAULT_INFO,IMPUTE_ZERO,nan,0,Missing fault count imputed with 0 (conservative). Missing sensor ≠ confirmed fault. WARNING: may underestimate risk on vehicles with faulty sensors.
2026-08-26T21:11:08,VH-033,2024-09-19,fault_count,MISSING_FAULT_INFO,IMPUTE_ZERO,nan,0,Missing fault count imputed with 0 (conservative). Missing sensor ≠ confirmed fault. WARNING: may underestimate risk on vehicles with faulty sensors.
2026-08-26T21:11:08,VH-033,2024-10-26,fault_count,MISSING_FAULT_INFO,IMPUTE_ZERO,nan,0,Missing fault count imputed with 0 (conservative). Missing sensor ≠ confirmed fault. WARNING: may underestimate risk on vehicles with faulty sensors.
2026-08-26T21:11:08,VH-033,2024-12-18,fault_count,MISSING_FAULT_INFO,IMPUTE_ZERO,nan,0,Missing fault count imputed with 0 (conservative). Missing sensor ≠ confirmed fault. WARNING: may underestimate risk on vehicles with faulty sensors.
2026-08-26T21:11:08,VH-034,2024-01-04,fault_count,MISSING_FAULT_INFO,IMPUTE_ZERO,nan,0,Missing fault count imputed with 0 (conservative). Missing sensor ≠ confirmed fault. WARNING: may underestimate risk on vehicles with faulty sensors.
2026-08-26T21:11:08,VH-034,2024-03-28,fault_count,MISSING_FAULT_INFO,IMPUTE_ZERO,nan,0,Missing fault count imputed with 0 (conservative). Missing sensor ≠ confirmed fault. WARNING: may underestimate risk on vehicles with faulty sensors.
2026-08-26T21:11:08,VH-034,2024-06-20,fault_count,MISSING_FAULT_INFO,IMPUTE_ZERO,nan,0,Missing fault count imputed with 0 (conservative). Missing sensor ≠ confirmed fault. WARNING: may underestimate risk on vehicles with faulty sensors.
2026-08-26T21:11:08,VH-034,2024-07-25,fault_count,MISSING_FAULT_INFO,IMPUTE_ZERO,nan,0,Missing fault count imputed with 0 (conservative). Missing sensor ≠ confirmed fault. WARNING: may underestimate risk on vehicles with faulty sensors.
2026-08-26T21:11:08,VH-034,2024-11-01,fault_count,MISSING_FAULT_INFO,IMPUTE_ZERO,nan,0,Missing fault count imputed with 0 (conservative). Missing sensor ≠ confirmed fault. WARNING: may underestimate risk on vehicles with faulty sensors.
2026-08-26T21:11:08,VH-034,2024-11-12,fault_count,MISSING_FAULT_INFO,IMPUTE_ZERO,nan,0,Missing fault count imputed with 0 (conservative). Missing sensor ≠ confirmed fault. WARNING: may underestimate risk on vehicles with faulty sensors.
2026-08-26T21:11:08,VH-034,2024-11-25,fault_count,MISSING_FAULT_INFO,IMPUTE_ZERO,nan,0,Missing fault count imputed with 0 (conservative). Missing sensor ≠ confirmed fault. WARNING: may underestimate risk on vehicles with faulty sensors.
2026-08-26T21:11:08,VH-034,2024-12-28,fault_count,MISSING_FAULT_INFO,IMPUTE_ZERO,nan,0,Missing fault count imputed with 0 (conservative). Missing sensor ≠ confirmed fault. WARNING: may underestimate risk on vehicles with faulty sensors.
2026-08-26T21:11:08,VH-035,2024-07-21,fault_count,MISSING_FAULT_INFO,IMPUTE_ZERO,nan,0,Missing fault count imputed with 0 (conservative). Missing sensor ≠ confirmed fault. WARNING: may underestimate risk on vehicles with faulty sensors.
2026-08-26T21:11:08,VH-035,2024-07-29,fault_count,MISSING_FAULT_INFO,IMPUTE_ZERO,nan,0,Missing fault count imputed with 0 (conservative). Missing sensor ≠ confirmed fault. WARNING: may underestimate risk on vehicles with faulty sensors.
2026-08-26T21:11:08,VH-035,2024-11-11,fault_count,MISSING_FAULT_INFO,IMPUTE_ZERO,nan,0,Missing fault count imputed with 0 (conservative). Missing sensor ≠ confirmed fault. WARNING: may underestimate risk on vehicles with faulty sensors.
2026-08-26T21:11:08,VH-035,2024-12-16,fault_count,MISSING_FAULT_INFO,IMPUTE_ZERO,nan,0,Missing fault count imputed with 0 (conservative). Missing sensor ≠ confirmed fault. WARNING: may underestimate risk on vehicles with faulty sensors.
2026-08-26T21:11:08,VH-036,2024-01-06,fault_count,MISSING_FAULT_INFO,IMPUTE_ZERO,nan,0,Missing fault count imputed with 0 (conservative). Missing sensor ≠ confirmed fault. WARNING: may underestimate risk on vehicles with faulty sensors.
2026-08-26T21:11:08,VH-036,2024-05-12,fault_count,MISSING_FAULT_INFO,IMPUTE_ZERO,nan,0,Missing fault count imputed with 0 (conservative). Missing sensor ≠ confirmed fault. WARNING: may underestimate risk on vehicles with faulty sensors.
2026-08-26T21:11:08,VH-036,2024-06-14,fault_count,MISSING_FAULT_INFO,IMPUTE_ZERO,nan,0,Missing fault count imputed with 0 (conservative). Missing sensor ≠ confirmed fault. WARNING: may underestimate risk on vehicles with faulty sensors.
2026-08-26T21:11:08,VH-036,2024-06-29,fault_count,MISSING_FAULT_INFO,IMPUTE_ZERO,nan,0,Missing fault count imputed with 0 (conservative). Missing sensor ≠ confirmed fault. WARNING: may underestimate risk on vehicles with faulty sensors.
2026-08-26T21:11:08,VH-036,2024-07-15,fault_count,MISSING_FAULT_INFO,IMPUTE_ZERO,nan,0,Missing fault count imputed with 0 (conservative). Missing sensor ≠ confirmed fault. WARNING: may underestimate risk on vehicles with faulty sensors.
2026-08-26T21:11:08,VH-036,2024-07-28,fault_count,MISSING_FAULT_INFO,IMPUTE_ZERO,nan,0,Missing fault count imputed with 0 (conservative). Missing sensor ≠ confirmed fault. WARNING: may underestimate risk on vehicles with faulty sensors.
2026-08-26T21:11:08,VH-036,2024-10-28,fault_count,MISSING_FAULT_INFO,IMPUTE_ZERO,nan,0,Missing fault count imputed with 0 (conservative). Missing sensor ≠ confirmed fault. WARNING: may underestimate risk on vehicles with faulty sensors.
2026-08-26T21:11:08,VH-036,2024-12-03,fault_count,MISSING_FAULT_INFO,IMPUTE_ZERO,nan,0,Missing fault count imputed with 0 (conservative). Missing sensor ≠ confirmed fault. WARNING: may underestimate risk on vehicles with faulty sensors.
2026-08-26T21:11:08,VH-036,2024-12-05,fault_count,MISSING_FAULT_INFO,IMPUTE_ZERO,nan,0,Missing fault count imputed with 0 (conservative). Missing sensor ≠ confirmed fault. WARNING: may underestimate risk on vehicles with faulty sensors.
2026-08-26T21:11:08,VH-037,2024-01-09,fault_count,MISSING_FAULT_INFO,IMPUTE_ZERO,nan,0,Missing fault count imputed with 0 (conservative). Missing sensor ≠ confirmed fault. WARNING: may underestimate risk on vehicles with faulty sensors.
2026-08-26T21:11:08,VH-037,2024-02-01,fault_count,MISSING_FAULT_INFO,IMPUTE_ZERO,nan,0,Missing fault count imputed with 0 (conservative). Missing sensor ≠ confirmed fault. WARNING: may underestimate risk on vehicles with faulty sensors.
2026-08-26T21:11:08,VH-037,2024-04-06,fault_count,MISSING_FAULT_INFO,IMPUTE_ZERO,nan,0,Missing fault count imputed with 0 (conservative). Missing sensor ≠ confirmed fault. WARNING: may underestimate risk on vehicles with faulty sensors.
2026-08-26T21:11:08,VH-037,2024-04-24,fault_count,MISSING_FAULT_INFO,IMPUTE_ZERO,nan,0,Missing fault count imputed with 0 (conservative). Missing sensor ≠ confirmed fault. WARNING: may underestimate risk on vehicles with faulty sensors.
2026-08-26T21:11:08,VH-037,2024-07-09,fault_count,MISSING_FAULT_INFO,IMPUTE_ZERO,nan,0,Missing fault count imputed with 0 (conservative). Missing sensor ≠ confirmed fault. WARNING: may underestimate risk on vehicles with faulty sensors.
2026-08-26T21:11:08,VH-037,2024-08-19,fault_count,MISSING_FAULT_INFO,IMPUTE_ZERO,nan,0,Missing fault count imputed with 0 (conservative). Missing sensor ≠ confirmed fault. WARNING: may underestimate risk on vehicles with faulty sensors.
2026-08-26T21:11:08,VH-037,2024-09-27,fault_count,MISSING_FAULT_INFO,IMPUTE_ZERO,nan,0,Missing fault count imputed with 0 (conservative). Missing sensor ≠ confirmed fault. WARNING: may underestimate risk on vehicles with faulty sensors.
2026-08-26T21:11:08,VH-037,2024-10-19,fault_count,MISSING_FAULT_INFO,IMPUTE_ZERO,nan,0,Missing fault count imputed with 0 (conservative). Missing sensor ≠ confirmed fault. WARNING: may underestimate risk on vehicles with faulty sensors.
2026-08-26T21:11:08,VH-037,2024-11-03,fault_count,MISSING_FAULT_INFO,IMPUTE_ZERO,nan,0,Missing fault count imputed with 0 (conservative). Missing sensor ≠ confirmed fault. WARNING: may underestimate risk on vehicles with faulty sensors.
2026-08-26T21:11:08,VH-037,2024-12-07,fault_count,MISSING_FAULT_INFO,IMPUTE_ZERO,nan,0,Missing fault count imputed with 0 (conservative). Missing sensor ≠ confirmed fault. WARNING: may underestimate risk on vehicles with faulty sensors.
2026-08-26T21:11:08,VH-038,2024-04-22,fault_count,MISSING_FAULT_INFO,IMPUTE_ZERO,nan,0,Missing fault count imputed with 0 (conservative). Missing sensor ≠ confirmed fault. WARNING: may underestimate risk on vehicles with faulty sensors.
2026-08-26T21:11:08,VH-038,2024-05-23,fault_count,MISSING_FAULT_INFO,IMPUTE_ZERO,nan,0,Missing fault count imputed with 0 (conservative). Missing sensor ≠ confirmed fault. WARNING: may underestimate risk on vehicles with faulty sensors.
2026-08-26T21:11:08,VH-038,2024-08-24,fault_count,MISSING_FAULT_INFO,IMPUTE_ZERO,nan,0,Missing fault count imputed with 0 (conservative). Missing sensor ≠ confirmed fault. WARNING: may underestimate risk on vehicles with faulty sensors.
2026-08-26T21:11:08,VH-038,2024-10-18,fault_count,MISSING_FAULT_INFO,IMPUTE_ZERO,nan,0,Missing fault count imputed with 0 (conservative). Missing sensor ≠ confirmed fault. WARNING: may underestimate risk on vehicles with faulty sensors.
2026-08-26T21:11:08,VH-038,2024-11-04,fault_count,MISSING_FAULT_INFO,IMPUTE_ZERO,nan,0,Missing fault count imputed with 0 (conservative). Missing sensor ≠ confirmed fault. WARNING: may underestimate risk on vehicles with faulty sensors.
2026-08-26T21:11:08,VH-038,2024-12-14,fault_count,MISSING_FAULT_INFO,IMPUTE_ZERO,nan,0,Missing fault count imputed with 0 (conservative). Missing sensor ≠ confirmed fault. WARNING: may underestimate risk on vehicles with faulty sensors.
2026-08-26T21:11:08,VH-038,2024-12-21,fault_count,MISSING_FAULT_INFO,IMPUTE_ZERO,nan,0,Missing fault count imputed with 0 (conservative). Missing sensor ≠ confirmed fault. WARNING: may underestimate risk on vehicles with faulty sensors.
2026-08-26T21:11:08,VH-039,2024-01-22,fault_count,MISSING_FAULT_INFO,IMPUTE_ZERO,nan,0,Missing fault count imputed with 0 (conservative). Missing sensor ≠ confirmed fault. WARNING: may underestimate risk on vehicles with faulty sensors.
2026-08-26T21:11:08,VH-039,2024-02-06,fault_count,MISSING_FAULT_INFO,IMPUTE_ZERO,nan,0,Missing fault count imputed with 0 (conservative). Missing sensor ≠ confirmed fault. WARNING: may underestimate risk on vehicles with faulty sensors.
2026-08-26T21:11:08,VH-039,2024-02-19,fault_count,MISSING_FAULT_INFO,IMPUTE_ZERO,nan,0,Missing fault count imputed with 0 (conservative). Missing sensor ≠ confirmed fault. WARNING: may underestimate risk on vehicles with faulty sensors.
2026-08-26T21:11:08,VH-039,2024-05-19,fault_count,MISSING_FAULT_INFO,IMPUTE_ZERO,nan,0,Missing fault count imputed with 0 (conservative). Missing sensor ≠ confirmed fault. WARNING: may underestimate risk on vehicles with faulty sensors.
2026-08-26T21:11:08,VH-039,2024-05-25,fault_count,MISSING_FAULT_INFO,IMPUTE_ZERO,nan,0,Missing fault count imputed with 0 (conservative). Missing sensor ≠ confirmed fault. WARNING: may underestimate risk on vehicles with faulty sensors.
2026-08-26T21:11:08,VH-039,2024-06-19,fault_count,MISSING_FAULT_INFO,IMPUTE_ZERO,nan,0,Missing fault count imputed with 0 (conservative). Missing sensor ≠ confirmed fault. WARNING: may underestimate risk on vehicles with faulty sensors.
2026-08-26T21:11:08,VH-039,2024-07-10,fault_count,MISSING_FAULT_INFO,IMPUTE_ZERO,nan,0,Missing fault count imputed with 0 (conservative). Missing sensor ≠ confirmed fault. WARNING: may underestimate risk on vehicles with faulty sensors.
2026-08-26T21:11:08,VH-039,2024-07-28,fault_count,MISSING_FAULT_INFO,IMPUTE_ZERO,nan,0,Missing fault count imputed with 0 (conservative). Missing sensor ≠ confirmed fault. WARNING: may underestimate risk on vehicles with faulty sensors.
2026-08-26T21:11:08,VH-039,2024-09-15,fault_count,MISSING_FAULT_INFO,IMPUTE_ZERO,nan,0,Missing fault count imputed with 0 (conservative). Missing sensor ≠ confirmed fault. WARNING: may underestimate risk on vehicles with faulty sensors.
2026-08-26T21:11:08,VH-039,2024-09-26,fault_count,MISSING_FAULT_INFO,IMPUTE_ZERO,nan,0,Missing fault count imputed with 0 (conservative). Missing sensor ≠ confirmed fault. WARNING: may underestimate risk on vehicles with faulty sensors.
2026-08-26T21:11:08,VH-039,2024-11-21,fault_count,MISSING_FAULT_INFO,IMPUTE_ZERO,nan,0,Missing fault count imputed with 0 (conservative). Missing sensor ≠ confirmed fault. WARNING: may underestimate risk on vehicles with faulty sensors.
2026-08-26T21:11:08,VH-040,2024-03-06,fault_count,MISSING_FAULT_INFO,IMPUTE_ZERO,nan,0,Missing fault count imputed with 0 (conservative). Missing sensor ≠ confirmed fault. WARNING: may underestimate risk on vehicles with faulty sensors.
2026-08-26T21:11:08,VH-040,2024-05-30,fault_count,MISSING_FAULT_INFO,IMPUTE_ZERO,nan,0,Missing fault count imputed with 0 (conservative). Missing sensor ≠ confirmed fault. WARNING: may underestimate risk on vehicles with faulty sensors.
2026-08-26T21:11:08,VH-040,2024-07-11,fault_count,MISSING_FAULT_INFO,IMPUTE_ZERO,nan,0,Missing fault count imputed with 0 (conservative). Missing sensor ≠ confirmed fault. WARNING: may underestimate risk on vehicles with faulty sensors.
2026-08-26T21:11:08,VH-040,2024-08-03,fault_count,MISSING_FAULT_INFO,IMPUTE_ZERO,nan,0,Missing fault count imputed with 0 (conservative). Missing sensor ≠ confirmed fault. WARNING: may underestimate risk on vehicles with faulty sensors.
2026-08-26T21:11:08,VH-040,2024-09-11,fault_count,MISSING_FAULT_INFO,IMPUTE_ZERO,nan,0,Missing fault count imputed with 0 (conservative). Missing sensor ≠ confirmed fault. WARNING: may underestimate risk on vehicles with faulty sensors.
2026-08-26T21:11:08,VH-040,2024-11-11,fault_count,MISSING_FAULT_INFO,IMPUTE_ZERO,nan,0,Missing fault count imputed with 0 (conservative). Missing sensor ≠ confirmed fault. WARNING: may underestimate risk on vehicles with faulty sensors.
2026-08-26T21:11:08,VH-001,2024-02-24,cumulative_mileage_km,INVALID_MILEAGE,RECOMPUTE_FROM_PREV_PLUS_DAILY,47765.60053514021,48042.73,Cumulative mileage decreased from 48003.5 to 47765.6 km. Recomputed as prev(48003.5) + daily(39.2) = 48042.7.
2026-08-26T21:11:08,VH-001,2024-03-01,cumulative_mileage_km,INVALID_MILEAGE,RECOMPUTE_FROM_PREV_PLUS_DAILY,47833.83355756983,48284.0,Cumulative mileage decreased from 48238.3 to 47833.8 km. Recomputed as prev(48238.3) + daily(45.7) = 48284.0.
2026-08-26T21:11:08,VH-001,2024-04-18,cumulative_mileage_km,INVALID_MILEAGE,RECOMPUTE_FROM_PREV_PLUS_DAILY,50001.60771575631,50369.88,Cumulative mileage decreased from 50303.6 to 50001.6 km. Recomputed as prev(50303.6) + daily(66.3) = 50369.9.
2026-08-26T21:11:08,VH-001,2024-07-19,cumulative_mileage_km,INVALID_MILEAGE,RECOMPUTE_FROM_PREV_PLUS_DAILY,54045.11150889642,54508.24,Cumulative mileage decreased from 54470.0 to 54045.1 km. Recomputed as prev(54470.0) + daily(38.3) = 54508.2.
2026-08-26T21:11:08,VH-001,2024-07-21,cumulative_mileage_km,INVALID_MILEAGE,RECOMPUTE_FROM_PREV_PLUS_DAILY,54434.91736447785,54596.58,Cumulative mileage decreased from 54570.3 to 54434.9 km. Recomputed as prev(54570.3) + daily(26.3) = 54596.6.
2026-08-26T21:11:08,VH-001,2024-10-10,cumulative_mileage_km,INVALID_MILEAGE,RECOMPUTE_FROM_PREV_PLUS_DAILY,57627.17057436189,58120.86,Cumulative mileage decreased from 58096.0 to 57627.2 km. Recomputed as prev(58096.0) + daily(24.9) = 58120.9.
2026-08-26T21:11:08,VH-001,2024-10-21,cumulative_mileage_km,INVALID_MILEAGE,RECOMPUTE_FROM_PREV_PLUS_DAILY,58224.84955921383,58620.02,Cumulative mileage decreased from 58577.6 to 58224.8 km. Recomputed as prev(58577.6) + daily(42.4) = 58620.0.
2026-08-26T21:11:08,VH-002,2024-06-19,cumulative_mileage_km,INVALID_MILEAGE,RECOMPUTE_FROM_PREV_PLUS_DAILY,65586.02555185441,65988.01,Cumulative mileage decreased from 65832.9 to 65586.0 km. Recomputed as prev(65832.9) + daily(155.1) = 65988.0.
2026-08-26T21:11:08,VH-002,2024-11-18,cumulative_mileage_km,INVALID_MILEAGE,RECOMPUTE_FROM_PREV_PLUS_DAILY,91916.66272832148,92053.02,Cumulative mileage decreased from 91961.5 to 91916.7 km. Recomputed as prev(91961.5) + daily(91.5) = 92053.0.
2026-08-26T21:11:08,VH-002,2024-11-23,cumulative_mileage_km,INVALID_MILEAGE,RECOMPUTE_FROM_PREV_PLUS_DAILY,92690.56177705372,92875.22,Cumulative mileage decreased from 92692.8 to 92690.6 km. Recomputed as prev(92692.8) + daily(182.4) = 92875.2.
2026-08-26T21:11:08,VH-003,2024-01-08,cumulative_mileage_km,INVALID_MILEAGE,RECOMPUTE_FROM_PREV_PLUS_DAILY,13553.3163693577,13683.53,Cumulative mileage decreased from 13631.0 to 13553.3 km. Recomputed as prev(13631.0) + daily(52.5) = 13683.5.
2026-08-26T21:11:08,VH-003,2024-05-24,cumulative_mileage_km,INVALID_MILEAGE,RECOMPUTE_FROM_PREV_PLUS_DAILY,19546.799639558158,19746.61,Cumulative mileage decreased from 19707.5 to 19546.8 km. Recomputed as prev(19707.5) + daily(39.1) = 19746.6.
2026-08-26T21:11:08,VH-003,2024-07-31,cumulative_mileage_km,INVALID_MILEAGE,RECOMPUTE_FROM_PREV_PLUS_DAILY,22634.168525667665,22783.61,Cumulative mileage decreased from 22730.1 to 22634.2 km. Recomputed as prev(22730.1) + daily(53.5) = 22783.6.
2026-08-26T21:11:08,VH-003,2024-10-07,cumulative_mileage_km,INVALID_MILEAGE,RECOMPUTE_FROM_PREV_PLUS_DAILY,25418.96629123179,25848.75,Cumulative mileage decreased from 25803.8 to 25419.0 km. Recomputed as prev(25803.8) + daily(45.0) = 25848.8.
2026-08-26T21:11:08,VH-004,2024-02-21,cumulative_mileage_km,INVALID_MILEAGE,RECOMPUTE_FROM_PREV_PLUS_DAILY,51305.668935679845,51569.29,Cumulative mileage decreased from 51514.4 to 51305.7 km. Recomputed as prev(51514.4) + daily(54.9) = 51569.3.
2026-08-26T21:11:08,VH-004,2024-02-25,cumulative_mileage_km,INVALID_MILEAGE,RECOMPUTE_FROM_PREV_PLUS_DAILY,51447.846966183904,51805.92,Cumulative mileage decreased from 51750.2 to 51447.8 km. Recomputed as prev(51750.2) + daily(55.7) = 51805.9.
2026-08-26T21:11:08,VH-004,2024-04-01,cumulative_mileage_km,INVALID_MILEAGE,RECOMPUTE_FROM_PREV_PLUS_DAILY,53723.823862136654,53952.09,Cumulative mileage decreased from 53896.0 to 53723.8 km. Recomputed as prev(53896.0) + daily(56.1) = 53952.1.
2026-08-26T21:11:08,VH-004,2024-04-06,cumulative_mileage_km,INVALID_MILEAGE,RECOMPUTE_FROM_PREV_PLUS_DAILY,53891.198986900046,54270.67,Cumulative mileage decreased from 54198.1 to 53891.2 km. Recomputed as prev(54198.1) + daily(72.6) = 54270.7.
2026-08-26T21:11:08,VH-004,2024-08-02,cumulative_mileage_km,INVALID_MILEAGE,RECOMPUTE_FROM_PREV_PLUS_DAILY,60941.86798275896,61205.15,Cumulative mileage decreased from 61168.7 to 60941.9 km. Recomputed as prev(61168.7) + daily(36.4) = 61205.2.
2026-08-26T21:11:08,VH-006,2024-02-02,cumulative_mileage_km,INVALID_MILEAGE,RECOMPUTE_FROM_PREV_PLUS_DAILY,38054.33585845589,38347.7,Cumulative mileage decreased from 38283.7 to 38054.3 km. Recomputed as prev(38283.7) + daily(64.0) = 38347.7.
2026-08-26T21:11:08,VH-007,2024-03-30,cumulative_mileage_km,INVALID_MILEAGE,RECOMPUTE_FROM_PREV_PLUS_DAILY,26180.65534342735,26609.68,Cumulative mileage decreased from 26546.2 to 26180.7 km. Recomputed as prev(26546.2) + daily(63.5) = 26609.7.
2026-08-26T21:11:08,VH-007,2024-04-05,cumulative_mileage_km,INVALID_MILEAGE,RECOMPUTE_FROM_PREV_PLUS_DAILY,26699.361762776585,26873.99,Cumulative mileage decreased from 26843.4 to 26699.4 km. Recomputed as prev(26843.4) + daily(30.6) = 26874.0.
2026-08-26T21:11:08,VH-007,2024-08-20,cumulative_mileage_km,INVALID_MILEAGE,RECOMPUTE_FROM_PREV_PLUS_DAILY,32901.699273161066,33163.58,Cumulative mileage decreased from 33120.2 to 32901.7 km. Recomputed as prev(33120.2) + daily(43.3) = 33163.6.
2026-08-26T21:11:08,VH-007,2024-09-09,cumulative_mileage_km,INVALID_MILEAGE,RECOMPUTE_FROM_PREV_PLUS_DAILY,33620.91664793578,33981.77,Cumulative mileage decreased from 33936.2 to 33620.9 km. Recomputed as prev(33936.2) + daily(45.5) = 33981.8.
2026-08-26T21:11:08,VH-007,2024-09-18,cumulative_mileage_km,INVALID_MILEAGE,RECOMPUTE_FROM_PREV_PLUS_DAILY,34279.97903035332,34410.74,Cumulative mileage decreased from 34355.6 to 34280.0 km. Recomputed as prev(34355.6) + daily(55.1) = 34410.7.
2026-08-26T21:11:08,VH-008,2024-01-25,cumulative_mileage_km,INVALID_MILEAGE,RECOMPUTE_FROM_PREV_PLUS_DAILY,14342.4603337885,14738.99,Cumulative mileage decreased from 14704.8 to 14342.5 km. Recomputed as prev(14704.8) + daily(34.2) = 14739.0.
2026-08-26T21:11:08,VH-008,2024-04-23,cumulative_mileage_km,INVALID_MILEAGE,RECOMPUTE_FROM_PREV_PLUS_DAILY,18269.585307591224,18746.26,Cumulative mileage decreased from 18689.9 to 18269.6 km. Recomputed as prev(18689.9) + daily(56.3) = 18746.3.
2026-08-26T21:11:08,VH-008,2024-12-28,cumulative_mileage_km,INVALID_MILEAGE,RECOMPUTE_FROM_PREV_PLUS_DAILY,29798.20034060217,30075.72,Cumulative mileage decreased from 30034.9 to 29798.2 km. Recomputed as prev(30034.9) + daily(40.8) = 30075.7.
2026-08-26T21:11:08,VH-009,2024-02-15,cumulative_mileage_km,INVALID_MILEAGE,RECOMPUTE_FROM_PREV_PLUS_DAILY,12438.800717785514,12907.5,Cumulative mileage decreased from 12754.6 to 12438.8 km. Recomputed as prev(12754.6) + daily(152.9) = 12907.5.
2026-08-26T21:11:08,VH-009,2024-04-03,cumulative_mileage_km,INVALID_MILEAGE,RECOMPUTE_FROM_PREV_PLUS_DAILY,21412.813613195856,21772.52,Cumulative mileage decreased from 21556.6 to 21412.8 km. Recomputed as prev(21556.6) + daily(215.9) = 21772.5.
2026-08-26T21:11:08,VH-009,2024-05-07,cumulative_mileage_km,INVALID_MILEAGE,RECOMPUTE_FROM_PREV_PLUS_DAILY,28029.04475171066,28311.92,Cumulative mileage decreased from 28128.9 to 28029.0 km. Recomputed as prev(28128.9) + daily(183.0) = 28311.9.
2026-08-26T21:11:08,VH-009,2024-07-04,cumulative_mileage_km,INVALID_MILEAGE,RECOMPUTE_FROM_PREV_PLUS_DAILY,38660.49244585314,39093.51,Cumulative mileage decreased from 38961.6 to 38660.5 km. Recomputed as prev(38961.6) + daily(131.9) = 39093.5.
2026-08-26T21:11:08,VH-010,2024-09-21,cumulative_mileage_km,INVALID_MILEAGE,RECOMPUTE_FROM_PREV_PLUS_DAILY,93454.9642928543,93676.23,Cumulative mileage decreased from 93480.2 to 93455.0 km. Recomputed as prev(93480.2) + daily(196.1) = 93676.2.
2026-08-26T21:11:08,VH-010,2024-09-24,cumulative_mileage_km,INVALID_MILEAGE,RECOMPUTE_FROM_PREV_PLUS_DAILY,93838.47629737968,94196.27,Cumulative mileage decreased from 94058.9 to 93838.5 km. Recomputed as prev(94058.9) + daily(137.3) = 94196.3.
2026-08-26T21:11:08,VH-011,2024-01-26,cumulative_mileage_km,INVALID_MILEAGE,RECOMPUTE_FROM_PREV_PLUS_DAILY,27391.135996891306,27694.33,Cumulative mileage decreased from 27454.3 to 27391.1 km. Recomputed as prev(27454.3) + daily(240.0) = 27694.3.
2026-08-26T21:11:08,VH-011,2024-04-29,cumulative_mileage_km,INVALID_MILEAGE,RECOMPUTE_FROM_PREV_PLUS_DAILY,44138.1615166956,44481.1,Cumulative mileage decreased from 44298.5 to 44138.2 km. Recomputed as prev(44298.5) + daily(182.6) = 44481.1.
2026-08-26T21:11:08,VH-011,2024-08-25,cumulative_mileage_km,INVALID_MILEAGE,RECOMPUTE_FROM_PREV_PLUS_DAILY,65497.61639126313,65789.07,Cumulative mileage decreased from 65574.3 to 65497.6 km. Recomputed as prev(65574.3) + daily(214.7) = 65789.1.
2026-08-26T21:11:08,VH-011,2024-09-22,cumulative_mileage_km,INVALID_MILEAGE,RECOMPUTE_FROM_PREV_PLUS_DAILY,70489.38172430014,70910.66,Cumulative mileage decreased from 70795.2 to 70489.4 km. Recomputed as prev(70795.2) + daily(115.4) = 70910.7.
2026-08-26T21:11:08,VH-012,2024-01-05,cumulative_mileage_km,INVALID_MILEAGE,RECOMPUTE_FROM_PREV_PLUS_DAILY,10229.709299722805,10595.77,Cumulative mileage decreased from 10524.3 to 10229.7 km. Recomputed as prev(10524.3) + daily(71.4) = 10595.8.
2026-08-26T21:11:08,VH-012,2024-05-13,cumulative_mileage_km,INVALID_MILEAGE,RECOMPUTE_FROM_PREV_PLUS_DAILY,20562.927065520413,20830.15,Cumulative mileage decreased from 20755.2 to 20562.9 km. Recomputed as prev(20755.2) + daily(75.0) = 20830.2.
2026-08-26T21:11:08,VH-012,2024-07-26,cumulative_mileage_km,INVALID_MILEAGE,RECOMPUTE_FROM_PREV_PLUS_DAILY,26859.03631577264,26991.1,Cumulative mileage decreased from 26933.9 to 26859.0 km. Recomputed as prev(26933.9) + daily(57.2) = 26991.1.
2026-08-26T21:11:08,VH-013,2024-08-20,cumulative_mileage_km,INVALID_MILEAGE,RECOMPUTE_FROM_PREV_PLUS_DAILY,29124.814313372637,29347.26,Cumulative mileage decreased from 29283.8 to 29124.8 km. Recomputed as prev(29283.8) + daily(63.4) = 29347.3.
2026-08-26T21:11:08,VH-014,2024-03-12,cumulative_mileage_km,INVALID_MILEAGE,RECOMPUTE_FROM_PREV_PLUS_DAILY,31907.111812336087,32290.79,Cumulative mileage decreased from 32243.6 to 31907.1 km. Recomputed as prev(32243.6) + daily(47.2) = 32290.8.
2026-08-26T21:11:09,VH-015,2024-02-18,cumulative_mileage_km,INVALID_MILEAGE,RECOMPUTE_FROM_PREV_PLUS_DAILY,17907.730481816117,18295.69,Cumulative mileage decreased from 18034.5 to 17907.7 km. Recomputed as prev(18034.5) + daily(261.2) = 18295.7.
2026-08-26T21:11:09,VH-015,2024-07-16,cumulative_mileage_km,INVALID_MILEAGE,RECOMPUTE_FROM_PREV_PLUS_DAILY,43950.29450107116,44168.42,Cumulative mileage decreased from 43955.5 to 43950.3 km. Recomputed as prev(43955.5) + daily(212.9) = 44168.4.
2026-08-26T21:11:09,VH-016,2024-03-01,cumulative_mileage_km,INVALID_MILEAGE,RECOMPUTE_FROM_PREV_PLUS_DAILY,53384.28743862842,53540.78,Cumulative mileage decreased from 53422.1 to 53384.3 km. Recomputed as prev(53422.1) + daily(118.7) = 53540.8.
2026-08-26T21:11:09,VH-016,2024-06-17,cumulative_mileage_km,INVALID_MILEAGE,RECOMPUTE_FROM_PREV_PLUS_DAILY,72500.88971207137,72745.0,Cumulative mileage decreased from 72583.8 to 72500.9 km. Recomputed as prev(72583.8) + daily(161.2) = 72745.0.
2026-08-26T21:11:09,VH-016,2024-08-14,cumulative_mileage_km,INVALID_MILEAGE,RECOMPUTE_FROM_PREV_PLUS_DAILY,82685.31925903715,83022.75,Cumulative mileage decreased from 82813.2 to 82685.3 km. Recomputed as prev(82813.2) + daily(209.6) = 83022.8.
2026-08-26T21:11:09,VH-016,2024-12-17,cumulative_mileage_km,INVALID_MILEAGE,RECOMPUTE_FROM_PREV_PLUS_DAILY,103494.79799800878,103859.86,Cumulative mileage decreased from 103663.6 to 103494.8 km. Recomputed as prev(103663.6) + daily(196.3) = 103859.9.
2026-08-26T21:11:09,VH-017,2024-02-01,cumulative_mileage_km,INVALID_MILEAGE,RECOMPUTE_FROM_PREV_PLUS_DAILY,39471.431315512586,39939.96,Cumulative mileage decreased from 39874.5 to 39471.4 km. Recomputed as prev(39874.5) + daily(65.5) = 39940.0.
2026-08-26T21:11:09,VH-017,2024-10-24,cumulative_mileage_km,INVALID_MILEAGE,RECOMPUTE_FROM_PREV_PLUS_DAILY,55880.79510591284,56316.33,Cumulative mileage decreased from 56232.6 to 55880.8 km. Recomputed as prev(56232.6) + daily(83.8) = 56316.3.
2026-08-26T21:11:09,VH-017,2024-11-21,cumulative_mileage_km,INVALID_MILEAGE,RECOMPUTE_FROM_PREV_PLUS_DAILY,57429.994902423176,57831.95,Cumulative mileage decreased from 57788.8 to 57430.0 km. Recomputed as prev(57788.8) + daily(43.2) = 57831.9.
2026-08-26T21:11:09,VH-018,2024-03-25,cumulative_mileage_km,INVALID_MILEAGE,RECOMPUTE_FROM_PREV_PLUS_DAILY,50627.02951749132,50998.62,Cumulative mileage decreased from 50745.4 to 50627.0 km. Recomputed as prev(50745.4) + daily(253.2) = 50998.6.
2026-08-26T21:11:09,VH-018,2024-07-13,cumulative_mileage_km,INVALID_MILEAGE,RECOMPUTE_FROM_PREV_PLUS_DAILY,70043.20152453838,70303.02,Cumulative mileage decreased from 70229.6 to 70043.2 km. Recomputed as prev(70229.6) + daily(73.4) = 70303.0.
2026-08-26T21:11:09,VH-018,2024-11-07,cumulative_mileage_km,INVALID_MILEAGE,RECOMPUTE_FROM_PREV_PLUS_DAILY,90221.79684394908,90633.71,Cumulative mileage decreased from 90471.0 to 90221.8 km. Recomputed as prev(90471.0) + daily(162.7) = 90633.7.
2026-08-26T21:11:09,VH-019,2024-03-02,cumulative_mileage_km,INVALID_MILEAGE,RECOMPUTE_FROM_PREV_PLUS_DAILY,24320.056723706708,24458.41,Cumulative mileage decreased from 24410.4 to 24320.1 km. Recomputed as prev(24410.4) + daily(48.0) = 24458.4.
2026-08-26T21:11:09,VH-019,2024-04-06,cumulative_mileage_km,INVALID_MILEAGE,RECOMPUTE_FROM_PREV_PLUS_DAILY,25673.28641750884,25991.68,Cumulative mileage decreased from 25941.8 to 25673.3 km. Recomputed as prev(25941.8) + daily(49.8) = 25991.7.
2026-08-26T21:11:09,VH-020,2024-03-27,cumulative_mileage_km,INVALID_MILEAGE,RECOMPUTE_FROM_PREV_PLUS_DAILY,36419.72502878577,36698.23,Cumulative mileage decreased from 36634.6 to 36419.7 km. Recomputed as prev(36634.6) + daily(63.7) = 36698.2.
2026-08-26T21:11:09,VH-020,2024-04-15,cumulative_mileage_km,INVALID_MILEAGE,RECOMPUTE_FROM_PREV_PLUS_DAILY,37524.60993391234,37785.94,Cumulative mileage decreased from 37750.8 to 37524.6 km. Recomputed as prev(37750.8) + daily(35.2) = 37785.9.
2026-08-26T21:11:09,VH-021,2024-01-10,cumulative_mileage_km,INVALID_MILEAGE,RECOMPUTE_FROM_PREV_PLUS_DAILY,29232.69430373994,29677.16,Cumulative mileage decreased from 29622.6 to 29232.7 km. Recomputed as prev(29622.6) + daily(54.5) = 29677.2.
2026-08-26T21:11:09,VH-021,2024-01-11,cumulative_mileage_km,INVALID_MILEAGE,RECOMPUTE_FROM_PREV_PLUS_DAILY,29272.29370943887,29730.68,Cumulative mileage decreased from 29677.2 to 29272.3 km. Recomputed as prev(29677.2) + daily(53.5) = 29730.7.
2026-08-26T21:11:09,VH-021,2024-06-18,cumulative_mileage_km,INVALID_MILEAGE,RECOMPUTE_FROM_PREV_PLUS_DAILY,36571.23559102457,36719.79,Cumulative mileage decreased from 36671.3 to 36571.2 km. Recomputed as prev(36671.3) + daily(48.5) = 36719.8.
2026-08-26T21:11:09,VH-021,2024-11-16,cumulative_mileage_km,INVALID_MILEAGE,RECOMPUTE_FROM_PREV_PLUS_DAILY,43214.22695178861,43404.98,Cumulative mileage decreased from 43351.8 to 43214.2 km. Recomputed as prev(43351.8) + daily(53.1) = 43405.0.
2026-08-26T21:11:09,VH-022,2024-05-27,cumulative_mileage_km,INVALID_MILEAGE,RECOMPUTE_FROM_PREV_PLUS_DAILY,59083.6413948099,59400.42,Cumulative mileage decreased from 59291.0 to 59083.6 km. Recomputed as prev(59291.0) + daily(109.4) = 59400.4.
2026-08-26T21:11:09,VH-023,2024-02-06,cumulative_mileage_km,INVALID_MILEAGE,RECOMPUTE_FROM_PREV_PLUS_DAILY,6665.843102401265,7134.37,Cumulative mileage decreased from 7054.3 to 6665.8 km. Recomputed as prev(7054.3) + daily(80.1) = 7134.4.
2026-08-26T21:11:09,VH-023,2024-04-06,cumulative_mileage_km,INVALID_MILEAGE,RECOMPUTE_FROM_PREV_PLUS_DAILY,11565.885651558212,12031.7,Cumulative mileage decreased from 11943.8 to 11565.9 km. Recomputed as prev(11943.8) + daily(87.9) = 12031.7.
2026-08-26T21:11:09,VH-023,2024-06-16,cumulative_mileage_km,INVALID_MILEAGE,RECOMPUTE_FROM_PREV_PLUS_DAILY,17496.6694395076,17993.68,Cumulative mileage decreased from 17894.4 to 17496.7 km. Recomputed as prev(17894.4) + daily(99.3) = 17993.7.
2026-08-26T21:11:09,VH-023,2024-07-22,cumulative_mileage_km,INVALID_MILEAGE,RECOMPUTE_FROM_PREV_PLUS_DAILY,20486.738253326035,20925.29,Cumulative mileage decreased from 20825.0 to 20486.7 km. Recomputed as prev(20825.0) + daily(100.3) = 20925.3.
2026-08-26T21:11:09,VH-024,2024-02-13,cumulative_mileage_km,INVALID_MILEAGE,RECOMPUTE_FROM_PREV_PLUS_DAILY,22530.32652682677,22673.85,Cumulative mileage decreased from 22631.7 to 22530.3 km. Recomputed as prev(22631.7) + daily(42.2) = 22673.8.
2026-08-26T21:11:09,VH-024,2024-04-01,cumulative_mileage_km,INVALID_MILEAGE,RECOMPUTE_FROM_PREV_PLUS_DAILY,24628.619158569418,24841.96,Cumulative mileage decreased from 24792.0 to 24628.6 km. Recomputed as prev(24792.0) + daily(50.0) = 24842.0.
2026-08-26T21:11:09,VH-024,2024-09-19,cumulative_mileage_km,INVALID_MILEAGE,RECOMPUTE_FROM_PREV_PLUS_DAILY,32259.992091259952,32480.75,Cumulative mileage decreased from 32430.0 to 32260.0 km. Recomputed as prev(32430.0) + daily(50.7) = 32480.8.
2026-08-26T21:11:09,VH-025,2024-02-25,cumulative_mileage_km,INVALID_MILEAGE,RECOMPUTE_FROM_PREV_PLUS_DAILY,4280.8805650177765,4646.62,Cumulative mileage decreased from 4604.0 to 4280.9 km. Recomputed as prev(4604.0) + daily(42.7) = 4646.6.
2026-08-26T21:11:09,VH-025,2024-05-03,cumulative_mileage_km,INVALID_MILEAGE,RECOMPUTE_FROM_PREV_PLUS_DAILY,7509.930926380216,7831.36,Cumulative mileage decreased from 7778.0 to 7509.9 km. Recomputed as prev(7778.0) + daily(53.4) = 7831.4.
2026-08-26T21:11:09,VH-025,2024-08-01,cumulative_mileage_km,INVALID_MILEAGE,RECOMPUTE_FROM_PREV_PLUS_DAILY,11650.833287166915,11812.39,Cumulative mileage decreased from 11751.8 to 11650.8 km. Recomputed as prev(11751.8) + daily(60.6) = 11812.4.
2026-08-26T21:11:09,VH-025,2024-09-06,cumulative_mileage_km,INVALID_MILEAGE,RECOMPUTE_FROM_PREV_PLUS_DAILY,12997.552536564932,13461.06,Cumulative mileage decreased from 13421.8 to 12997.6 km. Recomputed as prev(13421.8) + daily(39.2) = 13461.1.
2026-08-26T21:11:09,VH-025,2024-11-15,cumulative_mileage_km,INVALID_MILEAGE,RECOMPUTE_FROM_PREV_PLUS_DAILY,16395.149423415005,16504.0,Cumulative mileage decreased from 16462.3 to 16395.1 km. Recomputed as prev(16462.3) + daily(41.6) = 16504.0.
2026-08-26T21:11:09,VH-026,2024-01-28,cumulative_mileage_km,INVALID_MILEAGE,RECOMPUTE_FROM_PREV_PLUS_DAILY,29482.45267123938,29739.68,Cumulative mileage decreased from 29557.5 to 29482.5 km. Recomputed as prev(29557.5) + daily(182.2) = 29739.7.
2026-08-26T21:11:09,VH-026,2024-02-28,cumulative_mileage_km,INVALID_MILEAGE,RECOMPUTE_FROM_PREV_PLUS_DAILY,34911.426127989216,35229.63,Cumulative mileage decreased from 35017.3 to 34911.4 km. Recomputed as prev(35017.3) + daily(212.3) = 35229.6.
2026-08-26T21:11:09,VH-026,2024-03-05,cumulative_mileage_km,INVALID_MILEAGE,RECOMPUTE_FROM_PREV_PLUS_DAILY,36170.095443394006,36438.48,Cumulative mileage decreased from 36227.6 to 36170.1 km. Recomputed as prev(36227.6) + daily(210.9) = 36438.5.
2026-08-26T21:11:09,VH-026,2024-03-14,cumulative_mileage_km,INVALID_MILEAGE,RECOMPUTE_FROM_PREV_PLUS_DAILY,37457.23777342383,37798.34,Cumulative mileage decreased from 37637.9 to 37457.2 km. Recomputed as prev(37637.9) + daily(160.4) = 37798.3.
2026-08-26T21:11:09,VH-026,2024-12-30,cumulative_mileage_km,INVALID_MILEAGE,RECOMPUTE_FROM_PREV_PLUS_DAILY,88707.37670247076,89182.76,Cumulative mileage decreased from 89052.4 to 88707.4 km. Recomputed as prev(89052.4) + daily(130.3) = 89182.8.
2026-08-26T21:11:09,VH-027,2024-02-04,cumulative_mileage_km,INVALID_MILEAGE,RECOMPUTE_FROM_PREV_PLUS_DAILY,22284.54524908581,22757.48,Cumulative mileage decreased from 22525.0 to 22284.5 km. Recomputed as prev(22525.0) + daily(232.5) = 22757.5.
2026-08-26T21:11:09,VH-028,2024-01-07,cumulative_mileage_km,INVALID_MILEAGE,RECOMPUTE_FROM_PREV_PLUS_DAILY,8169.521111275922,8404.56,Cumulative mileage decreased from 8313.4 to 8169.5 km. Recomputed as prev(8313.4) + daily(91.2) = 8404.6.
2026-08-26T21:11:09,VH-028,2024-03-13,cumulative_mileage_km,INVALID_MILEAGE,RECOMPUTE_FROM_PREV_PLUS_DAILY,20000.08756611368,20343.64,Cumulative mileage decreased from 20161.8 to 20000.1 km. Recomputed as prev(20161.8) + daily(181.8) = 20343.6.
2026-08-26T21:11:09,VH-028,2024-09-07,cumulative_mileage_km,INVALID_MILEAGE,RECOMPUTE_FROM_PREV_PLUS_DAILY,52604.20517238247,52866.46,Cumulative mileage decreased from 52719.1 to 52604.2 km. Recomputed as prev(52719.1) + daily(147.4) = 52866.5.
2026-08-26T21:11:09,VH-029,2024-01-20,cumulative_mileage_km,INVALID_MILEAGE,RECOMPUTE_FROM_PREV_PLUS_DAILY,8571.712338322346,8986.06,Cumulative mileage decreased from 8821.3 to 8571.7 km. Recomputed as prev(8821.3) + daily(164.8) = 8986.1.
2026-08-26T21:11:09,VH-029,2024-05-31,cumulative_mileage_km,INVALID_MILEAGE,RECOMPUTE_FROM_PREV_PLUS_DAILY,32740.90989520861,32983.83,Cumulative mileage decreased from 32772.9 to 32740.9 km. Recomputed as prev(32772.9) + daily(210.9) = 32983.8.
2026-08-26T21:11:09,VH-029,2024-08-16,cumulative_mileage_km,INVALID_MILEAGE,RECOMPUTE_FROM_PREV_PLUS_DAILY,46314.78230234746,46715.53,Cumulative mileage decreased from 46587.4 to 46314.8 km. Recomputed as prev(46587.4) + daily(128.1) = 46715.5.
2026-08-26T21:11:09,VH-030,2024-02-07,cumulative_mileage_km,INVALID_MILEAGE,RECOMPUTE_FROM_PREV_PLUS_DAILY,31475.15613930356,31729.94,Cumulative mileage decreased from 31656.7 to 31475.2 km. Recomputed as prev(31656.7) + daily(73.3) = 31729.9.
2026-08-26T21:11:09,VH-030,2024-05-04,cumulative_mileage_km,INVALID_MILEAGE,RECOMPUTE_FROM_PREV_PLUS_DAILY,36593.30411073852,36792.63,Cumulative mileage decreased from 36716.1 to 36593.3 km. Recomputed as prev(36716.1) + daily(76.5) = 36792.6.
2026-08-26T21:11:09,VH-030,2024-10-15,cumulative_mileage_km,INVALID_MILEAGE,RECOMPUTE_FROM_PREV_PLUS_DAILY,46523.12420260652,46647.17,Cumulative mileage decreased from 46553.5 to 46523.1 km. Recomputed as prev(46553.5) + daily(93.7) = 46647.2.
2026-08-26T21:11:09,VH-031,2024-01-15,cumulative_mileage_km,INVALID_MILEAGE,RECOMPUTE_FROM_PREV_PLUS_DAILY,9297.673355970765,9422.02,Cumulative mileage decreased from 9380.1 to 9297.7 km. Recomputed as prev(9380.1) + daily(41.9) = 9422.0.
2026-08-26T21:11:09,VH-031,2024-01-26,cumulative_mileage_km,INVALID_MILEAGE,RECOMPUTE_FROM_PREV_PLUS_DAILY,9824.562161047195,10061.54,Cumulative mileage decreased from 10003.4 to 9824.6 km. Recomputed as prev(10003.4) + daily(58.1) = 10061.5.
2026-08-26T21:11:10,VH-032,2024-01-20,cumulative_mileage_km,INVALID_MILEAGE,RECOMPUTE_FROM_PREV_PLUS_DAILY,47532.47038610013,47887.98,Cumulative mileage decreased from 47799.9 to 47532.5 km. Recomputed as prev(47799.9) + daily(88.0) = 47888.0.
2026-08-26T21:11:10,VH-032,2024-03-13,cumulative_mileage_km,INVALID_MILEAGE,RECOMPUTE_FROM_PREV_PLUS_DAILY,51848.57435311496,52264.7,Cumulative mileage decreased from 52210.4 to 51848.6 km. Recomputed as prev(52210.4) + daily(54.2) = 52264.7.
2026-08-26T21:11:10,VH-033,2024-04-06,cumulative_mileage_km,INVALID_MILEAGE,RECOMPUTE_FROM_PREV_PLUS_DAILY,46455.72947466968,46896.33,Cumulative mileage decreased from 46740.5 to 46455.7 km. Recomputed as prev(46740.5) + daily(155.9) = 46896.3.
2026-08-26T21:11:10,VH-033,2024-08-20,cumulative_mileage_km,INVALID_MILEAGE,RECOMPUTE_FROM_PREV_PLUS_DAILY,71089.68102766528,71331.18,Cumulative mileage decreased from 71151.8 to 71089.7 km. Recomputed as prev(71151.8) + daily(179.4) = 71331.2.
2026-08-26T21:11:10,VH-034,2024-07-10,cumulative_mileage_km,INVALID_MILEAGE,RECOMPUTE_FROM_PREV_PLUS_DAILY,51468.30946916119,51708.56,Cumulative mileage decreased from 51520.9 to 51468.3 km. Recomputed as prev(51520.9) + daily(187.6) = 51708.6.
2026-08-26T21:11:10,VH-035,2024-01-08,cumulative_mileage_km,INVALID_MILEAGE,RECOMPUTE_FROM_PREV_PLUS_DAILY,30440.48378522465,30925.5,Cumulative mileage decreased from 30724.1 to 30440.5 km. Recomputed as prev(30724.1) + daily(201.4) = 30925.5.
2026-08-26T21:11:10,VH-035,2024-05-29,cumulative_mileage_km,INVALID_MILEAGE,RECOMPUTE_FROM_PREV_PLUS_DAILY,56036.74276616999,56171.25,Cumulative mileage decreased from 56056.1 to 56036.7 km. Recomputed as prev(56056.1) + daily(115.1) = 56171.2.
2026-08-26T21:11:10,VH-035,2024-07-27,cumulative_mileage_km,INVALID_MILEAGE,RECOMPUTE_FROM_PREV_PLUS_DAILY,66602.65908053314,66860.23,Cumulative mileage decreased from 66662.9 to 66602.7 km. Recomputed as prev(66662.9) + daily(197.3) = 66860.2.
2026-08-26T21:11:10,VH-035,2024-08-06,cumulative_mileage_km,INVALID_MILEAGE,RECOMPUTE_FROM_PREV_PLUS_DAILY,68381.15809672531,68751.07,Cumulative mileage decreased from 68556.7 to 68381.2 km. Recomputed as prev(68556.7) + daily(194.4) = 68751.1.
2026-08-26T21:11:10,VH-036,2024-04-04,cumulative_mileage_km,INVALID_MILEAGE,RECOMPUTE_FROM_PREV_PLUS_DAILY,18485.776542235973,18945.91,Cumulative mileage decreased from 18730.2 to 18485.8 km. Recomputed as prev(18730.2) + daily(215.7) = 18945.9.
2026-08-26T21:11:10,VH-036,2024-06-10,cumulative_mileage_km,INVALID_MILEAGE,RECOMPUTE_FROM_PREV_PLUS_DAILY,30329.093915319205,30713.5,Cumulative mileage decreased from 30494.3 to 30329.1 km. Recomputed as prev(30494.3) + daily(219.2) = 30713.5.
2026-08-26T21:11:10,VH-036,2024-06-12,cumulative_mileage_km,INVALID_MILEAGE,RECOMPUTE_FROM_PREV_PLUS_DAILY,30729.481623224478,31044.93,Cumulative mileage decreased from 30833.5 to 30729.5 km. Recomputed as prev(30833.5) + daily(211.4) = 31044.9.
2026-08-26T21:11:10,VH-036,2024-08-10,cumulative_mileage_km,INVALID_MILEAGE,RECOMPUTE_FROM_PREV_PLUS_DAILY,41488.66197920184,41804.61,Cumulative mileage decreased from 41543.7 to 41488.7 km. Recomputed as prev(41543.7) + daily(260.9) = 41804.6.
2026-08-26T21:11:10,VH-036,2024-08-20,cumulative_mileage_km,INVALID_MILEAGE,RECOMPUTE_FROM_PREV_PLUS_DAILY,43109.50186803492,43507.43,Cumulative mileage decreased from 43288.1 to 43109.5 km. Recomputed as prev(43288.1) + daily(219.3) = 43507.4.
2026-08-26T21:11:10,VH-036,2024-10-28,cumulative_mileage_km,INVALID_MILEAGE,RECOMPUTE_FROM_PREV_PLUS_DAILY,55797.409197334695,56228.73,Cumulative mileage decreased from 56044.9 to 55797.4 km. Recomputed as prev(56044.9) + daily(183.8) = 56228.7.
2026-08-26T21:11:10,VH-037,2024-01-02,cumulative_mileage_km,INVALID_MILEAGE,RECOMPUTE_FROM_PREV_PLUS_DAILY,47792.11291121601,48275.58,Cumulative mileage decreased from 48088.0 to 47792.1 km. Recomputed as prev(48088.0) + daily(187.6) = 48275.6.
2026-08-26T21:11:10,VH-037,2024-01-22,cumulative_mileage_km,INVALID_MILEAGE,RECOMPUTE_FROM_PREV_PLUS_DAILY,51141.650411329465,51619.26,Cumulative mileage decreased from 51430.4 to 51141.7 km. Recomputed as prev(51430.4) + daily(188.8) = 51619.3.
2026-08-26T21:11:10,VH-037,2024-03-26,cumulative_mileage_km,INVALID_MILEAGE,RECOMPUTE_FROM_PREV_PLUS_DAILY,63333.14374955441,63683.32,Cumulative mileage decreased from 63503.7 to 63333.1 km. Recomputed as prev(63503.7) + daily(179.6) = 63683.3.
2026-08-26T21:11:10,VH-037,2024-04-17,cumulative_mileage_km,INVALID_MILEAGE,RECOMPUTE_FROM_PREV_PLUS_DAILY,67048.73172362588,67403.97,Cumulative mileage decreased from 67222.5 to 67048.7 km. Recomputed as prev(67222.5) + daily(181.4) = 67404.0.
2026-08-26T21:11:10,VH-037,2024-07-09,cumulative_mileage_km,INVALID_MILEAGE,RECOMPUTE_FROM_PREV_PLUS_DAILY,81891.48509724124,82124.09,Cumulative mileage decreased from 81976.3 to 81891.5 km. Recomputed as prev(81976.3) + daily(147.8) = 82124.1.
2026-08-26T21:11:10,VH-037,2024-10-26,cumulative_mileage_km,INVALID_MILEAGE,RECOMPUTE_FROM_PREV_PLUS_DAILY,101615.23318831946,101863.52,Cumulative mileage decreased from 101719.5 to 101615.2 km. Recomputed as prev(101719.5) + daily(144.0) = 101863.5.
2026-08-26T21:11:10,VH-038,2024-07-18,cumulative_mileage_km,INVALID_MILEAGE,RECOMPUTE_FROM_PREV_PLUS_DAILY,60144.29111954108,60583.06,Cumulative mileage decreased from 60437.8 to 60144.3 km. Recomputed as prev(60437.8) + daily(145.2) = 60583.1.
2026-08-26T21:11:10,VH-038,2024-10-29,cumulative_mileage_km,INVALID_MILEAGE,RECOMPUTE_FROM_PREV_PLUS_DAILY,78866.54953556183,79110.43,Cumulative mileage decreased from 78995.5 to 78866.5 km. Recomputed as prev(78995.5) + daily(114.9) = 79110.4.
2026-08-26T21:11:10,VH-039,2024-02-22,cumulative_mileage_km,INVALID_MILEAGE,RECOMPUTE_FROM_PREV_PLUS_DAILY,48588.39456518301,48903.4,Cumulative mileage decreased from 48715.3 to 48588.4 km. Recomputed as prev(48715.3) + daily(188.1) = 48903.4.
2026-08-26T21:11:10,VH-039,2024-07-29,cumulative_mileage_km,INVALID_MILEAGE,RECOMPUTE_FROM_PREV_PLUS_DAILY,76702.98013782511,76964.39,Cumulative mileage decreased from 76823.7 to 76703.0 km. Recomputed as prev(76823.7) + daily(140.7) = 76964.4.
2026-08-26T21:11:10,VH-040,2024-01-31,cumulative_mileage_km,INVALID_MILEAGE,RECOMPUTE_FROM_PREV_PLUS_DAILY,5596.987057888262,6030.48,Cumulative mileage decreased from 5957.5 to 5597.0 km. Recomputed as prev(5957.5) + daily(73.0) = 6030.5.
2026-08-26T21:11:10,VH-040,2024-03-08,cumulative_mileage_km,INVALID_MILEAGE,RECOMPUTE_FROM_PREV_PLUS_DAILY,7754.176773253383,8249.25,Cumulative mileage decreased from 8185.2 to 7754.2 km. Recomputed as prev(8185.2) + daily(64.1) = 8249.2.
2026-08-26T21:11:10,VH-040,2024-05-25,cumulative_mileage_km,INVALID_MILEAGE,RECOMPUTE_FROM_PREV_PLUS_DAILY,12554.715732143295,12929.58,Cumulative mileage decreased from 12856.6 to 12554.7 km. Recomputed as prev(12856.6) + daily(73.0) = 12929.6.
2026-08-26T21:11:10,VH-040,2024-07-03,cumulative_mileage_km,INVALID_MILEAGE,RECOMPUTE_FROM_PREV_PLUS_DAILY,15026.938441838627,15372.92,Cumulative mileage decreased from 15340.1 to 15026.9 km. Recomputed as prev(15340.1) + daily(32.8) = 15372.9.
2026-08-26T21:11:10,VH-040,2024-09-01,cumulative_mileage_km,INVALID_MILEAGE,RECOMPUTE_FROM_PREV_PLUS_DAILY,18289.22889340068,18773.99,Cumulative mileage decreased from 18727.2 to 18289.2 km. Recomputed as prev(18727.2) + daily(46.8) = 18774.0.
